GCA_014169115.1_ASM1416911v1,plasmid_novel_c4a613a5d8dcce40ad75212b142f8e6a,AP022070.1,GCA_014169115.1_ASM1416911v1_202109171340_116_length_2514_cov_31.176036,2513,66654,69166
GCA_014169115.1_ASM1416911v1,plasmid_novel_c4a613a5d8dcce40ad75212b142f8e6a,AP022072.1,GCA_014169115.1_ASM1416911v1_202109171340_116_length_2514_cov_31.176036,2511,33934,36444
GCA_014169115.1_ASM1416911v1,plasmid_novel_c4a613a5d8dcce40ad75212b142f8e6a,AP022069.1,GCA_014169115.1_ASM1416911v1_202109171340_133_length_1302_cov_68.568980,1302,1995790,1997091
GCA_014169115.1_ASM1416911v1,plasmid_novel_c4a613a5d8dcce40ad75212b142f8e6a,AP022070.1,GCA_014169115.1_ASM1416911v1_202109171340_133_length_1302_cov_68.568980,1302,101944,103245
GCA_014169115.1_ASM1416911v1,plasmid_AA282,AP022070.1,GCA_014169115.1_ASM1416911v1_202109171340_115_length_2639_cov_198.085090,2639,84269,86907
GCA_014169115.1_ASM1416911v1,plasmid_AA282,AP022069.1,GCA_014169115.1_ASM1416911v1_202109171340_115_length_2639_cov_198.085090,2639,915450,918088
GCA_014169115.1_ASM1416911v1,plasmid_AA282,AP022072.1,GCA_014169115.1_ASM1416911v1_202109171340_115_length_2639_cov_198.085090,2639,611,3249
GCA_014169115.1_ASM1416911v1,plasmid_AA282,AP022069.1,GCA_014169115.1_ASM1416911v1_202109171340_115_length_2639_cov_198.085090,2639,3581526,3584164
GCA_014169115.1_ASM1416911v1,plasmid_AA282,AP022069.1,GCA_014169115.1_ASM1416911v1_202109171340_115_length_2639_cov_198.085090,2639,1331474,1334112
GCA_014169115.1_ASM1416911v1,plasmid_AA282,AP022069.1,GCA_014169115.1_ASM1416911v1_202109171340_115_length_2639_cov_198.085090,2639,4618452,4621090
GCA_014169475.1_ASM1416947v1,plasmid_AA887,AP022177.1,GCA_014169475.1_ASM1416947v1_202109200955_115_length_1904_cov_15.256705,1899,1366677,1368575
GCA_014169475.1_ASM1416947v1,plasmid_AA887,AP022178.1,GCA_014169475.1_ASM1416947v1_202109200955_115_length_1904_cov_15.256705,1904,42086,43989
GCA_014169475.1_ASM1416947v1,plasmid_AA887,AP022178.1,GCA_014169475.1_ASM1416947v1_202109200955_120_length_1586_cov_31.939695,1586,46027,47612
GCA_014169475.1_ASM1416947v1,plasmid_AA887,AP022178.1,GCA_014169475.1_ASM1416947v1_202109200955_120_length_1586_cov_31.939695,1586,1391,2976
GCA_014169475.1_ASM1416947v1,plasmid_novel_8a900f9f58c6cb56e13b65eda5a0448c,AP022177.1,GCA_014169475.1_ASM1416947v1_202109200955_135_length_1023_cov_45.867865,1023,1779484,1780506
GCA_014169475.1_ASM1416947v1,plasmid_novel_8a900f9f58c6cb56e13b65eda5a0448c,AP022179.1,GCA_014169475.1_ASM1416947v1_202109200955_135_length_1023_cov_45.867865,1023,51531,52553
GCA_013795795.1_ASM1379579v1,plasmid_AA173,CP056873.1,GCA_013795795.1_ASM1379579v1_202109200955_74_length_1368_cov_85.645236,1368,1946238,1947605
GCA_013795795.1_ASM1379579v1,plasmid_AA173,CP056874.1,GCA_013795795.1_ASM1379579v1_202109200955_74_length_1368_cov_85.645236,1368,88886,90253
GCA_013795795.1_ASM1379579v1,plasmid_AA336,CP056874.1,GCA_013795795.1_ASM1379579v1_202109200955_55_length_3439_cov_136.610351,3439,58508,61946
GCA_013795795.1_ASM1379579v1,plasmid_AA336,CP056875.1,GCA_013795795.1_ASM1379579v1_202109200955_55_length_3439_cov_136.610351,3439,26138,29576
GCA_013795795.1_ASM1379579v1,plasmid_AA336,CP056875.1,GCA_013795795.1_ASM1379579v1_202109200955_64_length_2354_cov_235.820378,2354,19863,22216
GCA_013795795.1_ASM1379579v1,plasmid_AA336,CP056874.1,GCA_013795795.1_ASM1379579v1_202109200955_64_length_2354_cov_235.820378,2354,68265,70618
GCA_013795795.1_ASM1379579v1,plasmid_AA336,CP056874.1,GCA_013795795.1_ASM1379579v1_202109200955_64_length_2354_cov_235.820378,2354,52514,54867
GCA_013795795.1_ASM1379579v1,plasmid_AA336,CP056874.1,GCA_013795795.1_ASM1379579v1_202109200955_64_length_2354_cov_235.820378,2354,62594,64947
GCA_013795795.1_ASM1379579v1,plasmid_AA336,CP056874.1,GCA_013795795.1_ASM1379579v1_202109200955_73_length_1414_cov_120.654450,1414,70895,72308
GCA_013795795.1_ASM1379579v1,plasmid_AA336,CP056875.1,GCA_013795795.1_ASM1379579v1_202109200955_73_length_1414_cov_120.654450,1414,18173,19586
GCA_013830785.1_ASM1383078v1,plasmid_AA279,CP057400.1,GCA_013830785.1_ASM1383078v1_202109151627_80_length_2041_cov_35.443051,2041,26794,28834
GCA_013830785.1_ASM1383078v1,plasmid_AA279,CP057399.1,GCA_013830785.1_ASM1383078v1_202109151627_80_length_2041_cov_35.443051,2041,29194,31234
GCA_013830785.1_ASM1383078v1,plasmid_AA279,CP057397.1,GCA_013830785.1_ASM1383078v1_202109151627_84_length_1864_cov_29.252159,1864,91213,93076
GCA_013830785.1_ASM1383078v1,plasmid_AA279,CP057400.1,GCA_013830785.1_ASM1383078v1_202109151627_84_length_1864_cov_29.252159,1864,5231,7094
GCA_013830785.1_ASM1383078v1,plasmid_AA279,CP057399.1,GCA_013830785.1_ASM1383078v1_202109151627_89_length_1388_cov_15.023791,1388,58376,59763
GCA_013830785.1_ASM1383078v1,plasmid_AA279,CP057398.1,GCA_013830785.1_ASM1383078v1_202109151627_89_length_1388_cov_15.023791,1388,60471,61858
GCA_013830785.1_ASM1383078v1,plasmid_AA279,CP057399.1,GCA_013830785.1_ASM1383078v1_202109151627_90_length_1384_cov_17.556881,1383,59637,61021
GCA_013830785.1_ASM1383078v1,plasmid_AA279,CP057398.1,GCA_013830785.1_ASM1383078v1_202109151627_90_length_1384_cov_17.556881,1383,59213,60597
GCA_013830785.1_ASM1383078v1,plasmid_AA279,CP057398.1,GCA_013830785.1_ASM1383078v1_202109151627_94_length_1087_cov_30.386458,1087,69416,70502
GCA_013830785.1_ASM1383078v1,plasmid_AA279,CP057399.1,GCA_013830785.1_ASM1383078v1_202109151627_94_length_1087_cov_30.386458,1087,52317,53403
GCA_013830785.1_ASM1383078v1,plasmid_AA279,CP057398.1,GCA_013830785.1_ASM1383078v1_202109151627_95_length_1063_cov_12.348291,1063,57818,58880
GCA_013830785.1_ASM1383078v1,plasmid_AA279,CP057399.1,GCA_013830785.1_ASM1383078v1_202109151627_95_length_1063_cov_12.348291,1063,61354,62416
GCA_013830785.1_ASM1383078v1,plasmid_AA474,CP057400.1,GCA_013830785.1_ASM1383078v1_202109151627_82_length_1964_cov_33.969516,1964,19046,21009
GCA_013830785.1_ASM1383078v1,plasmid_AA474,CP057398.1,GCA_013830785.1_ASM1383078v1_202109151627_82_length_1964_cov_33.969516,1964,91775,93738
GCA_013830785.1_ASM1383078v1,plasmid_AD690,CP057397.1,GCA_013830785.1_ASM1383078v1_202109151627_98_length_1030_cov_54.070875,1030,218755,219784
GCA_013830785.1_ASM1383078v1,plasmid_AD690,CP057396.1,GCA_013830785.1_ASM1383078v1_202109151627_98_length_1030_cov_54.070875,1030,4475962,4476991
GCA_013830785.1_ASM1383078v1,plasmid_AD690,CP057397.1,GCA_013830785.1_ASM1383078v1_202109151627_98_length_1030_cov_54.070875,1030,199047,200076
GCA_013830785.1_ASM1383078v1,plasmid_AD690,CP057397.1,GCA_013830785.1_ASM1383078v1_202109151627_98_length_1030_cov_54.070875,1030,151889,152918
GCA_013830785.1_ASM1383078v1,plasmid_AA176,CP057396.1,GCA_013830785.1_ASM1383078v1_202109151627_86_length_1770_cov_260.361534,1770,3356786,3358555
GCA_013830785.1_ASM1383078v1,plasmid_AA176,CP057400.1,GCA_013830785.1_ASM1383078v1_202109151627_86_length_1770_cov_260.361534,1770,47767,49536
GCA_013830785.1_ASM1383078v1,plasmid_AA176,CP057396.1,GCA_013830785.1_ASM1383078v1_202109151627_86_length_1770_cov_260.361534,1770,2026723,2028492
GCA_013830785.1_ASM1383078v1,plasmid_AA176,CP057396.1,GCA_013830785.1_ASM1383078v1_202109151627_86_length_1770_cov_260.361534,1770,2900019,2901788
GCA_013830785.1_ASM1383078v1,plasmid_AA176,CP057398.1,GCA_013830785.1_ASM1383078v1_202109151627_86_length_1770_cov_260.361534,1770,54106,55875
GCA_013830785.1_ASM1383078v1,plasmid_AA176,CP057396.1,GCA_013830785.1_ASM1383078v1_202109151627_86_length_1770_cov_260.361534,1770,1444655,1446424
GCA_013830785.1_ASM1383078v1,plasmid_AA176,CP057396.1,GCA_013830785.1_ASM1383078v1_202109151627_86_length_1770_cov_260.361534,1770,4375221,4376990
GCA_013830785.1_ASM1383078v1,plasmid_AA176,CP057397.1,GCA_013830785.1_ASM1383078v1_202109151627_86_length_1770_cov_260.361534,1770,201112,202881
GCA_013830785.1_ASM1383078v1,plasmid_AA176,CP057396.1,GCA_013830785.1_ASM1383078v1_202109151627_86_length_1770_cov_260.361534,1770,2784151,2785920
GCA_013830785.1_ASM1383078v1,plasmid_AA176,CP057397.1,GCA_013830785.1_ASM1383078v1_202109151627_86_length_1770_cov_260.361534,1770,115025,116794
GCA_013830785.1_ASM1383078v1,plasmid_AA176,CP057398.1,GCA_013830785.1_ASM1383078v1_202109151627_86_length_1770_cov_260.361534,1770,110271,112040
GCA_013830785.1_ASM1383078v1,plasmid_AA176,CP057396.1,GCA_013830785.1_ASM1383078v1_202109151627_86_length_1770_cov_260.361534,1770,1018970,1020739
GCA_013830785.1_ASM1383078v1,plasmid_AA176,CP057396.1,GCA_013830785.1_ASM1383078v1_202109151627_86_length_1770_cov_260.361534,1770,3888781,3890550
GCA_013830785.1_ASM1383078v1,plasmid_AA176,CP057396.1,GCA_013830785.1_ASM1383078v1_202109151627_86_length_1770_cov_260.361534,1770,1875652,1877421
GCA_013830785.1_ASM1383078v1,plasmid_AA176,CP057397.1,GCA_013830785.1_ASM1383078v1_202109151627_91_length_1342_cov_184.413992,1342,208160,209501
GCA_013830785.1_ASM1383078v1,plasmid_AA176,CP057396.1,GCA_013830785.1_ASM1383078v1_202109151627_91_length_1342_cov_184.413992,1342,2198089,2199430
GCA_013830785.1_ASM1383078v1,plasmid_AA176,CP057397.1,GCA_013830785.1_ASM1383078v1_202109151627_91_length_1342_cov_184.413992,1342,2411,3752
GCA_013830785.1_ASM1383078v1,plasmid_AA176,CP057398.1,GCA_013830785.1_ASM1383078v1_202109151627_91_length_1342_cov_184.413992,1342,137065,138406
GCA_013830785.1_ASM1383078v1,plasmid_AA176,CP057396.1,GCA_013830785.1_ASM1383078v1_202109151627_91_length_1342_cov_184.413992,1342,3559580,3560921
GCA_013830785.1_ASM1383078v1,plasmid_AA176,CP057400.1,GCA_013830785.1_ASM1383078v1_202109151627_91_length_1342_cov_184.413992,1342,37811,39152
GCA_013830785.1_ASM1383078v1,plasmid_AA176,CP057396.1,GCA_013830785.1_ASM1383078v1_202109151627_91_length_1342_cov_184.413992,1342,3561431,3562772
GCA_013830785.1_ASM1383078v1,plasmid_AA176,CP057396.1,GCA_013830785.1_ASM1383078v1_202109151627_91_length_1342_cov_184.413992,1342,3563285,3564626
GCA_013830785.1_ASM1383078v1,plasmid_AA176,CP057396.1,GCA_013830785.1_ASM1383078v1_202109151627_91_length_1342_cov_184.413992,1342,4346365,4347706
GCA_013830785.1_ASM1383078v1,plasmid_AA176,CP057396.1,GCA_013830785.1_ASM1383078v1_202109151627_91_length_1342_cov_184.413992,1342,1391897,1393238
GCA_013830785.1_ASM1383078v1,plasmid_AA176,CP057396.1,GCA_013830785.1_ASM1383078v1_202109151627_91_length_1342_cov_184.413992,1342,1056944,1058285
GCA_013789905.1_ASM1378990v1,plasmid_AA324,CP056786.1,GCA_013789905.1_ASM1378990v1_202109200955_101_length_1316_cov_86.071025,1316,66804,68119
GCA_013789905.1_ASM1378990v1,plasmid_AA324,CP056787.1,GCA_013789905.1_ASM1378990v1_202109200955_101_length_1316_cov_86.071025,1316,2042,3357
GCA_013789905.1_ASM1378990v1,plasmid_AA324,CP056786.1,GCA_013789905.1_ASM1378990v1_202109200955_101_length_1316_cov_86.071025,1316,2827641,2828956
GCA_013789905.1_ASM1378990v1,plasmid_AA324,CP056786.1,GCA_013789905.1_ASM1378990v1_202109200955_103_length_1059_cov_52.398167,1059,3225805,3226863
GCA_013789905.1_ASM1378990v1,plasmid_AA324,CP056786.1,GCA_013789905.1_ASM1378990v1_202109200955_103_length_1059_cov_52.398167,1059,3357833,3358891
GCA_013742835.1_ASM1374283v1,plasmid_AA816,CP056625.1,GCA_013742835.1_ASM1374283v1_202109200955_164_length_1391_cov_74.146361,1391,1479750,1481140
GCA_013742835.1_ASM1374283v1,plasmid_AA816,CP056626.1,GCA_013742835.1_ASM1374283v1_202109200955_164_length_1391_cov_74.146361,1391,69436,70826
GCA_013742835.1_ASM1374283v1,plasmid_AA816,CP056625.1,GCA_013742835.1_ASM1374283v1_202109200955_164_length_1391_cov_74.146361,1391,3824255,3825645
GCA_013742835.1_ASM1374283v1,plasmid_AA816,CP056625.1,GCA_013742835.1_ASM1374283v1_202109200955_164_length_1391_cov_74.146361,1391,674759,676149
GCA_013742835.1_ASM1374283v1,plasmid_AA816,CP056626.1,GCA_013742835.1_ASM1374283v1_202109200955_164_length_1391_cov_74.146361,1391,56362,57752
GCA_013742835.1_ASM1374283v1,plasmid_AA816,CP056625.1,GCA_013742835.1_ASM1374283v1_202109200955_164_length_1391_cov_74.146361,1391,1166718,1168108
GCA_013742835.1_ASM1374283v1,plasmid_AA816,CP056625.1,GCA_013742835.1_ASM1374283v1_202109200955_165_length_1376_cov_50.201761,1376,1807557,1808932
GCA_013742835.1_ASM1374283v1,plasmid_AA816,CP056625.1,GCA_013742835.1_ASM1374283v1_202109200955_165_length_1376_cov_50.201761,1376,2527719,2529094
GCA_013742835.1_ASM1374283v1,plasmid_AA816,CP056625.1,GCA_013742835.1_ASM1374283v1_202109200955_165_length_1376_cov_50.201761,1376,2387833,2389208
GCA_013742835.1_ASM1374283v1,plasmid_AA816,CP056625.1,GCA_013742835.1_ASM1374283v1_202109200955_165_length_1376_cov_50.201761,1374,3865131,3866504
GCA_013742835.1_ASM1374283v1,plasmid_AA816,CP056625.1,GCA_013742835.1_ASM1374283v1_202109200955_170_length_1331_cov_51.555648,1331,2599246,2600576
GCA_013742835.1_ASM1374283v1,plasmid_AA816,CP056625.1,GCA_013742835.1_ASM1374283v1_202109200955_170_length_1331_cov_51.555648,1331,743871,745201
GCA_013742835.1_ASM1374283v1,plasmid_AA816,CP056625.1,GCA_013742835.1_ASM1374283v1_202109200955_170_length_1331_cov_51.555648,1331,4370428,4371758
GCA_013742835.1_ASM1374283v1,plasmid_AA816,CP056625.1,GCA_013742835.1_ASM1374283v1_202109200955_170_length_1331_cov_51.555648,1331,2884750,2886080
GCA_013742835.1_ASM1374283v1,plasmid_AA816,CP056625.1,GCA_013742835.1_ASM1374283v1_202109200955_171_length_1328_cov_54.118235,1328,2540742,2542069
GCA_013742835.1_ASM1374283v1,plasmid_AA816,CP056627.1,GCA_013742835.1_ASM1374283v1_202109200955_171_length_1328_cov_54.118235,1328,16015,17342
GCA_013742835.1_ASM1374283v1,plasmid_AA816,CP056625.1,GCA_013742835.1_ASM1374283v1_202109200955_171_length_1328_cov_54.118235,1328,1688583,1689910
GCA_013742835.1_ASM1374283v1,plasmid_AA816,CP056626.1,GCA_013742835.1_ASM1374283v1_202109200955_171_length_1328_cov_54.118235,1328,85798,87125
GCA_013742835.1_ASM1374283v1,plasmid_AA816,CP056627.1,GCA_013742835.1_ASM1374283v1_202109200955_171_length_1328_cov_54.118235,1328,120267,121594
GCA_013742835.1_ASM1374283v1,plasmid_AA816,CP056625.1,GCA_013742835.1_ASM1374283v1_202109200955_179_length_1133_cov_25.537773,1133,4239371,4240503
GCA_013742835.1_ASM1374283v1,plasmid_AA816,CP056625.1,GCA_013742835.1_ASM1374283v1_202109200955_179_length_1133_cov_25.537773,1133,1447474,1448606
GCA_013729295.1_ASM1372929v1,plasmid_novel_c1a05597dae080bf20c431c87153e4d2,CP056278.1,GCA_013729295.1_ASM1372929v1_202109200955_79_length_1070_cov_41.652174,1070,645459,646528
GCA_013729295.1_ASM1372929v1,plasmid_novel_c1a05597dae080bf20c431c87153e4d2,CP056278.1,GCA_013729295.1_ASM1372929v1_202109200955_79_length_1070_cov_41.652174,1070,4094330,4095399
GCA_014131475.1_ASM1413147v1,plasmid_AE638,CP048606.1,GCA_014131475.1_ASM1413147v1_202109200955_100_length_1184_cov_91.852755,1184,3171831,3173014
GCA_014131475.1_ASM1413147v1,plasmid_AE638,CP048606.1,GCA_014131475.1_ASM1413147v1_202109200955_100_length_1184_cov_91.852755,1184,4094077,4095260
GCA_014131475.1_ASM1413147v1,plasmid_AE638,CP048606.1,GCA_014131475.1_ASM1413147v1_202109200955_100_length_1184_cov_91.852755,1184,2284362,2285545
GCA_014131475.1_ASM1413147v1,plasmid_AE638,CP048606.1,GCA_014131475.1_ASM1413147v1_202109200955_100_length_1184_cov_91.852755,1184,4538968,4540151
GCA_013821185.1_ASM1382118v1,plasmid_AA747,CP057250.1,GCA_013821185.1_ASM1382118v1_202109200955_49_length_1331_cov_365.404306,1331,3842132,3843462
GCA_013821185.1_ASM1382118v1,plasmid_AA747,CP057250.1,GCA_013821185.1_ASM1382118v1_202109200955_49_length_1331_cov_365.404306,1331,515690,517020
GCA_013821185.1_ASM1382118v1,plasmid_AA747,CP057250.1,GCA_013821185.1_ASM1382118v1_202109200955_49_length_1331_cov_365.404306,1331,231065,232395
GCA_013821185.1_ASM1382118v1,plasmid_AA747,CP057250.1,GCA_013821185.1_ASM1382118v1_202109200955_49_length_1331_cov_365.404306,1331,2433094,2434424
GCA_013821185.1_ASM1382118v1,plasmid_AA747,CP057250.1,GCA_013821185.1_ASM1382118v1_202109200955_49_length_1331_cov_365.404306,1331,1741548,1742878
GCA_013821185.1_ASM1382118v1,plasmid_AA747,CP057250.1,GCA_013821185.1_ASM1382118v1_202109200955_49_length_1331_cov_365.404306,1331,1882049,1883379
GCA_013783905.1_ASM1378390v1,plasmid_AA297,CP056371.1,GCA_013783905.1_ASM1378390v1_202109200955_36_length_2628_cov_14.455018,2628,22629,25256
GCA_013783905.1_ASM1378390v1,plasmid_AA297,CP056371.1,GCA_013783905.1_ASM1378390v1_202109200955_36_length_2628_cov_14.455018,2628,6435,9062
GCA_014109025.1_ASM1410902v1,plasmid_AB718,CP058053.1,GCA_014109025.1_ASM1410902v1_202109200955_99_length_1551_cov_313.196065,1551,22062,23612
GCA_014109025.1_ASM1410902v1,plasmid_AB718,CP058053.1,GCA_014109025.1_ASM1410902v1_202109200955_99_length_1551_cov_313.196065,1551,16574,18124
GCA_014109025.1_ASM1410902v1,plasmid_AB718,CP058054.1,GCA_014109025.1_ASM1410902v1_202109200955_99_length_1551_cov_313.196065,1551,29180,30730
GCA_013750815.1_ASM1375081v1,plasmid_AA337,CP056571.1,GCA_013750815.1_ASM1375081v1_202109200955_50_length_6978_cov_45.030652,6978,48253,55230
GCA_013750815.1_ASM1375081v1,plasmid_AA337,CP056570.1,GCA_013750815.1_ASM1375081v1_202109200955_50_length_6978_cov_45.030652,6978,67894,74871
GCA_013750815.1_ASM1375081v1,plasmid_AA337,CP056570.1,GCA_013750815.1_ASM1375081v1_202109200955_66_length_2518_cov_40.320368,2515,61374,63888
GCA_013750815.1_ASM1375081v1,plasmid_AA337,CP056571.1,GCA_013750815.1_ASM1375081v1_202109200955_66_length_2518_cov_40.320368,2515,59236,61750
GCA_013750815.1_ASM1375081v1,plasmid_AA337,CP056570.1,GCA_013750815.1_ASM1375081v1_202109200955_69_length_2260_cov_56.065635,2260,27535,29794
GCA_013750815.1_ASM1375081v1,plasmid_AA337,CP056569.1,GCA_013750815.1_ASM1375081v1_202109200955_69_length_2260_cov_56.065635,2260,1870063,1872322
GCA_013750815.1_ASM1375081v1,plasmid_AA337,CP056569.1,GCA_013750815.1_ASM1375081v1_202109200955_69_length_2260_cov_56.065635,2260,2634059,2636318
GCA_013750815.1_ASM1375081v1,plasmid_AA337,CP056569.1,GCA_013750815.1_ASM1375081v1_202109200955_69_length_2260_cov_56.065635,2260,3997752,4000011
GCA_013750815.1_ASM1375081v1,plasmid_AA337,CP056569.1,GCA_013750815.1_ASM1375081v1_202109200955_70_length_2131_cov_77.033932,2131,4025388,4027518
GCA_013750815.1_ASM1375081v1,plasmid_AA337,CP056570.1,GCA_013750815.1_ASM1375081v1_202109200955_70_length_2131_cov_77.033932,2131,98975,101105
GCA_013750815.1_ASM1375081v1,plasmid_AA337,CP056569.1,GCA_013750815.1_ASM1375081v1_202109200955_70_length_2131_cov_77.033932,2131,540349,542479
GCA_013750815.1_ASM1375081v1,plasmid_AA337,CP056571.1,GCA_013750815.1_ASM1375081v1_202109200955_70_length_2131_cov_77.033932,2131,10500,12630
GCA_013750815.1_ASM1375081v1,plasmid_AA337,CP056570.1,GCA_013750815.1_ASM1375081v1_202109200955_83_length_1329_cov_31.540765,1329,29895,31223
GCA_013750815.1_ASM1375081v1,plasmid_AA337,CP056570.1,GCA_013750815.1_ASM1375081v1_202109200955_83_length_1329_cov_31.540765,1329,15001,16329
GCA_013750815.1_ASM1375081v1,plasmid_AA337,CP056571.1,GCA_013750815.1_ASM1375081v1_202109200955_87_length_1168_cov_50.766571,1168,63849,65016
GCA_013750815.1_ASM1375081v1,plasmid_AA337,CP056570.1,GCA_013750815.1_ASM1375081v1_202109200955_87_length_1168_cov_50.766571,1168,58081,59248
GCA_013821835.1_ASM1382183v1,plasmid_novel_45ac7c257b987aa569f7f3241d5809ba,CP057259.1,GCA_013821835.1_ASM1382183v1_202109200955_71_length_1331_cov_381.010367,1331,4576220,4577550
GCA_013821835.1_ASM1382183v1,plasmid_novel_45ac7c257b987aa569f7f3241d5809ba,CP057259.1,GCA_013821835.1_ASM1382183v1_202109200955_71_length_1331_cov_381.010367,1331,4216150,4217480
GCA_013821835.1_ASM1382183v1,plasmid_novel_45ac7c257b987aa569f7f3241d5809ba,CP057259.1,GCA_013821835.1_ASM1382183v1_202109200955_71_length_1331_cov_381.010367,1331,2430600,2431930
GCA_013821835.1_ASM1382183v1,plasmid_novel_45ac7c257b987aa569f7f3241d5809ba,CP057259.1,GCA_013821835.1_ASM1382183v1_202109200955_71_length_1331_cov_381.010367,1331,586985,588315
GCA_013821835.1_ASM1382183v1,plasmid_novel_45ac7c257b987aa569f7f3241d5809ba,CP057259.1,GCA_013821835.1_ASM1382183v1_202109200955_71_length_1331_cov_381.010367,1331,1819120,1820450
GCA_014168855.1_ASM1416885v1,plasmid_AA297,AP022003.1,GCA_014168855.1_ASM1416885v1_202109200955_87_length_1340_cov_46.834295,1340,4400140,4401479
GCA_014168855.1_ASM1416885v1,plasmid_AA297,AP022003.1,GCA_014168855.1_ASM1416885v1_202109200955_87_length_1340_cov_46.834295,1340,1551951,1553290
GCA_013891215.1_ASM1389121v1,plasmid_AC082,CP057638.1,GCA_013891215.1_ASM1389121v1_202109200955_63_length_2616_cov_76.375251,2616,2658495,2661110
GCA_013891215.1_ASM1389121v1,plasmid_AC082,CP057639.1,GCA_013891215.1_ASM1389121v1_202109200955_63_length_2616_cov_76.375251,2616,23852,26467
GCA_013891215.1_ASM1389121v1,plasmid_AC082,CP057639.1,GCA_013891215.1_ASM1389121v1_202109200955_74_length_1299_cov_126.696246,1299,2309,3607
GCA_013891215.1_ASM1389121v1,plasmid_AC082,CP057638.1,GCA_013891215.1_ASM1389121v1_202109200955_74_length_1299_cov_126.696246,1299,1812596,1813894
GCA_013891215.1_ASM1389121v1,plasmid_AC082,CP057638.1,GCA_013891215.1_ASM1389121v1_202109200955_74_length_1299_cov_126.696246,1299,2413197,2414495
GCA_013891215.1_ASM1389121v1,plasmid_AC082,CP057638.1,GCA_013891215.1_ASM1389121v1_202109200955_74_length_1299_cov_126.696246,1299,4002922,4004220
GCA_013891215.1_ASM1389121v1,plasmid_AC082,CP057639.1,GCA_013891215.1_ASM1389121v1_202109200955_78_length_1050_cov_81.015168,1050,31405,32454
GCA_013891215.1_ASM1389121v1,plasmid_AC082,CP057638.1,GCA_013891215.1_ASM1389121v1_202109200955_78_length_1050_cov_81.015168,1050,2675519,2676568
GCA_013832285.1_ASM1383228v1,plasmid_AA319,CP057424.1,GCA_013832285.1_ASM1383228v1_202109200955_44_length_1712_cov_248.808833,1712,108518,110229
GCA_013832285.1_ASM1383228v1,plasmid_AA319,CP057424.1,GCA_013832285.1_ASM1383228v1_202109200955_44_length_1712_cov_248.808833,1712,11793,13504
GCA_013832285.1_ASM1383228v1,plasmid_AA319,CP057424.1,GCA_013832285.1_ASM1383228v1_202109200955_44_length_1712_cov_248.808833,1712,81489,83200
GCA_013832285.1_ASM1383228v1,plasmid_AA319,CP057424.1,GCA_013832285.1_ASM1383228v1_202109200955_44_length_1712_cov_248.808833,1712,70448,72159
GCA_013832285.1_ASM1383228v1,plasmid_AA319,CP057423.1,GCA_013832285.1_ASM1383228v1_202109200955_46_length_1340_cov_210.998351,1340,4188936,4190275
GCA_013832285.1_ASM1383228v1,plasmid_AA319,CP057423.1,GCA_013832285.1_ASM1383228v1_202109200955_46_length_1340_cov_210.998351,1340,3047285,3048624
GCA_013832285.1_ASM1383228v1,plasmid_AA319,CP057423.1,GCA_013832285.1_ASM1383228v1_202109200955_46_length_1340_cov_210.998351,1340,1438600,1439939
GCA_013832285.1_ASM1383228v1,plasmid_AA319,CP057423.1,GCA_013832285.1_ASM1383228v1_202109200955_46_length_1340_cov_210.998351,1340,2348354,2349693
GCA_013832285.1_ASM1383228v1,plasmid_AA319,CP057424.1,GCA_013832285.1_ASM1383228v1_202109200955_46_length_1340_cov_210.998351,1340,107002,108341
GCA_013832285.1_ASM1383228v1,plasmid_AA319,CP057423.1,GCA_013832285.1_ASM1383228v1_202109200955_46_length_1340_cov_210.998351,1340,3553032,3554371
GCA_013832285.1_ASM1383228v1,plasmid_AA319,CP057423.1,GCA_013832285.1_ASM1383228v1_202109200955_46_length_1340_cov_210.998351,1340,2488614,2489953
GCA_013832285.1_ASM1383228v1,plasmid_AA319,CP057423.1,GCA_013832285.1_ASM1383228v1_202109200955_46_length_1340_cov_210.998351,1340,1089103,1090442
GCA_013795285.1_ASM1379528v1,plasmid_AA179,CP056867.1,GCA_013795285.1_ASM1379528v1_202109200955_41_length_3106_cov_17.966767,3106,3131736,3134841
GCA_013795285.1_ASM1379528v1,plasmid_AA179,CP056868.1,GCA_013795285.1_ASM1379528v1_202109200955_41_length_3106_cov_17.966767,3106,30275,33380
GCA_013798625.1_ASM1379862v1,plasmid_AA176,CP056915.1,GCA_013798625.1_ASM1379862v1_202109200955_33_length_1041_cov_91.186722,1041,56735,57775
GCA_013798625.1_ASM1379862v1,plasmid_AA176,CP056915.1,GCA_013798625.1_ASM1379862v1_202109200955_33_length_1041_cov_91.186722,1041,51247,52287
GCA_013890395.1_ASM1389039v1,plasmid_AA304,CP057621.1,GCA_013890395.1_ASM1389039v1_202109200955_64_length_1331_cov_265.619617,1331,4057034,4058364
GCA_013890395.1_ASM1389039v1,plasmid_AA304,CP057621.1,GCA_013890395.1_ASM1389039v1_202109200955_64_length_1331_cov_265.619617,1331,4533711,4535041
GCA_013890395.1_ASM1389039v1,plasmid_AA304,CP057622.1,GCA_013890395.1_ASM1389039v1_202109200955_64_length_1331_cov_265.619617,1331,18638,19968
GCA_013890395.1_ASM1389039v1,plasmid_AA304,CP057621.1,GCA_013890395.1_ASM1389039v1_202109200955_64_length_1331_cov_265.619617,1331,152741,154071
GCA_013890395.1_ASM1389039v1,plasmid_AA304,CP057622.1,GCA_013890395.1_ASM1389039v1_202109200955_64_length_1331_cov_265.619617,1331,5503,6833
GCA_013795065.1_ASM1379506v1,plasmid_AA038,CP056865.1,GCA_013795065.1_ASM1379506v1_202109200955_60_length_1140_cov_101.677328,1140,1922783,1923922
GCA_013795065.1_ASM1379506v1,plasmid_AA038,CP056865.1,GCA_013795065.1_ASM1379506v1_202109200955_60_length_1140_cov_101.677328,1140,3828764,3829903
GCA_013795065.1_ASM1379506v1,plasmid_AA038,CP056865.1,GCA_013795065.1_ASM1379506v1_202109200955_60_length_1140_cov_101.677328,1140,1173046,1174185
GCA_013899145.1_ASM1389914v1,plasmid_AA474,CP057844.1,GCA_013899145.1_ASM1389914v1_202109200955_81_length_1035_cov_65.762004,1035,64390,65424
GCA_013899145.1_ASM1389914v1,plasmid_AA474,CP057843.1,GCA_013899145.1_ASM1389914v1_202109200955_81_length_1035_cov_65.762004,1035,2437596,2438630
GCA_013899145.1_ASM1389914v1,plasmid_AA378,CP057843.1,GCA_013899145.1_ASM1389914v1_202109200955_79_length_1341_cov_307.239715,1341,4796370,4797710
GCA_013899145.1_ASM1389914v1,plasmid_AA378,CP057843.1,GCA_013899145.1_ASM1389914v1_202109200955_79_length_1341_cov_307.239715,1341,1466780,1468120
GCA_013899145.1_ASM1389914v1,plasmid_AA378,CP057843.1,GCA_013899145.1_ASM1389914v1_202109200955_79_length_1341_cov_307.239715,1341,1695822,1697162
GCA_013899145.1_ASM1389914v1,plasmid_AA378,CP057843.1,GCA_013899145.1_ASM1389914v1_202109200955_79_length_1341_cov_307.239715,1341,2298413,2299753
GCA_013899145.1_ASM1389914v1,plasmid_AA378,CP057843.1,GCA_013899145.1_ASM1389914v1_202109200955_79_length_1341_cov_307.239715,1341,308539,309879
GCA_013899145.1_ASM1389914v1,plasmid_AA378,CP057843.1,GCA_013899145.1_ASM1389914v1_202109200955_79_length_1341_cov_307.239715,1341,4185192,4186532
GCA_013899145.1_ASM1389914v1,plasmid_AA378,CP057844.1,GCA_013899145.1_ASM1389914v1_202109200955_79_length_1341_cov_307.239715,1341,34533,35873
GCA_013899145.1_ASM1389914v1,plasmid_AA378,CP057845.1,GCA_013899145.1_ASM1389914v1_202109200955_79_length_1341_cov_307.239715,1341,9282,10622
GCA_013899145.1_ASM1389914v1,plasmid_AA378,CP057843.1,GCA_013899145.1_ASM1389914v1_202109200955_79_length_1341_cov_307.239715,1341,4531161,4532501
GCA_013592195.1_ASM1359219v1,plasmid_novel_5381d635721a8c6cb9ec4cb21af70360,CP055625.1,GCA_013592195.1_ASM1359219v1_202109151627_83_length_2442_cov_105.193521,2442,112470,114911
GCA_013592195.1_ASM1359219v1,plasmid_novel_5381d635721a8c6cb9ec4cb21af70360,CP055625.1,GCA_013592195.1_ASM1359219v1_202109151627_83_length_2442_cov_105.193521,2442,2363,4804
GCA_013592195.1_ASM1359219v1,plasmid_novel_5381d635721a8c6cb9ec4cb21af70360,CP055625.1,GCA_013592195.1_ASM1359219v1_202109151627_83_length_2442_cov_105.193521,2442,49560,52001
GCA_013592195.1_ASM1359219v1,plasmid_novel_5381d635721a8c6cb9ec4cb21af70360,CP055627.1,GCA_013592195.1_ASM1359219v1_202109151627_98_length_1200_cov_172.516309,1200,39608,40807
GCA_013592195.1_ASM1359219v1,plasmid_novel_5381d635721a8c6cb9ec4cb21af70360,CP055625.1,GCA_013592195.1_ASM1359219v1_202109151627_98_length_1200_cov_172.516309,1200,116756,117955
GCA_013592195.1_ASM1359219v1,plasmid_novel_5381d635721a8c6cb9ec4cb21af70360,CP055627.1,GCA_013592195.1_ASM1359219v1_202109151627_98_length_1200_cov_172.516309,1200,9574,10773
GCA_013592195.1_ASM1359219v1,plasmid_novel_5381d635721a8c6cb9ec4cb21af70360,CP055627.1,GCA_013592195.1_ASM1359219v1_202109151627_98_length_1200_cov_172.516309,1200,7746,8945
GCA_013592195.1_ASM1359219v1,plasmid_AC621,CP055625.1,GCA_013592195.1_ASM1359219v1_202109151627_97_length_1331_cov_50.830565,1331,26086,27416
GCA_013592195.1_ASM1359219v1,plasmid_AC621,CP055624.1,GCA_013592195.1_ASM1359219v1_202109151627_97_length_1331_cov_50.830565,1331,2561804,2563134
GCA_013895455.1_ASM1389545v1,plasmid_AA998,CP057714.1,GCA_013895455.1_ASM1389545v1_202109200955_52_length_1084_cov_78.163853,1084,121388,122471
GCA_013895455.1_ASM1389545v1,plasmid_AA998,CP057714.1,GCA_013895455.1_ASM1389545v1_202109200955_52_length_1084_cov_78.163853,1084,125899,126982
GCA_014169395.1_ASM1416939v1,plasmid_AA474,AP022159.1,GCA_014169395.1_ASM1416939v1_202109200955_73_length_1340_cov_47.526793,1340,1495949,1497288
GCA_014169395.1_ASM1416939v1,plasmid_AA474,AP022159.1,GCA_014169395.1_ASM1416939v1_202109200955_73_length_1340_cov_47.526793,1340,4317932,4319271
GCA_013822325.1_ASM1382232v1,plasmid_AA998,CP057271.1,GCA_013822325.1_ASM1382232v1_202109200955_92_length_1084_cov_118.365442,1084,121382,122465
GCA_013822325.1_ASM1382232v1,plasmid_AA998,CP057271.1,GCA_013822325.1_ASM1382232v1_202109200955_92_length_1084_cov_118.365442,1084,125893,126976
GCA_013752075.1_ASM1375207v1,plasmid_AA474,CP056606.1,GCA_013752075.1_ASM1375207v1_202109200955_77_length_1086_cov_36.862357,1086,46205,47290
GCA_013752075.1_ASM1375207v1,plasmid_AA474,CP056607.1,GCA_013752075.1_ASM1375207v1_202109200955_77_length_1086_cov_36.862357,1086,22413,23498
GCA_013752075.1_ASM1375207v1,plasmid_AA474,CP056607.1,GCA_013752075.1_ASM1375207v1_202109200955_78_length_1067_cov_41.453191,1067,13261,14327
GCA_013752075.1_ASM1375207v1,plasmid_AA474,CP056606.1,GCA_013752075.1_ASM1375207v1_202109200955_78_length_1067_cov_41.453191,1067,37049,38115
GCA_012849755.1_ASM1284975v1,plasmid_AA346,CP051631.1,GCA_012849755.1_ASM1284975v1_202109200955_133_length_1581_cov_72.361761,1581,5007630,5009210
GCA_012849755.1_ASM1284975v1,plasmid_AA346,CP051632.1,GCA_012849755.1_ASM1284975v1_202109200955_133_length_1581_cov_72.361761,1581,52318,53898
GCA_012849755.1_ASM1284975v1,plasmid_AA346,CP051631.1,GCA_012849755.1_ASM1284975v1_202109200955_133_length_1581_cov_72.361761,1581,2204049,2205629
GCA_012849755.1_ASM1284975v1,plasmid_AA346,CP051631.1,GCA_012849755.1_ASM1284975v1_202109200955_133_length_1581_cov_72.361761,1581,5317553,5319133
GCA_012849755.1_ASM1284975v1,plasmid_AA346,CP051631.1,GCA_012849755.1_ASM1284975v1_202109200955_133_length_1581_cov_72.361761,1581,3677105,3678685
GCA_012849755.1_ASM1284975v1,plasmid_AA346,CP051631.1,GCA_012849755.1_ASM1284975v1_202109200955_133_length_1581_cov_72.361761,1581,939862,941442
GCA_012849755.1_ASM1284975v1,plasmid_AA346,CP051631.1,GCA_012849755.1_ASM1284975v1_202109200955_133_length_1581_cov_72.361761,1581,3442749,3444329
GCA_012849755.1_ASM1284975v1,plasmid_AA346,CP051631.1,GCA_012849755.1_ASM1284975v1_202109200955_133_length_1581_cov_72.361761,1581,2759578,2761158
GCA_012849755.1_ASM1284975v1,plasmid_AA346,CP051631.1,GCA_012849755.1_ASM1284975v1_202109200955_133_length_1581_cov_72.361761,1581,3482123,3483703
GCA_012849755.1_ASM1284975v1,plasmid_AA346,CP051631.1,GCA_012849755.1_ASM1284975v1_202109200955_133_length_1581_cov_72.361761,1581,3667169,3668749
GCA_012849755.1_ASM1284975v1,plasmid_AA346,CP051631.1,GCA_012849755.1_ASM1284975v1_202109200955_133_length_1581_cov_72.361761,1581,526807,528387
GCA_012849755.1_ASM1284975v1,plasmid_AA346,CP051631.1,GCA_012849755.1_ASM1284975v1_202109200955_133_length_1581_cov_72.361761,1581,607901,609481
GCA_012849755.1_ASM1284975v1,plasmid_AA346,CP051632.1,GCA_012849755.1_ASM1284975v1_202109200955_133_length_1581_cov_72.361761,1578,58705,60288
GCA_012849755.1_ASM1284975v1,plasmid_AA346,CP051631.1,GCA_012849755.1_ASM1284975v1_202109200955_140_length_1310_cov_50.426036,1310,4352948,4354257
GCA_012849755.1_ASM1284975v1,plasmid_AA346,CP051631.1,GCA_012849755.1_ASM1284975v1_202109200955_140_length_1310_cov_50.426036,1310,2378874,2380183
GCA_012849755.1_ASM1284975v1,plasmid_AA346,CP051631.1,GCA_012849755.1_ASM1284975v1_202109200955_140_length_1310_cov_50.426036,1310,3905134,3906443
GCA_012849755.1_ASM1284975v1,plasmid_AA346,CP051631.1,GCA_012849755.1_ASM1284975v1_202109200955_140_length_1310_cov_50.426036,1310,5323952,5325261
GCA_012849755.1_ASM1284975v1,plasmid_AA346,CP051632.1,GCA_012849755.1_ASM1284975v1_202109200955_140_length_1310_cov_50.426036,1310,16716,18025
GCA_012849755.1_ASM1284975v1,plasmid_AA346,CP051631.1,GCA_012849755.1_ASM1284975v1_202109200955_140_length_1310_cov_50.426036,1310,60675,61984
GCA_012849755.1_ASM1284975v1,plasmid_AA346,CP051631.1,GCA_012849755.1_ASM1284975v1_202109200955_140_length_1310_cov_50.426036,1310,4028252,4029561
GCA_013742135.1_ASM1374213v1,plasmid_AA282,CP056614.1,GCA_013742135.1_ASM1374213v1_202109200955_86_length_2434_cov_62.474756,2434,15485,17918
GCA_013742135.1_ASM1374213v1,plasmid_AA282,CP056614.1,GCA_013742135.1_ASM1374213v1_202109200955_86_length_2434_cov_62.474756,2434,24994,27427
GCA_013900005.1_ASM1390000v1,plasmid_AA474,CP057943.1,GCA_013900005.1_ASM1390000v1_202109200955_52_length_2661_cov_57.969814,2661,109660,112320
GCA_013900005.1_ASM1390000v1,plasmid_AA474,CP057944.1,GCA_013900005.1_ASM1390000v1_202109200955_52_length_2661_cov_57.969814,2661,26501,29161
GCA_013900005.1_ASM1390000v1,plasmid_AA474,CP057942.1,GCA_013900005.1_ASM1390000v1_202109200955_52_length_2661_cov_57.969814,2661,3453462,3456122
GCA_013900005.1_ASM1390000v1,plasmid_AA474,CP057942.1,GCA_013900005.1_ASM1390000v1_202109200955_67_length_1139_cov_66.249529,1139,790116,791254
GCA_013900005.1_ASM1390000v1,plasmid_AA474,CP057944.1,GCA_013900005.1_ASM1390000v1_202109200955_67_length_1139_cov_66.249529,1139,43002,44140
GCA_013900005.1_ASM1390000v1,plasmid_AA474,CP057943.1,GCA_013900005.1_ASM1390000v1_202109200955_67_length_1139_cov_66.249529,1139,39330,40468
GCA_013900005.1_ASM1390000v1,plasmid_AA474,CP057943.1,GCA_013900005.1_ASM1390000v1_202109200955_67_length_1139_cov_66.249529,1139,128736,129874
GCA_013900005.1_ASM1390000v1,plasmid_AA302,CP057942.1,GCA_013900005.1_ASM1390000v1_202109200955_48_length_4861_cov_34.393813,4861,808286,813146
GCA_013900005.1_ASM1390000v1,plasmid_AA302,CP057943.1,GCA_013900005.1_ASM1390000v1_202109200955_48_length_4861_cov_34.393813,4861,10789,15649
GCA_013740395.1_ASM1374039v1,plasmid_AF098,CP056446.1,GCA_013740395.1_ASM1374039v1_202109200955_93_length_1196_cov_48.044902,1196,3460452,3461647
GCA_013740395.1_ASM1374039v1,plasmid_AF098,CP056446.1,GCA_013740395.1_ASM1374039v1_202109200955_93_length_1196_cov_48.044902,1196,4729742,4730937
GCA_013740395.1_ASM1374039v1,plasmid_AF098,CP056446.1,GCA_013740395.1_ASM1374039v1_202109200955_93_length_1196_cov_48.044902,1196,287841,289036
GCA_013740395.1_ASM1374039v1,plasmid_AF098,CP056448.1,GCA_013740395.1_ASM1374039v1_202109200955_96_length_1100_cov_102.884892,1100,1802,2901
GCA_013740395.1_ASM1374039v1,plasmid_AF098,CP056448.1,GCA_013740395.1_ASM1374039v1_202109200955_96_length_1100_cov_102.884892,1100,34470,35569
GCA_013740395.1_ASM1374039v1,plasmid_AA378,CP056446.1,GCA_013740395.1_ASM1374039v1_202109200955_97_length_1090_cov_96.172378,1090,1729517,1730606
GCA_013740395.1_ASM1374039v1,plasmid_AA378,CP056446.1,GCA_013740395.1_ASM1374039v1_202109200955_97_length_1090_cov_96.172378,1090,1217281,1218370
GCA_013740395.1_ASM1374039v1,plasmid_AA378,CP056446.1,GCA_013740395.1_ASM1374039v1_202109200955_97_length_1090_cov_96.172378,1090,4064273,4065362
GCA_013740395.1_ASM1374039v1,plasmid_AA378,CP056448.1,GCA_013740395.1_ASM1374039v1_202109200955_97_length_1090_cov_96.172378,1090,25260,26349
GCA_014168955.1_ASM1416895v1,plasmid_AA171,AP022033.1,GCA_014168955.1_ASM1416895v1_202109200955_60_length_1530_cov_27.034925,1530,7382,8911
GCA_014168955.1_ASM1416895v1,plasmid_AA171,AP022033.1,GCA_014168955.1_ASM1416895v1_202109200955_60_length_1530_cov_27.034925,1530,100972,102501
GCA_013835585.1_ASM1383558v1,plasmid_AA168,CP057473.1,GCA_013835585.1_ASM1383558v1_202109200955_82_length_1052_cov_151.696216,1052,2194079,2195130
GCA_013835585.1_ASM1383558v1,plasmid_AA168,CP057473.1,GCA_013835585.1_ASM1383558v1_202109200955_82_length_1052_cov_151.696216,1052,3489829,3490880
GCA_013835585.1_ASM1383558v1,plasmid_AA168,CP057473.1,GCA_013835585.1_ASM1383558v1_202109200955_82_length_1052_cov_151.696216,1052,1514370,1515421
GCA_013835585.1_ASM1383558v1,plasmid_AA168,CP057473.1,GCA_013835585.1_ASM1383558v1_202109200955_82_length_1052_cov_151.696216,1052,1418049,1419100
GCA_013835585.1_ASM1383558v1,plasmid_AA168,CP057473.1,GCA_013835585.1_ASM1383558v1_202109200955_82_length_1052_cov_151.696216,1052,3490971,3492022
GCA_013835585.1_ASM1383558v1,plasmid_AA168,CP057473.1,GCA_013835585.1_ASM1383558v1_202109200955_82_length_1052_cov_151.696216,1052,2197911,2198962
GCA_013835585.1_ASM1383558v1,plasmid_AA168,CP057473.1,GCA_013835585.1_ASM1383558v1_202109200955_82_length_1052_cov_151.696216,1052,4333031,4334082
GCA_013835585.1_ASM1383558v1,plasmid_AA168,CP057473.1,GCA_013835585.1_ASM1383558v1_202109200955_82_length_1052_cov_151.696216,1052,2536155,2537206
GCA_013735655.1_ASM1373565v1,plasmid_AA056,CP056412.1,GCA_013735655.1_ASM1373565v1_202109200955_159_length_1401_cov_22.924647,1401,747544,748944
GCA_013735655.1_ASM1373565v1,plasmid_AA056,CP056412.1,GCA_013735655.1_ASM1373565v1_202109200955_159_length_1401_cov_22.924647,1401,737028,738428
GCA_013735655.1_ASM1373565v1,plasmid_AA056,CP056412.1,GCA_013735655.1_ASM1373565v1_202109200955_160_length_1388_cov_211.463125,1388,1350372,1351759
GCA_013735655.1_ASM1373565v1,plasmid_AA056,CP056412.1,GCA_013735655.1_ASM1373565v1_202109200955_160_length_1388_cov_211.463125,1388,3388367,3389754
GCA_013735655.1_ASM1373565v1,plasmid_AA056,CP056412.1,GCA_013735655.1_ASM1373565v1_202109200955_160_length_1388_cov_211.463125,1388,2918500,2919887
GCA_013735655.1_ASM1373565v1,plasmid_AA056,CP056412.1,GCA_013735655.1_ASM1373565v1_202109200955_160_length_1388_cov_211.463125,1388,3711762,3713149
GCA_013735655.1_ASM1373565v1,plasmid_AA056,CP056412.1,GCA_013735655.1_ASM1373565v1_202109200955_160_length_1388_cov_211.463125,1388,689569,690956
GCA_013735655.1_ASM1373565v1,plasmid_AA056,CP056413.1,GCA_013735655.1_ASM1373565v1_202109200955_160_length_1388_cov_211.463125,1388,84386,85773
GCA_013735655.1_ASM1373565v1,plasmid_AA056,CP056412.1,GCA_013735655.1_ASM1373565v1_202109200955_160_length_1388_cov_211.463125,1388,2916087,2917474
GCA_013735655.1_ASM1373565v1,plasmid_AA056,CP056412.1,GCA_013735655.1_ASM1373565v1_202109200955_160_length_1388_cov_211.463125,1388,794427,795814
GCA_013735655.1_ASM1373565v1,plasmid_AA056,CP056412.1,GCA_013735655.1_ASM1373565v1_202109200955_160_length_1388_cov_211.463125,1388,810967,812354
GCA_013735655.1_ASM1373565v1,plasmid_AA056,CP056412.1,GCA_013735655.1_ASM1373565v1_202109200955_160_length_1388_cov_211.463125,1388,813380,814767
GCA_013735655.1_ASM1373565v1,plasmid_AA056,CP056412.1,GCA_013735655.1_ASM1373565v1_202109200955_160_length_1388_cov_211.463125,1388,3975806,3977193
GCA_013735655.1_ASM1373565v1,plasmid_AA056,CP056412.1,GCA_013735655.1_ASM1373565v1_202109200955_160_length_1388_cov_211.463125,1388,3978219,3979606
GCA_013735655.1_ASM1373565v1,plasmid_AA056,CP056412.1,GCA_013735655.1_ASM1373565v1_202109200955_160_length_1388_cov_211.463125,1388,792014,793401
GCA_013735655.1_ASM1373565v1,plasmid_AA056,CP056412.1,GCA_013735655.1_ASM1373565v1_202109200955_160_length_1388_cov_211.463125,1388,2935924,2937311
GCA_013735655.1_ASM1373565v1,plasmid_AA056,CP056412.1,GCA_013735655.1_ASM1373565v1_202109200955_160_length_1388_cov_211.463125,1388,3003446,3004833
GCA_013735655.1_ASM1373565v1,plasmid_AA056,CP056413.1,GCA_013735655.1_ASM1373565v1_202109200955_160_length_1388_cov_211.463125,1388,71312,72699
GCA_013735655.1_ASM1373565v1,plasmid_AA056,CP056412.1,GCA_013735655.1_ASM1373565v1_202109200955_160_length_1388_cov_211.463125,1388,3385954,3387341
GCA_013735655.1_ASM1373565v1,plasmid_AA056,CP056412.1,GCA_013735655.1_ASM1373565v1_202109200955_160_length_1388_cov_211.463125,1388,692028,693415
GCA_013735655.1_ASM1373565v1,plasmid_AA056,CP056413.1,GCA_013735655.1_ASM1373565v1_202109200955_160_length_1388_cov_211.463125,1388,144975,146362
GCA_013735655.1_ASM1373565v1,plasmid_AA056,CP056412.1,GCA_013735655.1_ASM1373565v1_202109200955_160_length_1388_cov_211.463125,1388,3709349,3710736
GCA_013735655.1_ASM1373565v1,plasmid_AA056,CP056413.1,GCA_013735655.1_ASM1373565v1_202109200955_160_length_1388_cov_211.463125,1388,86799,88186
GCA_013735655.1_ASM1373565v1,plasmid_AA056,CP056412.1,GCA_013735655.1_ASM1373565v1_202109200955_160_length_1388_cov_211.463125,1388,2938337,2939724
GCA_013735655.1_ASM1373565v1,plasmid_AA056,CP056412.1,GCA_013735655.1_ASM1373565v1_202109200955_162_length_1341_cov_23.457166,1341,702308,703648
GCA_013735655.1_ASM1373565v1,plasmid_AA056,CP056412.1,GCA_013735655.1_ASM1373565v1_202109200955_162_length_1341_cov_23.457166,1341,760023,761363
GCA_013818265.1_ASM1381826v1,plasmid_AA378,CP057171.1,GCA_013818265.1_ASM1381826v1_202109200955_44_length_1342_cov_338.953360,1342,1024216,1025557
GCA_013818265.1_ASM1381826v1,plasmid_AA378,CP057171.1,GCA_013818265.1_ASM1381826v1_202109200955_44_length_1342_cov_338.953360,1342,1029819,1031160
GCA_013818265.1_ASM1381826v1,plasmid_AA378,CP057171.1,GCA_013818265.1_ASM1381826v1_202109200955_44_length_1342_cov_338.953360,1342,3317878,3319219
GCA_013818265.1_ASM1381826v1,plasmid_AA378,CP057171.1,GCA_013818265.1_ASM1381826v1_202109200955_44_length_1342_cov_338.953360,1342,4229984,4231325
GCA_013818265.1_ASM1381826v1,plasmid_AA378,CP057171.1,GCA_013818265.1_ASM1381826v1_202109200955_44_length_1342_cov_338.953360,1342,3875438,3876779
GCA_013741855.1_ASM1374185v1,plasmid_AA282,CP056609.1,GCA_013741855.1_ASM1374185v1_202109200955_86_length_2434_cov_68.827747,2434,15485,17918
GCA_013741855.1_ASM1374185v1,plasmid_AA282,CP056609.1,GCA_013741855.1_ASM1374185v1_202109200955_86_length_2434_cov_68.827747,2434,24994,27427
GCA_013727075.1_ASM1372707v1,plasmid_AA747,CP056249.1,GCA_013727075.1_ASM1372707v1_202109200955_64_length_1331_cov_64.039867,1331,3695704,3697034
GCA_013727075.1_ASM1372707v1,plasmid_AA747,CP056250.1,GCA_013727075.1_ASM1372707v1_202109200955_64_length_1331_cov_64.039867,1331,24100,25430
GCA_013727075.1_ASM1372707v1,plasmid_AA747,CP056249.1,GCA_013727075.1_ASM1372707v1_202109200955_64_length_1331_cov_64.039867,1331,3962418,3963748
GCA_013824985.1_ASM1382498v1,plasmid_AA738,CP057287.1,GCA_013824985.1_ASM1382498v1_202109200955_89_length_6638_cov_84.969364,6638,3916020,3922657
GCA_013824985.1_ASM1382498v1,plasmid_AA738,CP057288.1,GCA_013824985.1_ASM1382498v1_202109200955_89_length_6638_cov_84.969364,6638,88735,95372
GCA_013791985.1_ASM1379198v1,plasmid_AA474,CP056843.1,GCA_013791985.1_ASM1379198v1_202109200955_59_length_3875_cov_194.848078,3875,12715,16589
GCA_013791985.1_ASM1379198v1,plasmid_AA474,CP056843.1,GCA_013791985.1_ASM1379198v1_202109200955_59_length_3875_cov_194.848078,3875,47096,50970
GCA_013791985.1_ASM1379198v1,plasmid_AA474,CP056843.1,GCA_013791985.1_ASM1379198v1_202109200955_63_length_2526_cov_213.707636,2526,19008,21533
GCA_013791985.1_ASM1379198v1,plasmid_AA474,CP056843.1,GCA_013791985.1_ASM1379198v1_202109200955_63_length_2526_cov_213.707636,2526,3430,5955
GCA_013791985.1_ASM1379198v1,plasmid_AA474,CP056843.1,GCA_013791985.1_ASM1379198v1_202109200955_67_length_1786_cov_269.686951,1786,1721,3506
GCA_013791985.1_ASM1379198v1,plasmid_AA474,CP056843.1,GCA_013791985.1_ASM1379198v1_202109200955_67_length_1786_cov_269.686951,1786,21457,23242
GCA_013791985.1_ASM1379198v1,plasmid_AA474,CP056842.1,GCA_013791985.1_ASM1379198v1_202109200955_67_length_1786_cov_269.686951,1786,4208051,4209836
GCA_013791985.1_ASM1379198v1,plasmid_AA474,CP056843.1,GCA_013791985.1_ASM1379198v1_202109200955_71_length_1130_cov_180.598291,1130,39363,40492
GCA_013791985.1_ASM1379198v1,plasmid_AA474,CP056843.1,GCA_013791985.1_ASM1379198v1_202109200955_71_length_1130_cov_180.598291,1130,7129,8258
GCA_013899165.1_ASM1389916v1,plasmid_AC082,CP057839.1,GCA_013899165.1_ASM1389916v1_202109200955_19_length_1342_cov_61.616461,1342,1075292,1076633
GCA_013899165.1_ASM1389916v1,plasmid_AC082,CP057839.1,GCA_013899165.1_ASM1389916v1_202109200955_19_length_1342_cov_61.616461,1342,3384300,3385641
GCA_013899165.1_ASM1389916v1,plasmid_AC082,CP057839.1,GCA_013899165.1_ASM1389916v1_202109200955_19_length_1342_cov_61.616461,1342,4028844,4030185
GCA_013899165.1_ASM1389916v1,plasmid_AC082,CP057840.1,GCA_013899165.1_ASM1389916v1_202109200955_19_length_1342_cov_61.616461,1342,69300,70641
GCA_013899165.1_ASM1389916v1,plasmid_AC082,CP057839.1,GCA_013899165.1_ASM1389916v1_202109200955_19_length_1342_cov_61.616461,1342,3075071,3076412
GCA_014170615.1_ASM1417061v1,plasmid_AA179,CP059910.1,GCA_014170615.1_ASM1417061v1_202109171340_101_length_1343_cov_63.248355,1343,96427,97769
GCA_014170615.1_ASM1417061v1,plasmid_AA179,CP059907.1,GCA_014170615.1_ASM1417061v1_202109171340_101_length_1343_cov_63.248355,1343,3411779,3413121
GCA_014170615.1_ASM1417061v1,plasmid_AA179,CP059907.1,GCA_014170615.1_ASM1417061v1_202109171340_101_length_1343_cov_63.248355,1343,6379,7721
GCA_014170615.1_ASM1417061v1,plasmid_AA179,CP059907.1,GCA_014170615.1_ASM1417061v1_202109171340_101_length_1343_cov_63.248355,1343,4724104,4725446
GCA_014170615.1_ASM1417061v1,plasmid_AA179,CP059910.1,GCA_014170615.1_ASM1417061v1_202109171340_101_length_1343_cov_63.248355,1343,52919,54261
GCA_014170615.1_ASM1417061v1,plasmid_AA179,CP059907.1,GCA_014170615.1_ASM1417061v1_202109171340_101_length_1343_cov_63.248355,1343,2733105,2734447
GCA_014170615.1_ASM1417061v1,plasmid_AA179,CP059908.1,GCA_014170615.1_ASM1417061v1_202109171340_101_length_1343_cov_63.248355,1343,96231,97573
GCA_014169195.1_ASM1416919v1,plasmid_AA324,AP022105.1,GCA_014169195.1_ASM1416919v1_202109200955_107_length_1956_cov_44.449426,1956,4165221,4167176
GCA_014169195.1_ASM1416919v1,plasmid_AA324,AP022105.1,GCA_014169195.1_ASM1416919v1_202109200955_107_length_1956_cov_44.449426,1955,1836324,1838278
GCA_014169195.1_ASM1416919v1,plasmid_AA352,AP022105.1,GCA_014169195.1_ASM1416919v1_202109200955_119_length_1295_cov_350.755137,1295,707477,708771
GCA_014169195.1_ASM1416919v1,plasmid_AA352,AP022105.1,GCA_014169195.1_ASM1416919v1_202109200955_119_length_1295_cov_350.755137,1295,4426876,4428170
GCA_014169195.1_ASM1416919v1,plasmid_AA352,AP022105.1,GCA_014169195.1_ASM1416919v1_202109200955_119_length_1295_cov_350.755137,1295,2802176,2803470
GCA_014169195.1_ASM1416919v1,plasmid_AA352,AP022105.1,GCA_014169195.1_ASM1416919v1_202109200955_119_length_1295_cov_350.755137,1295,3728968,3730262
GCA_014169195.1_ASM1416919v1,plasmid_AA352,AP022105.1,GCA_014169195.1_ASM1416919v1_202109200955_119_length_1295_cov_350.755137,1295,4601965,4603259
GCA_014169195.1_ASM1416919v1,plasmid_AA352,AP022105.1,GCA_014169195.1_ASM1416919v1_202109200955_119_length_1295_cov_350.755137,1295,974024,975318
GCA_014169195.1_ASM1416919v1,plasmid_AA352,AP022105.1,GCA_014169195.1_ASM1416919v1_202109200955_119_length_1295_cov_350.755137,1295,739504,740798
GCA_014169195.1_ASM1416919v1,plasmid_AA352,AP022105.1,GCA_014169195.1_ASM1416919v1_202109200955_119_length_1295_cov_350.755137,1295,3299247,3300541
GCA_014169195.1_ASM1416919v1,plasmid_AA352,AP022105.1,GCA_014169195.1_ASM1416919v1_202109200955_119_length_1295_cov_350.755137,1295,244913,246207
GCA_014169195.1_ASM1416919v1,plasmid_AA352,AP022105.1,GCA_014169195.1_ASM1416919v1_202109200955_119_length_1295_cov_350.755137,1295,4251195,4252489
GCA_014169195.1_ASM1416919v1,plasmid_AA352,AP022105.1,GCA_014169195.1_ASM1416919v1_202109200955_119_length_1295_cov_350.755137,1295,3724012,3725306
GCA_014169195.1_ASM1416919v1,plasmid_AA352,AP022105.1,GCA_014169195.1_ASM1416919v1_202109200955_119_length_1295_cov_350.755137,1295,1447475,1448769
GCA_014169195.1_ASM1416919v1,plasmid_AA352,AP022105.1,GCA_014169195.1_ASM1416919v1_202109200955_119_length_1295_cov_350.755137,1295,1693801,1695095
GCA_014169195.1_ASM1416919v1,plasmid_AA352,AP022105.1,GCA_014169195.1_ASM1416919v1_202109200955_119_length_1295_cov_350.755137,1295,4233225,4234519
GCA_014169195.1_ASM1416919v1,plasmid_AA352,AP022105.1,GCA_014169195.1_ASM1416919v1_202109200955_119_length_1295_cov_350.755137,1294,2860260,2861553
GCA_014169195.1_ASM1416919v1,plasmid_AA352,AP022105.1,GCA_014169195.1_ASM1416919v1_202109200955_119_length_1295_cov_350.755137,1294,2269796,2271089
GCA_014169195.1_ASM1416919v1,plasmid_AA352,AP022105.1,GCA_014169195.1_ASM1416919v1_202109200955_119_length_1295_cov_350.755137,1294,2933035,2934328
GCA_013813585.1_ASM1381358v1,plasmid_AA302,CP057109.1,GCA_013813585.1_ASM1381358v1_202109200955_47_length_2380_cov_360.521059,2380,1682930,1685309
GCA_013813585.1_ASM1381358v1,plasmid_AA302,CP057109.1,GCA_013813585.1_ASM1381358v1_202109200955_47_length_2380_cov_360.521059,2380,4344847,4347226
GCA_013813585.1_ASM1381358v1,plasmid_AA302,CP057110.1,GCA_013813585.1_ASM1381358v1_202109200955_47_length_2380_cov_360.521059,2380,59548,61927
GCA_013813585.1_ASM1381358v1,plasmid_AA302,CP057109.1,GCA_013813585.1_ASM1381358v1_202109200955_47_length_2380_cov_360.521059,2380,3133418,3135797
GCA_013813585.1_ASM1381358v1,plasmid_AA302,CP057109.1,GCA_013813585.1_ASM1381358v1_202109200955_47_length_2380_cov_360.521059,2380,2726204,2728583
GCA_014168595.1_ASM1416859v1,plasmid_AA176,AP021914.1,GCA_014168595.1_ASM1416859v1_202109200955_60_length_1997_cov_68.131551,1997,1344133,1346129
GCA_014168595.1_ASM1416859v1,plasmid_AA176,AP021915.1,GCA_014168595.1_ASM1416859v1_202109200955_60_length_1997_cov_68.131551,1997,103188,105184
GCA_014168595.1_ASM1416859v1,plasmid_AA176,AP021915.1,GCA_014168595.1_ASM1416859v1_202109200955_69_length_1403_cov_63.145768,1403,100966,102368
GCA_014168595.1_ASM1416859v1,plasmid_AA176,AP021914.1,GCA_014168595.1_ASM1416859v1_202109200955_69_length_1403_cov_63.145768,1403,1349947,1351349
GCA_013790405.1_ASM1379040v1,plasmid_AA474,CP056816.1,GCA_013790405.1_ASM1379040v1_202109171340_58_length_1339_cov_97.176704,1339,4714187,4715525
GCA_013790405.1_ASM1379040v1,plasmid_AA474,CP056819.1,GCA_013790405.1_ASM1379040v1_202109171340_58_length_1339_cov_97.176704,1339,9592,10930
GCA_013829445.1_ASM1382944v1,plasmid_AB229,CP057370.1,GCA_013829445.1_ASM1382944v1_202109200955_87_length_1086_cov_192.266945,1086,617,1702
GCA_013829445.1_ASM1382944v1,plasmid_AB229,CP057369.1,GCA_013829445.1_ASM1382944v1_202109200955_87_length_1086_cov_192.266945,1086,7023,8108
GCA_014109005.1_ASM1410900v1,plasmid_AB718,CP058048.1,GCA_014109005.1_ASM1410900v1_202109200955_100_length_1551_cov_640.761872,1551,42070,43620
GCA_014109005.1_ASM1410900v1,plasmid_AB718,CP058047.1,GCA_014109005.1_ASM1410900v1_202109200955_100_length_1551_cov_640.761872,1551,22062,23612
GCA_014109005.1_ASM1410900v1,plasmid_AB718,CP058047.1,GCA_014109005.1_ASM1410900v1_202109200955_100_length_1551_cov_640.761872,1551,16574,18124
GCA_014169695.1_ASM1416969v1,plasmid_AA175,AP022246.1,GCA_014169695.1_ASM1416969v1_202109200955_99_length_2691_cov_66.100624,2691,77124,79814
GCA_014169695.1_ASM1416969v1,plasmid_AA175,AP022248.1,GCA_014169695.1_ASM1416969v1_202109200955_99_length_2691_cov_66.100624,2691,10425,13115
GCA_014169695.1_ASM1416969v1,plasmid_AA175,AP022245.1,GCA_014169695.1_ASM1416969v1_202109200955_110_length_1883_cov_62.460137,1883,2327670,2329552
GCA_014169695.1_ASM1416969v1,plasmid_AA175,AP022246.1,GCA_014169695.1_ASM1416969v1_202109200955_110_length_1883_cov_62.460137,1883,73648,75530
GCA_014169695.1_ASM1416969v1,plasmid_AA175,AP022246.1,GCA_014169695.1_ASM1416969v1_202109200955_119_length_1584_cov_49.624571,1584,79989,81572
GCA_014169695.1_ASM1416969v1,plasmid_AA175,AP022246.1,GCA_014169695.1_ASM1416969v1_202109200955_119_length_1584_cov_49.624571,1584,96877,98460
GCA_014169695.1_ASM1416969v1,plasmid_AA175,AP022246.1,GCA_014169695.1_ASM1416969v1_202109200955_121_length_1494_cov_41.084857,1494,33186,34679
GCA_014169695.1_ASM1416969v1,plasmid_AA175,AP022247.1,GCA_014169695.1_ASM1416969v1_202109200955_121_length_1494_cov_41.084857,1494,10210,11703
GCA_014169435.1_ASM1416943v1,plasmid_AA337,AP022172.1,GCA_014169435.1_ASM1416943v1_202109200955_72_length_2505_cov_25.509672,2505,41363,43867
GCA_014169435.1_ASM1416943v1,plasmid_AA337,AP022172.1,GCA_014169435.1_ASM1416943v1_202109200955_72_length_2505_cov_25.509672,2505,108259,110763
GCA_014169435.1_ASM1416943v1,plasmid_AA337,AP022172.1,GCA_014169435.1_ASM1416943v1_202109200955_76_length_2028_cov_26.874803,2028,52047,54074
GCA_014169435.1_ASM1416943v1,plasmid_AA337,AP022172.1,GCA_014169435.1_ASM1416943v1_202109200955_76_length_2028_cov_26.874803,2028,120871,122898
GCA_014170595.1_ASM1417059v1,plasmid_AA474,CP059904.1,GCA_014170595.1_ASM1417059v1_202109200955_45_length_18404_cov_50.457576,18402,3539639,3558044
GCA_014170595.1_ASM1417059v1,plasmid_AA474,CP059904.1,GCA_014170595.1_ASM1417059v1_202109200955_45_length_18404_cov_50.457576,18386,5040166,5058551
GCA_014170595.1_ASM1417059v1,plasmid_AA474,CP059904.1,GCA_014170595.1_ASM1417059v1_202109200955_67_length_2454_cov_44.051325,2454,1567310,1569763
GCA_014170595.1_ASM1417059v1,plasmid_AA474,CP059904.1,GCA_014170595.1_ASM1417059v1_202109200955_67_length_2454_cov_44.051325,2452,2975706,2978161
GCA_014170595.1_ASM1417059v1,plasmid_AA474,CP059905.1,GCA_014170595.1_ASM1417059v1_202109200955_73_length_1378_cov_17.914681,1378,131454,132831
GCA_014170595.1_ASM1417059v1,plasmid_AA474,CP059906.1,GCA_014170595.1_ASM1417059v1_202109200955_73_length_1378_cov_17.914681,1378,101537,102914
GCA_013886595.1_ASM1388659v1,plasmid_AA302,CP057577.1,GCA_013886595.1_ASM1388659v1_202109200955_34_length_1954_cov_40.991790,1954,129521,131474
GCA_013886595.1_ASM1388659v1,plasmid_AA302,CP057577.1,GCA_013886595.1_ASM1388659v1_202109200955_34_length_1954_cov_40.991790,1954,4305830,4307783
GCA_013822575.1_ASM1382257v1,plasmid_AA998,CP057278.1,GCA_013822575.1_ASM1382257v1_202109200955_91_length_1192_cov_55.200000,1192,58695,59886
GCA_013822575.1_ASM1382257v1,plasmid_AA998,CP057277.1,GCA_013822575.1_ASM1382257v1_202109200955_91_length_1192_cov_55.200000,1192,49288,50479
GCA_013822575.1_ASM1382257v1,plasmid_AA998,CP057277.1,GCA_013822575.1_ASM1382257v1_202109200955_92_length_1084_cov_63.463950,1084,121382,122465
GCA_013822575.1_ASM1382257v1,plasmid_AA998,CP057277.1,GCA_013822575.1_ASM1382257v1_202109200955_92_length_1084_cov_63.463950,1084,125893,126976
GCA_013898135.1_ASM1389813v1,plasmid_AA161,CP057778.1,GCA_013898135.1_ASM1389813v1_202109200955_51_length_1331_cov_31.539867,1331,2491227,2492557
GCA_013898135.1_ASM1389813v1,plasmid_AA161,CP057778.1,GCA_013898135.1_ASM1389813v1_202109200955_51_length_1331_cov_31.539867,1331,66861,68191
GCA_013898135.1_ASM1389813v1,plasmid_AA161,CP057778.1,GCA_013898135.1_ASM1389813v1_202109200955_51_length_1331_cov_31.539867,1331,4259246,4260576
GCA_014131615.1_ASM1413161v1,plasmid_AA297,CP048867.1,GCA_014131615.1_ASM1413161v1_202109200955_91_length_2117_cov_66.351961,2117,66223,68339
GCA_014131615.1_ASM1413161v1,plasmid_AA297,CP048867.1,GCA_014131615.1_ASM1413161v1_202109200955_91_length_2117_cov_66.351961,2117,893284,895400
GCA_014131615.1_ASM1413161v1,plasmid_AA297,CP048868.1,GCA_014131615.1_ASM1413161v1_202109200955_91_length_2117_cov_66.351961,2117,9401,11517
GCA_014131615.1_ASM1413161v1,plasmid_AA297,CP048867.1,GCA_014131615.1_ASM1413161v1_202109200955_99_length_1749_cov_28.642943,1749,3139160,3140908
GCA_014131615.1_ASM1413161v1,plasmid_AA297,CP048868.1,GCA_014131615.1_ASM1413161v1_202109200955_99_length_1749_cov_28.642943,1749,67552,69300
GCA_014131615.1_ASM1413161v1,plasmid_AA174,CP048867.1,GCA_014131615.1_ASM1413161v1_202109200955_94_length_1990_cov_37.710403,1990,3150493,3152482
GCA_014131615.1_ASM1413161v1,plasmid_AA174,CP048868.1,GCA_014131615.1_ASM1413161v1_202109200955_94_length_1990_cov_37.710403,1990,62208,64197
GCA_013790245.1_ASM1379024v1,plasmid_AA747,CP056801.1,GCA_013790245.1_ASM1379024v1_202109200955_119_length_1657_cov_83.863291,1657,91028,92684
GCA_013790245.1_ASM1379024v1,plasmid_AA747,CP056800.1,GCA_013790245.1_ASM1379024v1_202109200955_119_length_1657_cov_83.863291,1657,3536244,3537900
GCA_013790245.1_ASM1379024v1,plasmid_AA747,CP056801.1,GCA_013790245.1_ASM1379024v1_202109200955_119_length_1657_cov_83.863291,1657,34154,35810
GCA_013790245.1_ASM1379024v1,plasmid_AA747,CP056800.1,GCA_013790245.1_ASM1379024v1_202109200955_119_length_1657_cov_83.863291,1657,4277329,4278985
GCA_013732175.1_ASM1373217v1,plasmid_AA552,CP056316.1,GCA_013732175.1_ASM1373217v1_202109200955_55_length_2431_cov_80.805556,2431,71983,74413
GCA_013732175.1_ASM1373217v1,plasmid_AA552,CP056317.1,GCA_013732175.1_ASM1373217v1_202109200955_55_length_2431_cov_80.805556,2431,34105,36535
GCA_014170695.1_ASM1417069v1,plasmid_AA474,CP059922.1,GCA_014170695.1_ASM1417069v1_202109200955_91_length_2442_cov_20.426782,2442,982441,984882
GCA_014170695.1_ASM1417069v1,plasmid_AA474,CP059922.1,GCA_014170695.1_ASM1417069v1_202109200955_91_length_2442_cov_20.426782,2436,2452830,2455277
GCA_014169095.1_ASM1416909v1,plasmid_AA171,AP022065.1,GCA_014169095.1_ASM1416909v1_202109200955_88_length_1480_cov_20.922309,1480,7432,8911
GCA_014169095.1_ASM1416909v1,plasmid_AA171,AP022065.1,GCA_014169095.1_ASM1416909v1_202109200955_88_length_1480_cov_20.922309,1480,129969,131448
GCA_013812225.1_ASM1381222v1,plasmid_AA336,CP057075.1,GCA_013812225.1_ASM1381222v1_202109200955_195_length_1329_cov_467.086522,1329,3196497,3197825
GCA_013812225.1_ASM1381222v1,plasmid_AA336,CP057075.1,GCA_013812225.1_ASM1381222v1_202109200955_195_length_1329_cov_467.086522,1329,1160663,1161991
GCA_013812225.1_ASM1381222v1,plasmid_AA336,CP057075.1,GCA_013812225.1_ASM1381222v1_202109200955_195_length_1329_cov_467.086522,1329,1739299,1740627
GCA_013812225.1_ASM1381222v1,plasmid_AA336,CP057075.1,GCA_013812225.1_ASM1381222v1_202109200955_195_length_1329_cov_467.086522,1329,2197642,2198970
GCA_013812225.1_ASM1381222v1,plasmid_AA336,CP057075.1,GCA_013812225.1_ASM1381222v1_202109200955_195_length_1329_cov_467.086522,1329,2064564,2065892
GCA_013812225.1_ASM1381222v1,plasmid_AA336,CP057075.1,GCA_013812225.1_ASM1381222v1_202109200955_195_length_1329_cov_467.086522,1329,4411406,4412734
GCA_013812225.1_ASM1381222v1,plasmid_AA336,CP057075.1,GCA_013812225.1_ASM1381222v1_202109200955_195_length_1329_cov_467.086522,1329,3516268,3517596
GCA_013812225.1_ASM1381222v1,plasmid_AA336,CP057075.1,GCA_013812225.1_ASM1381222v1_202109200955_195_length_1329_cov_467.086522,1329,2162596,2163924
GCA_013812225.1_ASM1381222v1,plasmid_AA336,CP057075.1,GCA_013812225.1_ASM1381222v1_202109200955_195_length_1329_cov_467.086522,1329,2864261,2865589
GCA_013812225.1_ASM1381222v1,plasmid_AA336,CP057075.1,GCA_013812225.1_ASM1381222v1_202109200955_195_length_1329_cov_467.086522,1329,2755391,2756719
GCA_013812225.1_ASM1381222v1,plasmid_AA336,CP057075.1,GCA_013812225.1_ASM1381222v1_202109200955_195_length_1329_cov_467.086522,1329,1682392,1683720
GCA_013812225.1_ASM1381222v1,plasmid_AA336,CP057075.1,GCA_013812225.1_ASM1381222v1_202109200955_195_length_1329_cov_467.086522,1329,1950394,1951722
GCA_013812225.1_ASM1381222v1,plasmid_AA336,CP057075.1,GCA_013812225.1_ASM1381222v1_202109200955_195_length_1329_cov_467.086522,1329,1439645,1440973
GCA_013812225.1_ASM1381222v1,plasmid_AA336,CP057075.1,GCA_013812225.1_ASM1381222v1_202109200955_195_length_1329_cov_467.086522,1329,2571004,2572332
GCA_013812225.1_ASM1381222v1,plasmid_AA336,CP057075.1,GCA_013812225.1_ASM1381222v1_202109200955_195_length_1329_cov_467.086522,1329,5122790,5124118
GCA_013812225.1_ASM1381222v1,plasmid_AA336,CP057075.1,GCA_013812225.1_ASM1381222v1_202109200955_195_length_1329_cov_467.086522,1329,4672196,4673524
GCA_013812225.1_ASM1381222v1,plasmid_AA336,CP057075.1,GCA_013812225.1_ASM1381222v1_202109200955_195_length_1329_cov_467.086522,1329,2566202,2567530
GCA_013812225.1_ASM1381222v1,plasmid_AA336,CP057075.1,GCA_013812225.1_ASM1381222v1_202109200955_195_length_1329_cov_467.086522,1329,4377152,4378480
GCA_013812225.1_ASM1381222v1,plasmid_AA336,CP057075.1,GCA_013812225.1_ASM1381222v1_202109200955_195_length_1329_cov_467.086522,1329,4528021,4529349
GCA_013812225.1_ASM1381222v1,plasmid_AA336,CP057075.1,GCA_013812225.1_ASM1381222v1_202109200955_195_length_1329_cov_467.086522,1329,3253617,3254945
GCA_013812225.1_ASM1381222v1,plasmid_AA336,CP057075.1,GCA_013812225.1_ASM1381222v1_202109200955_195_length_1329_cov_467.086522,1329,1237896,1239224
GCA_013812225.1_ASM1381222v1,plasmid_AA336,CP057076.1,GCA_013812225.1_ASM1381222v1_202109200955_195_length_1329_cov_467.086522,1329,46734,48062
GCA_013812225.1_ASM1381222v1,plasmid_AA336,CP057076.1,GCA_013812225.1_ASM1381222v1_202109200955_195_length_1329_cov_467.086522,1329,5671,6999
GCA_013812225.1_ASM1381222v1,plasmid_AA336,CP057075.1,GCA_013812225.1_ASM1381222v1_202109200955_195_length_1329_cov_467.086522,1329,2326784,2328112
GCA_013812225.1_ASM1381222v1,plasmid_AA336,CP057075.1,GCA_013812225.1_ASM1381222v1_202109200955_195_length_1329_cov_467.086522,1329,3146798,3148126
GCA_013812225.1_ASM1381222v1,plasmid_AA336,CP057075.1,GCA_013812225.1_ASM1381222v1_202109200955_195_length_1329_cov_467.086522,1329,1495920,1497248
GCA_013812225.1_ASM1381222v1,plasmid_AA336,CP057075.1,GCA_013812225.1_ASM1381222v1_202109200955_195_length_1329_cov_467.086522,1329,3801837,3803165
GCA_013812225.1_ASM1381222v1,plasmid_AA336,CP057075.1,GCA_013812225.1_ASM1381222v1_202109200955_195_length_1329_cov_467.086522,1329,4962501,4963829
GCA_013899985.1_ASM1389998v1,plasmid_AA372,CP057947.1,GCA_013899985.1_ASM1389998v1_202109200955_52_length_2701_cov_161.405869,2701,76699,79399
GCA_013899985.1_ASM1389998v1,plasmid_AA372,CP057946.1,GCA_013899985.1_ASM1389998v1_202109200955_52_length_2701_cov_161.405869,2701,1907819,1910519
GCA_013899985.1_ASM1389998v1,plasmid_AA372,CP057947.1,GCA_013899985.1_ASM1389998v1_202109200955_52_length_2701_cov_161.405869,2701,12509,15209
GCA_013748665.1_ASM1374866v1,plasmid_AA173,CP056492.1,GCA_013748665.1_ASM1374866v1_202109200955_68_length_1368_cov_124.677769,1368,1948525,1949892
GCA_013748665.1_ASM1374866v1,plasmid_AA173,CP056493.1,GCA_013748665.1_ASM1374866v1_202109200955_68_length_1368_cov_124.677769,1368,73135,74502
GCA_013802065.1_ASM1380206v1,plasmid_AA474,CP056975.1,GCA_013802065.1_ASM1380206v1_202109200955_120_length_1795_cov_156.694844,1795,69564,71358
GCA_013802065.1_ASM1380206v1,plasmid_AA474,CP056977.1,GCA_013802065.1_ASM1380206v1_202109200955_120_length_1795_cov_156.694844,1795,34184,35978
GCA_013802065.1_ASM1380206v1,plasmid_AA474,CP056976.1,GCA_013802065.1_ASM1380206v1_202109200955_120_length_1795_cov_156.694844,1795,22699,24493
GCA_013802065.1_ASM1380206v1,plasmid_AA474,CP056975.1,GCA_013802065.1_ASM1380206v1_202109200955_120_length_1795_cov_156.694844,1795,61796,63590
GCA_013802065.1_ASM1380206v1,plasmid_AA474,CP056977.1,GCA_013802065.1_ASM1380206v1_202109200955_120_length_1795_cov_156.694844,1795,45086,46880
GCA_013802065.1_ASM1380206v1,plasmid_AA474,CP056978.1,GCA_013802065.1_ASM1380206v1_202109200955_121_length_1789_cov_125.643201,1789,27741,29529
GCA_013802065.1_ASM1380206v1,plasmid_AA474,CP056974.1,GCA_013802065.1_ASM1380206v1_202109200955_121_length_1789_cov_125.643201,1789,2566172,2567960
GCA_013802065.1_ASM1380206v1,plasmid_AA474,CP056974.1,GCA_013802065.1_ASM1380206v1_202109200955_123_length_1729_cov_41.393258,1729,798331,800059
GCA_013802065.1_ASM1380206v1,plasmid_AA474,CP056974.1,GCA_013802065.1_ASM1380206v1_202109200955_123_length_1729_cov_41.393258,1729,827973,829701
GCA_013802065.1_ASM1380206v1,plasmid_AA474,CP056974.1,GCA_013802065.1_ASM1380206v1_202109200955_128_length_1329_cov_122.613977,1329,1207448,1208776
GCA_013802065.1_ASM1380206v1,plasmid_AA474,CP056974.1,GCA_013802065.1_ASM1380206v1_202109200955_128_length_1329_cov_122.613977,1329,3697795,3699123
GCA_013802065.1_ASM1380206v1,plasmid_AA474,CP056977.1,GCA_013802065.1_ASM1380206v1_202109200955_128_length_1329_cov_122.613977,1329,22262,23590
GCA_013802065.1_ASM1380206v1,plasmid_AA474,CP056978.1,GCA_013802065.1_ASM1380206v1_202109200955_128_length_1329_cov_122.613977,1329,37896,39224
GCA_013802065.1_ASM1380206v1,plasmid_AE864,CP056974.1,GCA_013802065.1_ASM1380206v1_202109200955_111_length_3302_cov_38.825197,3302,2573406,2576707
GCA_013802065.1_ASM1380206v1,plasmid_AE864,CP056974.1,GCA_013802065.1_ASM1380206v1_202109200955_111_length_3302_cov_38.825197,3302,4575866,4579167
GCA_013801205.1_ASM1380120v1,plasmid_AA176,CP056956.1,GCA_013801205.1_ASM1380120v1_202109200955_70_length_1332_cov_75.839004,1332,16971,18302
GCA_013801205.1_ASM1380120v1,plasmid_AA176,CP056955.1,GCA_013801205.1_ASM1380120v1_202109200955_70_length_1332_cov_75.839004,1332,1851682,1853013
GCA_013801205.1_ASM1380120v1,plasmid_AA176,CP056955.1,GCA_013801205.1_ASM1380120v1_202109200955_70_length_1332_cov_75.839004,1332,2314817,2316148
GCA_013801205.1_ASM1380120v1,plasmid_AA176,CP056955.1,GCA_013801205.1_ASM1380120v1_202109200955_70_length_1332_cov_75.839004,1332,624580,625911
GCA_013899185.1_ASM1389918v1,plasmid_AC082,CP057841.1,GCA_013899185.1_ASM1389918v1_202109200955_24_length_1342_cov_198.317787,1342,4028844,4030185
GCA_013899185.1_ASM1389918v1,plasmid_AC082,CP057841.1,GCA_013899185.1_ASM1389918v1_202109200955_24_length_1342_cov_198.317787,1342,3384300,3385641
GCA_013899185.1_ASM1389918v1,plasmid_AC082,CP057841.1,GCA_013899185.1_ASM1389918v1_202109200955_24_length_1342_cov_198.317787,1342,3075071,3076412
GCA_013899185.1_ASM1389918v1,plasmid_AC082,CP057841.1,GCA_013899185.1_ASM1389918v1_202109200955_24_length_1342_cov_198.317787,1342,1075292,1076633
GCA_013899185.1_ASM1389918v1,plasmid_AC082,CP057842.1,GCA_013899185.1_ASM1389918v1_202109200955_24_length_1342_cov_198.317787,1342,69300,70641
GCA_014131535.1_ASM1413153v1,plasmid_AA337,CP048857.1,GCA_014131535.1_ASM1413153v1_202109200955_72_length_2360_cov_110.996496,2360,1863765,1866124
GCA_014131535.1_ASM1413153v1,plasmid_AA337,CP048857.1,GCA_014131535.1_ASM1413153v1_202109200955_72_length_2360_cov_110.996496,2360,2629196,2631555
GCA_014131535.1_ASM1413153v1,plasmid_AA337,CP048857.1,GCA_014131535.1_ASM1413153v1_202109200955_72_length_2360_cov_110.996496,2360,3991661,3994020
GCA_014131535.1_ASM1413153v1,plasmid_AA337,CP048858.1,GCA_014131535.1_ASM1413153v1_202109200955_72_length_2360_cov_110.996496,2360,27535,29894
GCA_014131535.1_ASM1413153v1,plasmid_AA337,CP048858.1,GCA_014131535.1_ASM1413153v1_202109200955_75_length_1888_cov_60.333517,1888,101821,103708
GCA_014131535.1_ASM1413153v1,plasmid_AA337,CP048857.1,GCA_014131535.1_ASM1413153v1_202109200955_75_length_1888_cov_60.333517,1888,5171775,5173662
GCA_014131535.1_ASM1413153v1,plasmid_AA337,CP048858.1,GCA_014131535.1_ASM1413153v1_202109200955_79_length_1144_cov_55.328022,1144,15001,16144
GCA_014131535.1_ASM1413153v1,plasmid_AA337,CP048858.1,GCA_014131535.1_ASM1413153v1_202109200955_79_length_1144_cov_55.328022,1144,30080,31223
GCA_013727815.1_ASM1372781v1,plasmid_novel_7de5ec37f5e0f5efe3f49574cc2cdfee,CP056263.1,GCA_013727815.1_ASM1372781v1_202109200955_62_length_1370_cov_33.724859,1370,1195868,1197237
GCA_013727815.1_ASM1372781v1,plasmid_novel_7de5ec37f5e0f5efe3f49574cc2cdfee,CP056263.1,GCA_013727815.1_ASM1372781v1_202109200955_62_length_1370_cov_33.724859,1370,2360734,2362103
GCA_013727815.1_ASM1372781v1,plasmid_novel_7de5ec37f5e0f5efe3f49574cc2cdfee,CP056263.1,GCA_013727815.1_ASM1372781v1_202109200955_63_length_1342_cov_101.502058,1342,4606336,4607677
GCA_013727815.1_ASM1372781v1,plasmid_novel_7de5ec37f5e0f5efe3f49574cc2cdfee,CP056263.1,GCA_013727815.1_ASM1372781v1_202109200955_63_length_1342_cov_101.502058,1342,2197112,2198453
GCA_013727815.1_ASM1372781v1,plasmid_novel_7de5ec37f5e0f5efe3f49574cc2cdfee,CP056263.1,GCA_013727815.1_ASM1372781v1_202109200955_63_length_1342_cov_101.502058,1342,276619,277960
GCA_013727815.1_ASM1372781v1,plasmid_novel_7de5ec37f5e0f5efe3f49574cc2cdfee,CP056263.1,GCA_013727815.1_ASM1372781v1_202109200955_63_length_1342_cov_101.502058,1342,4957942,4959283
GCA_013727815.1_ASM1372781v1,plasmid_novel_7de5ec37f5e0f5efe3f49574cc2cdfee,CP056265.1,GCA_013727815.1_ASM1372781v1_202109200955_63_length_1342_cov_101.502058,1342,25260,26601
GCA_013727815.1_ASM1372781v1,plasmid_novel_7de5ec37f5e0f5efe3f49574cc2cdfee,CP056263.1,GCA_013727815.1_ASM1372781v1_202109200955_65_length_1196_cov_102.751169,1196,3983223,3984418
GCA_013727815.1_ASM1372781v1,plasmid_novel_7de5ec37f5e0f5efe3f49574cc2cdfee,CP056263.1,GCA_013727815.1_ASM1372781v1_202109200955_65_length_1196_cov_102.751169,1196,4182210,4183405
GCA_013727815.1_ASM1372781v1,plasmid_novel_7de5ec37f5e0f5efe3f49574cc2cdfee,CP056263.1,GCA_013727815.1_ASM1372781v1_202109200955_65_length_1196_cov_102.751169,1196,444513,445708
GCA_013727815.1_ASM1372781v1,plasmid_novel_7de5ec37f5e0f5efe3f49574cc2cdfee,CP056263.1,GCA_013727815.1_ASM1372781v1_202109200955_65_length_1196_cov_102.751169,1196,736107,737302
GCA_013727815.1_ASM1372781v1,plasmid_novel_7de5ec37f5e0f5efe3f49574cc2cdfee,CP056263.1,GCA_013727815.1_ASM1372781v1_202109200955_65_length_1196_cov_102.751169,1196,260411,261606
GCA_013727815.1_ASM1372781v1,plasmid_novel_7de5ec37f5e0f5efe3f49574cc2cdfee,CP056263.1,GCA_013727815.1_ASM1372781v1_202109200955_65_length_1196_cov_102.751169,1196,682051,683246
GCA_013744185.1_ASM1374418v1,plasmid_AA450,CP056655.1,GCA_013744185.1_ASM1374418v1_202109200955_65_length_1232_cov_24.127602,1232,1613395,1614626
GCA_013744185.1_ASM1374418v1,plasmid_AA450,CP056655.1,GCA_013744185.1_ASM1374418v1_202109200955_65_length_1232_cov_24.127602,1232,2964873,2966104
GCA_013744185.1_ASM1374418v1,plasmid_AA450,CP056655.1,GCA_013744185.1_ASM1374418v1_202109200955_66_length_1230_cov_23.229374,1230,2411544,2412773
GCA_013744185.1_ASM1374418v1,plasmid_AA450,CP056655.1,GCA_013744185.1_ASM1374418v1_202109200955_66_length_1230_cov_23.229374,1230,932346,933575
GCA_014169575.1_ASM1416957v1,plasmid_AA337,AP022208.1,GCA_014169575.1_ASM1416957v1_202109200955_103_length_2879_cov_12.436047,2879,69907,72785
GCA_014169575.1_ASM1416957v1,plasmid_AA337,AP022208.1,GCA_014169575.1_ASM1416957v1_202109200955_103_length_2879_cov_12.436047,2878,140383,143260
GCA_014169575.1_ASM1416957v1,plasmid_AA337,AP022208.1,GCA_014169575.1_ASM1416957v1_202109200955_124_length_1302_cov_35.312340,1302,198913,200214
GCA_014169575.1_ASM1416957v1,plasmid_AA337,AP022207.1,GCA_014169575.1_ASM1416957v1_202109200955_124_length_1302_cov_35.312340,1302,2003100,2004401
GCA_014169575.1_ASM1416957v1,plasmid_AA337,AP022208.1,GCA_014169575.1_ASM1416957v1_202109200955_132_length_1015_cov_19.965090,1015,138390,139404
GCA_014169575.1_ASM1416957v1,plasmid_AA337,AP022208.1,GCA_014169575.1_ASM1416957v1_202109200955_132_length_1015_cov_19.965090,1015,67926,68940
GCA_014169575.1_ASM1416957v1,plasmid_AA336,AP022208.1,GCA_014169575.1_ASM1416957v1_202109200955_110_length_2355_cov_10.297127,2355,70986,73340
GCA_014169575.1_ASM1416957v1,plasmid_AA336,AP022208.1,GCA_014169575.1_ASM1416957v1_202109200955_110_length_2355_cov_10.297127,2354,141462,143815
GCA_014109625.1_ASM1410962v1,plasmid_AA302,CP058091.1,GCA_014109625.1_ASM1410962v1_202109200955_64_length_1949_cov_117.048299,1949,73141,75089
GCA_014109625.1_ASM1410962v1,plasmid_AA302,CP058092.1,GCA_014109625.1_ASM1410962v1_202109200955_64_length_1949_cov_117.048299,1949,19919,21867
GCA_013749975.1_ASM1374997v1,plasmid_AA329,CP056556.1,GCA_013749975.1_ASM1374997v1_202109171340_107_length_1310_cov_202.046229,1310,1317405,1318714
GCA_013749975.1_ASM1374997v1,plasmid_AA329,CP056556.1,GCA_013749975.1_ASM1374997v1_202109171340_107_length_1310_cov_202.046229,1310,206517,207826
GCA_013749975.1_ASM1374997v1,plasmid_AA329,CP056557.1,GCA_013749975.1_ASM1374997v1_202109171340_107_length_1310_cov_202.046229,1310,18088,19397
GCA_013885155.1_ASM1388515v1,plasmid_AA474,CP057540.1,GCA_013885155.1_ASM1388515v1_202109200955_29_length_2663_cov_71.372634,2663,23771,26433
GCA_013885155.1_ASM1388515v1,plasmid_AA474,CP057541.1,GCA_013885155.1_ASM1388515v1_202109200955_29_length_2663_cov_71.372634,2663,14835,17497
GCA_014170675.1_ASM1417067v1,plasmid_AA474,CP059917.1,GCA_014170675.1_ASM1417067v1_202109200955_78_length_2031_cov_33.974790,2031,3989925,3991955
GCA_014170675.1_ASM1417067v1,plasmid_AA474,CP059917.1,GCA_014170675.1_ASM1417067v1_202109200955_78_length_2031_cov_33.974790,2031,2419634,2421664
GCA_014170675.1_ASM1417067v1,plasmid_AA474,CP059917.1,GCA_014170675.1_ASM1417067v1_202109200955_78_length_2031_cov_33.974790,2031,33062,35092
GCA_014170675.1_ASM1417067v1,plasmid_AA474,CP059917.1,GCA_014170675.1_ASM1417067v1_202109200955_78_length_2031_cov_33.974790,2031,1011532,1013562
GCA_014170675.1_ASM1417067v1,plasmid_AA176,CP059917.1,GCA_014170675.1_ASM1417067v1_202109200955_71_length_2699_cov_38.713453,2699,3963949,3966647
GCA_014170675.1_ASM1417067v1,plasmid_AA176,CP059918.1,GCA_014170675.1_ASM1417067v1_202109200955_71_length_2699_cov_38.713453,2699,45300,47998
GCA_014170675.1_ASM1417067v1,plasmid_AA176,CP059918.1,GCA_014170675.1_ASM1417067v1_202109200955_71_length_2699_cov_38.713453,2699,110970,113668
GCA_014170675.1_ASM1417067v1,plasmid_AA176,CP059917.1,GCA_014170675.1_ASM1417067v1_202109200955_71_length_2699_cov_38.713453,2699,2858332,2861030
GCA_014170675.1_ASM1417067v1,plasmid_AA176,CP059918.1,GCA_014170675.1_ASM1417067v1_202109200955_81_length_1714_cov_18.113422,1714,192288,194001
GCA_014170675.1_ASM1417067v1,plasmid_AA176,CP059919.1,GCA_014170675.1_ASM1417067v1_202109200955_81_length_1714_cov_18.113422,1714,1929,3642
GCA_013602835.1_ASM1360283v1,plasmid_AA283,CP055725.1,GCA_013602835.1_ASM1360283v1_202109200955_81_length_2361_cov_113.266200,2361,49357,51717
GCA_013602835.1_ASM1360283v1,plasmid_AA283,CP055726.1,GCA_013602835.1_ASM1360283v1_202109200955_81_length_2361_cov_113.266200,2361,21902,24262
GCA_013602835.1_ASM1360283v1,plasmid_novel_15ddd222522274deee0bea43c8fd5976,CP055724.1,GCA_013602835.1_ASM1360283v1_202109200955_78_length_2699_cov_293.152555,2699,3772231,3774929
GCA_013602835.1_ASM1360283v1,plasmid_novel_15ddd222522274deee0bea43c8fd5976,CP055726.1,GCA_013602835.1_ASM1360283v1_202109200955_78_length_2699_cov_293.152555,2699,17604,20302
GCA_013602835.1_ASM1360283v1,plasmid_novel_15ddd222522274deee0bea43c8fd5976,CP055724.1,GCA_013602835.1_ASM1360283v1_202109200955_78_length_2699_cov_293.152555,2699,1336791,1339489
GCA_013602835.1_ASM1360283v1,plasmid_novel_15ddd222522274deee0bea43c8fd5976,CP055724.1,GCA_013602835.1_ASM1360283v1_202109200955_78_length_2699_cov_293.152555,2699,269821,272519
GCA_013602835.1_ASM1360283v1,plasmid_novel_15ddd222522274deee0bea43c8fd5976,CP055724.1,GCA_013602835.1_ASM1360283v1_202109200955_78_length_2699_cov_293.152555,2699,33649,36347
GCA_013602835.1_ASM1360283v1,plasmid_novel_15ddd222522274deee0bea43c8fd5976,CP055724.1,GCA_013602835.1_ASM1360283v1_202109200955_78_length_2699_cov_293.152555,2699,252068,254766
GCA_013602835.1_ASM1360283v1,plasmid_novel_15ddd222522274deee0bea43c8fd5976,CP055725.1,GCA_013602835.1_ASM1360283v1_202109200955_78_length_2699_cov_293.152555,2699,85187,87885
GCA_013602835.1_ASM1360283v1,plasmid_novel_15ddd222522274deee0bea43c8fd5976,CP055725.1,GCA_013602835.1_ASM1360283v1_202109200955_78_length_2699_cov_293.152555,2699,12174,14872
GCA_013731515.1_ASM1373151v1,plasmid_AA176,CP056304.1,GCA_013731515.1_ASM1373151v1_202109200955_49_length_1084_cov_39.693835,1084,4095824,4096907
GCA_013731515.1_ASM1373151v1,plasmid_AA176,CP056305.1,GCA_013731515.1_ASM1373151v1_202109200955_49_length_1084_cov_39.693835,1084,114166,115249
GCA_013819805.1_ASM1381980v1,plasmid_AA302,CP057224.1,GCA_013819805.1_ASM1381980v1_202109200955_23_length_1475_cov_155.030043,1475,11528,13002
GCA_013819805.1_ASM1381980v1,plasmid_AA302,CP057223.1,GCA_013819805.1_ASM1381980v1_202109200955_23_length_1475_cov_155.030043,1475,3825121,3826595
GCA_014168755.1_ASM1416875v1,plasmid_AA474,AP021948.1,GCA_014168755.1_ASM1416875v1_202109200955_125_length_2125_cov_101.723223,2125,37707,39831
GCA_014168755.1_ASM1416875v1,plasmid_AA474,AP021947.1,GCA_014168755.1_ASM1416875v1_202109200955_125_length_2125_cov_101.723223,2125,58592,60716
GCA_014168755.1_ASM1416875v1,plasmid_AA474,AP021946.1,GCA_014168755.1_ASM1416875v1_202109200955_125_length_2125_cov_101.723223,2125,3822160,3824284
GCA_014168755.1_ASM1416875v1,plasmid_AA474,AP021946.1,GCA_014168755.1_ASM1416875v1_202109200955_125_length_2125_cov_101.723223,2125,4600115,4602239
GCA_014168755.1_ASM1416875v1,plasmid_AA474,AP021947.1,GCA_014168755.1_ASM1416875v1_202109200955_125_length_2125_cov_101.723223,2125,157853,159977
GCA_014168755.1_ASM1416875v1,plasmid_AA474,AP021946.1,GCA_014168755.1_ASM1416875v1_202109200955_146_length_1058_cov_53.269603,1058,2629735,2630792
GCA_014168755.1_ASM1416875v1,plasmid_AA474,AP021946.1,GCA_014168755.1_ASM1416875v1_202109200955_146_length_1058_cov_53.269603,1058,3523444,3524501
GCA_014168755.1_ASM1416875v1,plasmid_AA474,AP021946.1,GCA_014168755.1_ASM1416875v1_202109200955_146_length_1058_cov_53.269603,1058,1077659,1078716
GCA_014168755.1_ASM1416875v1,plasmid_AA176,AP021946.1,GCA_014168755.1_ASM1416875v1_202109200955_141_length_1181_cov_236.909867,1181,3739184,3740364
GCA_014168755.1_ASM1416875v1,plasmid_AA176,AP021946.1,GCA_014168755.1_ASM1416875v1_202109200955_141_length_1181_cov_236.909867,1181,1927582,1928762
GCA_014168755.1_ASM1416875v1,plasmid_AA176,AP021947.1,GCA_014168755.1_ASM1416875v1_202109200955_141_length_1181_cov_236.909867,1181,56046,57226
GCA_014168755.1_ASM1416875v1,plasmid_AA176,AP021946.1,GCA_014168755.1_ASM1416875v1_202109200955_141_length_1181_cov_236.909867,1181,2535651,2536831
GCA_014168755.1_ASM1416875v1,plasmid_AA176,AP021946.1,GCA_014168755.1_ASM1416875v1_202109200955_141_length_1181_cov_236.909867,1181,589174,590354
GCA_014168755.1_ASM1416875v1,plasmid_AA176,AP021946.1,GCA_014168755.1_ASM1416875v1_202109200955_141_length_1181_cov_236.909867,1181,2800621,2801801
GCA_014168755.1_ASM1416875v1,plasmid_AA176,AP021946.1,GCA_014168755.1_ASM1416875v1_202109200955_141_length_1181_cov_236.909867,1181,3820847,3822027
GCA_014168755.1_ASM1416875v1,plasmid_AA176,AP021946.1,GCA_014168755.1_ASM1416875v1_202109200955_141_length_1181_cov_236.909867,1181,2808515,2809695
GCA_014168755.1_ASM1416875v1,plasmid_AA176,AP021947.1,GCA_014168755.1_ASM1416875v1_202109200955_141_length_1181_cov_236.909867,1181,3028,4208
GCA_014168755.1_ASM1416875v1,plasmid_AA176,AP021946.1,GCA_014168755.1_ASM1416875v1_202109200955_141_length_1181_cov_236.909867,1181,4553249,4554429
GCA_014168755.1_ASM1416875v1,plasmid_AA176,AP021947.1,GCA_014168755.1_ASM1416875v1_202109200955_142_length_1170_cov_97.380633,1170,177006,178175
GCA_014168755.1_ASM1416875v1,plasmid_AA176,AP021947.1,GCA_014168755.1_ASM1416875v1_202109200955_142_length_1170_cov_97.380633,1170,53875,55044
GCA_014168755.1_ASM1416875v1,plasmid_AA176,AP021947.1,GCA_014168755.1_ASM1416875v1_202109200955_142_length_1170_cov_97.380633,1170,62011,63180
GCA_014168755.1_ASM1416875v1,plasmid_AA176,AP021946.1,GCA_014168755.1_ASM1416875v1_202109200955_142_length_1170_cov_97.380633,1170,4573877,4575046
GCA_013825245.1_ASM1382524v1,plasmid_AA328,CP057293.1,GCA_013825245.1_ASM1382524v1_202109171340_151_length_1336_cov_48.354839,1336,2665634,2666969
GCA_013825245.1_ASM1382524v1,plasmid_AA328,CP057296.1,GCA_013825245.1_ASM1382524v1_202109171340_151_length_1336_cov_48.354839,1336,75323,76658
GCA_013797825.1_ASM1379782v1,plasmid_AA334,CP056903.1,GCA_013797825.1_ASM1379782v1_202109200955_109_length_1080_cov_10.916055,1080,92918,93997
GCA_013797825.1_ASM1379782v1,plasmid_AA334,CP056902.1,GCA_013797825.1_ASM1379782v1_202109200955_109_length_1080_cov_10.916055,1080,2086300,2087379
GCA_013797825.1_ASM1379782v1,plasmid_AA282,CP056903.1,GCA_013797825.1_ASM1379782v1_202109200955_87_length_2618_cov_16.240466,2618,24994,27611
GCA_013797825.1_ASM1379782v1,plasmid_AA282,CP056903.1,GCA_013797825.1_ASM1379782v1_202109200955_87_length_2618_cov_16.240466,2618,15485,18102
GCA_013797825.1_ASM1379782v1,plasmid_AA282,CP056902.1,GCA_013797825.1_ASM1379782v1_202109200955_99_length_1366_cov_30.742534,1366,2102059,2103424
GCA_013797825.1_ASM1379782v1,plasmid_AA282,CP056903.1,GCA_013797825.1_ASM1379782v1_202109200955_99_length_1366_cov_30.742534,1366,10045,11410
GCA_013797825.1_ASM1379782v1,plasmid_AA282,CP056904.1,GCA_013797825.1_ASM1379782v1_202109200955_99_length_1366_cov_30.742534,1366,24886,26251
GCA_014131595.1_ASM1413159v1,plasmid_AA297,CP048866.1,GCA_014131595.1_ASM1413159v1_202109200955_82_length_2212_cov_42.674341,2212,22949,25160
GCA_014131595.1_ASM1413159v1,plasmid_AA297,CP048866.1,GCA_014131595.1_ASM1413159v1_202109200955_82_length_2212_cov_42.674341,2212,47375,49586
GCA_014131595.1_ASM1413159v1,plasmid_AA297,CP048866.1,GCA_014131595.1_ASM1413159v1_202109200955_82_length_2212_cov_42.674341,2212,6531,8742
GCA_014131595.1_ASM1413159v1,plasmid_AA297,CP048865.1,GCA_014131595.1_ASM1413159v1_202109200955_82_length_2212_cov_42.674341,2212,4260208,4262419
GCA_013890795.1_ASM1389079v1,plasmid_AC082,CP057635.1,GCA_013890795.1_ASM1389079v1_202109200955_79_length_1299_cov_144.160393,1299,2309,3607
GCA_013890795.1_ASM1389079v1,plasmid_AC082,CP057634.1,GCA_013890795.1_ASM1389079v1_202109200955_79_length_1299_cov_144.160393,1299,1812594,1813892
GCA_013890795.1_ASM1389079v1,plasmid_AC082,CP057634.1,GCA_013890795.1_ASM1389079v1_202109200955_79_length_1299_cov_144.160393,1299,2413195,2414493
GCA_013890795.1_ASM1389079v1,plasmid_AC082,CP057634.1,GCA_013890795.1_ASM1389079v1_202109200955_79_length_1299_cov_144.160393,1299,4002920,4004218
GCA_013890795.1_ASM1389079v1,plasmid_AC082,CP057635.1,GCA_013890795.1_ASM1389079v1_202109200955_83_length_1050_cov_79.182939,1050,31405,32454
GCA_013890795.1_ASM1389079v1,plasmid_AC082,CP057634.1,GCA_013890795.1_ASM1389079v1_202109200955_83_length_1050_cov_79.182939,1050,2675517,2676566
GCA_013890795.1_ASM1389079v1,plasmid_AC082,CP057635.1,GCA_013890795.1_ASM1389079v1_202109200955_84_length_1025_cov_69.483122,1025,24559,25583
GCA_013890795.1_ASM1389079v1,plasmid_AC082,CP057634.1,GCA_013890795.1_ASM1389079v1_202109200955_84_length_1025_cov_69.483122,1025,2659200,2660224
GCA_013806725.1_ASM1380672v1,plasmid_AA887,CP057056.1,GCA_013806725.1_ASM1380672v1_202109200955_76_length_1221_cov_233.939685,1221,64760,65980
GCA_013806725.1_ASM1380672v1,plasmid_AA887,CP057055.1,GCA_013806725.1_ASM1380672v1_202109200955_76_length_1221_cov_233.939685,1221,2353018,2354238
GCA_013806725.1_ASM1380672v1,plasmid_AA887,CP057055.1,GCA_013806725.1_ASM1380672v1_202109200955_76_length_1221_cov_233.939685,1221,2350753,2351973
GCA_013802585.1_ASM1380258v1,plasmid_AB718,CP056998.1,GCA_013802585.1_ASM1380258v1_202109200955_95_length_1551_cov_686.204206,1551,16574,18124
GCA_013802585.1_ASM1380258v1,plasmid_AB718,CP056998.1,GCA_013802585.1_ASM1380258v1_202109200955_95_length_1551_cov_686.204206,1551,22062,23612
GCA_013802585.1_ASM1380258v1,plasmid_AB718,CP056999.1,GCA_013802585.1_ASM1380258v1_202109200955_95_length_1551_cov_686.204206,1551,31761,33311
GCA_014169855.1_ASM1416985v1,plasmid_AA941,AP022287.1,GCA_014169855.1_ASM1416985v1_202109200955_103_length_1092_cov_226.677833,1092,4058737,4059828
GCA_014169855.1_ASM1416985v1,plasmid_AA941,AP022287.1,GCA_014169855.1_ASM1416985v1_202109200955_103_length_1092_cov_226.677833,1092,3175169,3176260
GCA_014169855.1_ASM1416985v1,plasmid_AA941,AP022287.1,GCA_014169855.1_ASM1416985v1_202109200955_103_length_1092_cov_226.677833,1092,2935496,2936587
GCA_014169855.1_ASM1416985v1,plasmid_AA941,AP022287.1,GCA_014169855.1_ASM1416985v1_202109200955_103_length_1092_cov_226.677833,1092,2658964,2660055
GCA_014169855.1_ASM1416985v1,plasmid_AA941,AP022287.1,GCA_014169855.1_ASM1416985v1_202109200955_103_length_1092_cov_226.677833,1092,4720478,4721569
GCA_014169855.1_ASM1416985v1,plasmid_AA941,AP022287.1,GCA_014169855.1_ASM1416985v1_202109200955_103_length_1092_cov_226.677833,1092,287917,289008
GCA_014169855.1_ASM1416985v1,plasmid_AA941,AP022287.1,GCA_014169855.1_ASM1416985v1_202109200955_103_length_1092_cov_226.677833,1092,3851108,3852199
GCA_014169855.1_ASM1416985v1,plasmid_AA941,AP022287.1,GCA_014169855.1_ASM1416985v1_202109200955_103_length_1092_cov_226.677833,1092,2955631,2956722
GCA_014169855.1_ASM1416985v1,plasmid_AA941,AP022287.1,GCA_014169855.1_ASM1416985v1_202109200955_103_length_1092_cov_226.677833,1092,769673,770764
GCA_014169855.1_ASM1416985v1,plasmid_AA941,AP022288.1,GCA_014169855.1_ASM1416985v1_202109200955_103_length_1092_cov_226.677833,1092,110323,111414
GCA_014169855.1_ASM1416985v1,plasmid_AA941,AP022287.1,GCA_014169855.1_ASM1416985v1_202109200955_103_length_1092_cov_226.677833,1092,1259351,1260442
GCA_014169855.1_ASM1416985v1,plasmid_AA941,AP022287.1,GCA_014169855.1_ASM1416985v1_202109200955_103_length_1092_cov_226.677833,1092,4541518,4542609
GCA_014169855.1_ASM1416985v1,plasmid_AA941,AP022287.1,GCA_014169855.1_ASM1416985v1_202109200955_103_length_1092_cov_226.677833,1092,3158449,3159540
GCA_013795545.1_ASM1379554v1,plasmid_AA173,CP056870.1,GCA_013795545.1_ASM1379554v1_202109200955_75_length_1368_cov_97.896204,1368,1947894,1949261
GCA_013795545.1_ASM1379554v1,plasmid_AA173,CP056871.1,GCA_013795545.1_ASM1379554v1_202109200955_75_length_1368_cov_97.896204,1368,88886,90253
GCA_013795545.1_ASM1379554v1,plasmid_AA336,CP056871.1,GCA_013795545.1_ASM1379554v1_202109200955_67_length_2345_cov_344.892416,2345,52514,54858
GCA_013795545.1_ASM1379554v1,plasmid_AA336,CP056872.1,GCA_013795545.1_ASM1379554v1_202109200955_67_length_2345_cov_344.892416,2345,19872,22216
GCA_013795545.1_ASM1379554v1,plasmid_AA336,CP056870.1,GCA_013795545.1_ASM1379554v1_202109200955_67_length_2345_cov_344.892416,2345,2501717,2504061
GCA_013795545.1_ASM1379554v1,plasmid_AA336,CP056871.1,GCA_013795545.1_ASM1379554v1_202109200955_67_length_2345_cov_344.892416,2345,62594,64938
GCA_013795545.1_ASM1379554v1,plasmid_AA336,CP056871.1,GCA_013795545.1_ASM1379554v1_202109200955_67_length_2345_cov_344.892416,2345,68265,70609
GCA_013790145.1_ASM1379014v1,plasmid_AC247,CP056797.1,GCA_013790145.1_ASM1379014v1_202109171340_68_length_2036_cov_133.118428,2036,22028,24063
GCA_013790145.1_ASM1379014v1,plasmid_AC247,CP056798.1,GCA_013790145.1_ASM1379014v1_202109171340_68_length_2036_cov_133.118428,2036,19604,21639
GCA_013790145.1_ASM1379014v1,plasmid_AA405,CP056794.1,GCA_013790145.1_ASM1379014v1_202109171340_67_length_2281_cov_71.220508,2281,1447980,1450260
GCA_013790145.1_ASM1379014v1,plasmid_AA405,CP056794.1,GCA_013790145.1_ASM1379014v1_202109171340_67_length_2281_cov_71.220508,2281,2397092,2399372
GCA_013790145.1_ASM1379014v1,plasmid_AA405,CP056794.1,GCA_013790145.1_ASM1379014v1_202109171340_80_length_1058_cov_107.285423,1058,2595260,2596317
GCA_013790145.1_ASM1379014v1,plasmid_AA405,CP056794.1,GCA_013790145.1_ASM1379014v1_202109171340_80_length_1058_cov_107.285423,1058,2541482,2542539
GCA_013790145.1_ASM1379014v1,plasmid_AA405,CP056794.1,GCA_013790145.1_ASM1379014v1_202109171340_80_length_1058_cov_107.285423,1058,3746125,3747182
GCA_014169915.1_ASM1416991v1,plasmid_AA734,AP022298.1,GCA_014169915.1_ASM1416991v1_202109200955_114_length_1258_cov_26.731211,1258,866789,868046
GCA_014169915.1_ASM1416991v1,plasmid_AA734,AP022298.1,GCA_014169915.1_ASM1416991v1_202109200955_114_length_1258_cov_26.731211,1258,3938874,3940131
GCA_014169915.1_ASM1416991v1,plasmid_AA734,AP022298.1,GCA_014169915.1_ASM1416991v1_202109200955_124_length_1033_cov_68.119205,1033,139817,140849
GCA_014169915.1_ASM1416991v1,plasmid_AA734,AP022298.1,GCA_014169915.1_ASM1416991v1_202109200955_124_length_1033_cov_68.119205,1033,1662202,1663234
GCA_014169915.1_ASM1416991v1,plasmid_AA734,AP022298.1,GCA_014169915.1_ASM1416991v1_202109200955_124_length_1033_cov_68.119205,1033,4216393,4217425
GCA_014169915.1_ASM1416991v1,plasmid_AA734,AP022298.1,GCA_014169915.1_ASM1416991v1_202109200955_124_length_1033_cov_68.119205,1033,93056,94088
GCA_014169915.1_ASM1416991v1,plasmid_AA734,AP022298.1,GCA_014169915.1_ASM1416991v1_202109200955_124_length_1033_cov_68.119205,1033,4232032,4233064
GCA_014169915.1_ASM1416991v1,plasmid_AA184,AP022298.1,GCA_014169915.1_ASM1416991v1_202109200955_112_length_1341_cov_53.355025,1341,3613011,3614351
GCA_014169915.1_ASM1416991v1,plasmid_AA184,AP022298.1,GCA_014169915.1_ASM1416991v1_202109200955_112_length_1341_cov_53.355025,1341,3614864,3616204
GCA_014169915.1_ASM1416991v1,plasmid_AA184,AP022298.1,GCA_014169915.1_ASM1416991v1_202109200955_112_length_1341_cov_53.355025,1341,1217428,1218768
GCA_014169915.1_ASM1416991v1,plasmid_AA184,AP022298.1,GCA_014169915.1_ASM1416991v1_202109200955_112_length_1341_cov_53.355025,1341,4238299,4239639
GCA_014169915.1_ASM1416991v1,plasmid_AA184,AP022300.1,GCA_014169915.1_ASM1416991v1_202109200955_112_length_1341_cov_53.355025,1341,6825,8165
GCA_014169915.1_ASM1416991v1,plasmid_AA184,AP022298.1,GCA_014169915.1_ASM1416991v1_202109200955_118_length_1168_cov_22.217099,1168,4361803,4362970
GCA_014169915.1_ASM1416991v1,plasmid_AA184,AP022298.1,GCA_014169915.1_ASM1416991v1_202109200955_118_length_1168_cov_22.217099,1168,937915,939082
GCA_014169915.1_ASM1416991v1,plasmid_AA338,AP022300.1,GCA_014169915.1_ASM1416991v1_202109200955_122_length_1072_cov_14.096296,1072,31257,32328
GCA_014169915.1_ASM1416991v1,plasmid_AA338,AP022299.1,GCA_014169915.1_ASM1416991v1_202109200955_122_length_1072_cov_14.096296,1072,24905,25976
GCA_014058445.1_ASM1405844v1,plasmid_AA346,CP058683.1,GCA_014058445.1_ASM1405844v1_202109151627_147_length_1839_cov_214.025117,1839,22623,24461
GCA_014058445.1_ASM1405844v1,plasmid_AA346,CP058683.1,GCA_014058445.1_ASM1405844v1_202109151627_147_length_1839_cov_214.025117,1839,87098,88936
GCA_014058445.1_ASM1405844v1,plasmid_AA346,CP058683.1,GCA_014058445.1_ASM1405844v1_202109151627_147_length_1839_cov_214.025117,1838,58110,59947
GCA_014058445.1_ASM1405844v1,plasmid_AA346,CP058683.1,GCA_014058445.1_ASM1405844v1_202109151627_156_length_1634_cov_163.191772,1634,61067,62700
GCA_014058445.1_ASM1405844v1,plasmid_AA346,CP058683.1,GCA_014058445.1_ASM1405844v1_202109151627_156_length_1634_cov_163.191772,1629,19426,21054
GCA_013899725.1_ASM1389972v1,plasmid_AB233,CP057902.1,GCA_013899725.1_ASM1389972v1_202109200955_72_length_2132_cov_126.351338,2132,63515,65646
GCA_013899725.1_ASM1389972v1,plasmid_AB233,CP057902.1,GCA_013899725.1_ASM1389972v1_202109200955_72_length_2132_cov_126.351338,2132,116552,118683
GCA_013899725.1_ASM1389972v1,plasmid_AB233,CP057901.1,GCA_013899725.1_ASM1389972v1_202109200955_72_length_2132_cov_126.351338,2132,4665074,4667205
GCA_014169595.1_ASM1416959v1,plasmid_AA474,AP022215.1,GCA_014169595.1_ASM1416959v1_202109200955_57_length_1204_cov_62.506035,1204,2563638,2564841
GCA_014169595.1_ASM1416959v1,plasmid_AA474,AP022215.1,GCA_014169595.1_ASM1416959v1_202109200955_57_length_1204_cov_62.506035,1204,895301,896504
GCA_014169615.1_ASM1416961v1,plasmid_AA282,AP022222.1,GCA_014169615.1_ASM1416961v1_202109200955_83_length_1310_cov_34.988166,1310,1979981,1981290
GCA_014169615.1_ASM1416961v1,plasmid_AA282,AP022222.1,GCA_014169615.1_ASM1416961v1_202109200955_83_length_1310_cov_34.988166,1310,854988,856297
GCA_014169615.1_ASM1416961v1,plasmid_AA324,AP022223.1,GCA_014169615.1_ASM1416961v1_202109200955_81_length_1331_cov_15.260797,1331,38778,40108
GCA_014169615.1_ASM1416961v1,plasmid_AA324,AP022223.1,GCA_014169615.1_ASM1416961v1_202109200955_81_length_1331_cov_15.260797,1331,17642,18972
GCA_014169615.1_ASM1416961v1,plasmid_AA336,AP022223.1,GCA_014169615.1_ASM1416961v1_202109200955_48_length_3943_cov_6.731656,3943,70707,74649
GCA_014169615.1_ASM1416961v1,plasmid_AA336,AP022225.1,GCA_014169615.1_ASM1416961v1_202109200955_48_length_3943_cov_6.731656,3933,26873,30805
GCA_014169615.1_ASM1416961v1,plasmid_AA336,AP022223.1,GCA_014169615.1_ASM1416961v1_202109200955_82_length_1330_cov_12.202826,1330,98085,99414
GCA_014169615.1_ASM1416961v1,plasmid_AA336,AP022225.1,GCA_014169615.1_ASM1416961v1_202109200955_82_length_1330_cov_12.202826,1330,56472,57801
GCA_014169415.1_ASM1416941v1,plasmid_AA174,AP022162.1,GCA_014169415.1_ASM1416941v1_202109171340_79_length_1656_cov_21.041203,1656,22603,24258
GCA_014169415.1_ASM1416941v1,plasmid_AA174,AP022161.1,GCA_014169415.1_ASM1416941v1_202109171340_79_length_1656_cov_21.041203,1656,617422,619077
GCA_013728735.1_ASM1372873v1,plasmid_AA297,CP056273.1,GCA_013728735.1_ASM1372873v1_202109200955_68_length_2699_cov_147.433126,2699,974106,976804
GCA_013728735.1_ASM1372873v1,plasmid_AA297,CP056273.1,GCA_013728735.1_ASM1372873v1_202109200955_68_length_2699_cov_147.433126,2699,4211560,4214258
GCA_013728735.1_ASM1372873v1,plasmid_AA297,CP056273.1,GCA_013728735.1_ASM1372873v1_202109200955_68_length_2699_cov_147.433126,2699,4624625,4627323
GCA_013728735.1_ASM1372873v1,plasmid_AA297,CP056273.1,GCA_013728735.1_ASM1372873v1_202109200955_68_length_2699_cov_147.433126,2699,124377,127075
GCA_013728735.1_ASM1372873v1,plasmid_AA297,CP056273.1,GCA_013728735.1_ASM1372873v1_202109200955_68_length_2699_cov_147.433126,2699,2097104,2099802
GCA_013728735.1_ASM1372873v1,plasmid_AA297,CP056274.1,GCA_013728735.1_ASM1372873v1_202109200955_68_length_2699_cov_147.433126,2699,82179,84877
GCA_013728735.1_ASM1372873v1,plasmid_AA297,CP056273.1,GCA_013728735.1_ASM1372873v1_202109200955_73_length_1340_cov_40.098928,1340,3047003,3048342
GCA_013728735.1_ASM1372873v1,plasmid_AA297,CP056273.1,GCA_013728735.1_ASM1372873v1_202109200955_73_length_1340_cov_40.098928,1340,1626124,1627463
GCA_014169015.1_ASM1416901v1,plasmid_AA171,AP022045.1,GCA_014169015.1_ASM1416901v1_202109200955_84_length_2430_cov_36.539312,2430,2688,5117
GCA_014169015.1_ASM1416901v1,plasmid_AA171,AP022045.1,GCA_014169015.1_ASM1416901v1_202109200955_84_length_2430_cov_36.539312,2430,145541,147970
GCA_014169015.1_ASM1416901v1,plasmid_AA171,AP022045.1,GCA_014169015.1_ASM1416901v1_202109200955_84_length_2430_cov_36.539312,2429,12262,14690
