GCA_014169115.1_ASM1416911v1,plasmid_AB685,no_correct_alignments,0,0
GCA_014169115.1_ASM1416911v1,plasmid_AD482,AP022075.1,3072,3072
GCA_014169115.1_ASM1416911v1,plasmid_novel_c4a613a5d8dcce40ad75212b142f8e6a,AP022070.1,15488,25602
GCA_014169115.1_ASM1416911v1,plasmid_novel_c4a613a5d8dcce40ad75212b142f8e6a,AP022069.1,11396,25602
GCA_014169115.1_ASM1416911v1,plasmid_novel_c4a613a5d8dcce40ad75212b142f8e6a,AP022072.1,2511,25602
GCA_014169115.1_ASM1416911v1,plasmid_AA977,AP022074.1,4896,5227
GCA_014169115.1_ASM1416911v1,plasmid_AA282,AP022071.1,79889,103122
GCA_014169115.1_ASM1416911v1,plasmid_AA282,AP022070.1,22133,103122
GCA_014169115.1_ASM1416911v1,plasmid_AA282,AP022069.1,10556,103122
GCA_014169115.1_ASM1416911v1,plasmid_AA282,AP022072.1,3670,103122
GCA_014169115.1_ASM1416911v1,plasmid_AA336,AP022072.1,70416,80368
GCA_014169115.1_ASM1416911v1,plasmid_AA336,AP022070.1,9918,80368
GCA_014169115.1_ASM1416911v1,plasmid_AA352,AP022070.1,43884,43884
GCA_014169115.1_ASM1416911v1,plasmid_AC748,AP022076.1,2100,2177
GCA_014169115.1_ASM1416911v1,plasmid_AB446,AP022073.1,4851,5020
GCA_014131575.1_ASM1413157v1,plasmid_AA162,CP048864.1,4593,4720
GCA_013749295.1_ASM1374929v1,plasmid_AA176,CP056525.1,115380,126512
GCA_013749295.1_ASM1374929v1,plasmid_AA176,CP056524.1,11089,126512
GCA_013749295.1_ASM1374929v1,plasmid_AA579,CP056526.1,4074,4151
GCA_014169275.1_ASM1416927v1,plasmid_AC529,no_correct_alignments,0,0
GCA_014169275.1_ASM1416927v1,plasmid_AA159,no_correct_alignments,0,0
GCA_014169275.1_ASM1416927v1,plasmid_AA474,AP022122.1,88590,88717
GCA_014169275.1_ASM1416927v1,plasmid_AA179,AP022121.1,64253,152777
GCA_014169275.1_ASM1416927v1,plasmid_AA579,no_correct_alignments,0,0
GCA_013900205.1_ASM1390020v1,plasmid_AA474,CP057972.1,110406,110555
GCA_013900205.1_ASM1390020v1,plasmid_AA313,CP057971.1,135917,136133
GCA_013745955.1_ASM1374595v1,plasmid_AA734,CP056358.1,111907,111907
GCA_013745955.1_ASM1374595v1,plasmid_AA579,no_correct_alignments,0,0
GCA_013745955.1_ASM1374595v1,plasmid_AA525,no_correct_alignments,0,0
GCA_014168935.1_ASM1416893v1,plasmid_AA327,AP022031.1,74285,74285
GCA_014168935.1_ASM1416893v1,plasmid_AC082,AP022030.1,17524,17524
GCA_014169455.1_ASM1416945v1,plasmid_AA579,AP022176.1,4043,4149
GCA_014169455.1_ASM1416945v1,plasmid_AA282,AP022174.1,93458,93612
GCA_014169455.1_ASM1416945v1,plasmid_AA338,AP022175.1,59860,59975
GCA_013834305.1_ASM1383430v1,plasmid_AA159,CP057457.1,6811,6938
GCA_013834305.1_ASM1383430v1,plasmid_AA304,CP057456.1,94105,94105
GCA_014169475.1_ASM1416947v1,plasmid_AA887,AP022178.1,67880,105240
GCA_014169475.1_ASM1416947v1,plasmid_AA149,no_correct_alignments,0,0
GCA_014169475.1_ASM1416947v1,plasmid_AA579,no_correct_alignments,0,0
GCA_014169475.1_ASM1416947v1,plasmid_novel_8a900f9f58c6cb56e13b65eda5a0448c,AP022179.1,19994,29384
GCA_014169475.1_ASM1416947v1,plasmid_AA977,AP022180.1,5166,5243
GCA_014169475.1_ASM1416947v1,plasmid_novel_3ee7e34fce30f80ca0bb3f2aab2d6ed5,AP022179.1,28502,28502
GCA_014168675.1_ASM1416867v1,plasmid_AB957,AP021934.1,8239,8239
GCA_014168675.1_ASM1416867v1,plasmid_AA176,AP021934.1,88179,94891
GCA_013815235.1_ASM1381523v1,plasmid_AA475,CP057134.1,85526,85526
GCA_013815235.1_ASM1381523v1,plasmid_AA318,CP057135.1,62542,79758
GCA_013795795.1_ASM1379579v1,plasmid_AA173,CP056874.1,26439,44416
GCA_013795795.1_ASM1379579v1,plasmid_AA173,CP056873.1,19268,44416
GCA_013795795.1_ASM1379579v1,plasmid_AA336,CP056875.1,72511,109445
GCA_013795795.1_ASM1379579v1,plasmid_AA336,CP056874.1,48745,109445
GCA_013899605.1_ASM1389960v1,plasmid_AA304,CP057886.1,96629,100291
GCA_013899605.1_ASM1389960v1,plasmid_AB442,CP057887.1,4671,4748
GCA_013830785.1_ASM1383078v1,plasmid_AF576,CP057397.1,50213,50213
GCA_013830785.1_ASM1383078v1,plasmid_AA279,CP057399.1,86134,102202
GCA_013830785.1_ASM1383078v1,plasmid_AA279,CP057400.1,11317,102202
GCA_013830785.1_ASM1383078v1,plasmid_AA279,CP057397.1,1864,102202
GCA_013830785.1_ASM1383078v1,plasmid_AA474,CP057400.1,66515,68005
GCA_013830785.1_ASM1383078v1,plasmid_AA474,CP057398.1,1964,68005
GCA_013830785.1_ASM1383078v1,plasmid_AC510,CP057401.1,6888,7015
GCA_013830785.1_ASM1383078v1,plasmid_AD690,CP057397.1,42432,55406
GCA_013830785.1_ASM1383078v1,plasmid_AD690,CP057400.1,11944,55406
GCA_013830785.1_ASM1383078v1,plasmid_AA738,CP057397.1,127409,129200
GCA_013830785.1_ASM1383078v1,plasmid_AA738,CP057400.1,1791,129200
GCA_013830785.1_ASM1383078v1,plasmid_AA176,CP057398.1,117836,121559
GCA_013830785.1_ASM1383078v1,plasmid_AA176,CP057399.1,3057,121559
GCA_013830785.1_ASM1383078v1,plasmid_AA176,CP057396.1,15930,121559
GCA_013830785.1_ASM1383078v1,plasmid_AA176,CP057400.1,1770,121559
GCA_013830785.1_ASM1383078v1,plasmid_AA176,CP057397.1,3540,121559
GCA_013789905.1_ASM1378990v1,plasmid_AB685,no_correct_alignments,0,0
GCA_013789905.1_ASM1378990v1,plasmid_AA747,CP056788.1,110407,110407
GCA_013789905.1_ASM1378990v1,plasmid_AB238,CP056792.1,1976,2053
GCA_013789905.1_ASM1378990v1,plasmid_AA674,CP056790.1,2809,3202
GCA_013789905.1_ASM1378990v1,plasmid_AA324,CP056787.1,153274,155649
GCA_013789905.1_ASM1378990v1,plasmid_AD167,CP056789.1,11424,11424
GCA_013789905.1_ASM1378990v1,plasmid_AC748,CP056791.1,2088,2165
GCA_013742835.1_ASM1374283v1,plasmid_AA816,CP056625.1,77765,142031
GCA_013742835.1_ASM1374283v1,plasmid_AA816,CP056627.1,40665,142031
GCA_013742835.1_ASM1374283v1,plasmid_AA816,CP056626.1,44373,142031
GCA_013742835.1_ASM1374283v1,plasmid_AD306,CP056627.1,24228,24228
GCA_013742835.1_ASM1374283v1,plasmid_AB043,CP056630.1,1866,2044
GCA_013742835.1_ASM1374283v1,plasmid_novel_9e7aec4f67d29bb394df034e092e654d,CP056627.1,18245,18245
GCA_013742835.1_ASM1374283v1,plasmid_AA053,CP056626.1,14878,14878
GCA_013742835.1_ASM1374283v1,plasmid_AA102,CP056628.1,4075,4202
GCA_013742835.1_ASM1374283v1,plasmid_novel_22c405915e2cc63b739e9da503e7dccd,CP056625.1,6338,19685
GCA_013742835.1_ASM1374283v1,plasmid_novel_22c405915e2cc63b739e9da503e7dccd,CP056627.1,6931,19685
GCA_013742835.1_ASM1374283v1,plasmid_novel_22c405915e2cc63b739e9da503e7dccd,CP056626.1,6416,19685
GCA_013742835.1_ASM1374283v1,plasmid_AA537,CP056629.1,4018,4145
GCA_013742835.1_ASM1374283v1,plasmid_novel_c5f434960e42028bfee4865c48c274a7,CP056626.1,20849,23175
GCA_013742835.1_ASM1374283v1,plasmid_novel_c5f434960e42028bfee4865c48c274a7,CP056627.1,2326,23175
GCA_013900245.1_ASM1390024v1,plasmid_AA282,CP057977.1,89555,89555
GCA_013900245.1_ASM1390024v1,plasmid_AA378,CP057976.1,93585,93712
GCA_013730915.1_ASM1373091v1,plasmid_AA747,CP056300.1,110291,110336
GCA_013823975.1_ASM1382397v1,plasmid_AA302,CP057191.1,101690,101711
GCA_013748455.1_ASM1374845v1,plasmid_AC512,CP056471.1,11068,13492
GCA_013748455.1_ASM1374845v1,plasmid_AC512,CP056470.1,2424,13492
GCA_013748455.1_ASM1374845v1,plasmid_AA336,CP056472.1,54110,91239
GCA_013748455.1_ASM1374845v1,plasmid_AA336,CP056471.1,38152,91239
GCA_013748455.1_ASM1374845v1,plasmid_AA174,CP056471.1,23068,29069
GCA_013748455.1_ASM1374845v1,plasmid_AA174,CP056470.1,2969,29069
GCA_013729295.1_ASM1372929v1,plasmid_novel_c1a05597dae080bf20c431c87153e4d2,no_correct_alignments,0,0
GCA_013729295.1_ASM1372929v1,plasmid_AD481,CP056281.1,4074,4201
GCA_013729295.1_ASM1372929v1,plasmid_novel_c376137ae1728c4de629eb259c64e8be,CP056280.1,37938,45432
GCA_013729295.1_ASM1372929v1,plasmid_novel_c376137ae1728c4de629eb259c64e8be,CP056279.1,7494,45432
GCA_013827205.1_ASM1382720v1,plasmid_AB685,no_correct_alignments,0,0
GCA_013827205.1_ASM1382720v1,plasmid_AA161,CP057338.1,6930,7007
GCA_014131475.1_ASM1413147v1,plasmid_AE638,CP048606.1,25930,22378
GCA_014109065.1_ASM1410906v1,plasmid_AA179,CP058075.1,107917,108003
GCA_013821185.1_ASM1382118v1,plasmid_AA304,CP057252.1,93023,93152
GCA_013821185.1_ASM1382118v1,plasmid_AA747,CP057251.1,110380,111711
GCA_013821185.1_ASM1382118v1,plasmid_AA747,CP057250.1,7986,111711
GCA_013821185.1_ASM1382118v1,plasmid_AB442,CP057253.1,4671,4748
GCA_013783905.1_ASM1378390v1,plasmid_AA297,CP056371.1,116782,114525
GCA_013815865.1_ASM1381586v1,plasmid_AA304,CP057140.1,103005,103056
GCA_013785265.1_ASM1378526v1,plasmid_AE233,no_correct_alignments,0,0
GCA_014109025.1_ASM1410902v1,plasmid_novel_a8653a880f96960fb66c41839f3f0124,CP058053.1,7898,7898
GCA_014109025.1_ASM1410902v1,plasmid_AD465,CP058056.1,2460,2537
GCA_014109025.1_ASM1410902v1,plasmid_AD167,CP058055.1,7553,7553
GCA_014109025.1_ASM1410902v1,plasmid_AB718,CP058054.1,26608,36667
GCA_014109025.1_ASM1410902v1,plasmid_AB718,CP058053.1,13007,36667
GCA_014109025.1_ASM1410902v1,plasmid_AB717,CP058054.1,7252,7252
GCA_013803905.1_ASM1380390v1,plasmid_AA302,CP057017.1,87363,87442
GCA_014131555.1_ASM1413155v1,plasmid_AB685,no_correct_alignments,0,0
GCA_014131555.1_ASM1413155v1,plasmid_AA170,CP048861.1,114047,124448
GCA_014131555.1_ASM1413155v1,plasmid_AA170,CP048860.1,10221,124448
GCA_014131555.1_ASM1413155v1,plasmid_AE638,CP048860.1,13536,13537
GCA_013750815.1_ASM1375081v1,plasmid_AA620,CP056572.1,39529,39656
GCA_013750815.1_ASM1375081v1,plasmid_AA337,CP056570.1,97886,115748
GCA_013750815.1_ASM1375081v1,plasmid_AA337,CP056571.1,31023,115748
GCA_013750815.1_ASM1375081v1,plasmid_AA337,CP056569.1,11042,115748
GCA_013750815.1_ASM1375081v1,plasmid_AA336,CP056571.1,34568,36582
GCA_013750815.1_ASM1375081v1,plasmid_AA336,CP056570.1,1279,36582
GCA_013922765.1_ASM1392276v1,plasmid_AB002,CP058021.1,91260,91260
GCA_014168735.1_ASM1416873v1,plasmid_AA474,AP021945.1,92360,92911
GCA_014168735.1_ASM1416873v1,plasmid_AD097,AP021945.1,9756,9756
GCA_013821835.1_ASM1382183v1,plasmid_novel_45ac7c257b987aa569f7f3241d5809ba,CP057260.1,7149,14333
GCA_013821835.1_ASM1382183v1,plasmid_novel_8cd3c91f715ac9c78345947d28ea4727,CP057260.1,44396,44396
GCA_013821835.1_ASM1382183v1,plasmid_AA516,CP057261.1,5101,5178
GCA_014168855.1_ASM1416885v1,plasmid_AA297,AP022004.1,122316,143390
GCA_014168855.1_ASM1416885v1,plasmid_AA297,AP022003.1,22224,143390
GCA_013891215.1_ASM1389121v1,plasmid_AA473,CP057639.1,87897,89677
GCA_013891215.1_ASM1389121v1,plasmid_AA473,CP057638.1,1780,89677
GCA_013891215.1_ASM1389121v1,plasmid_AC082,CP057638.1,31985,47464
GCA_013891215.1_ASM1389121v1,plasmid_AC082,CP057639.1,14201,47464
GCA_014131495.1_ASM1413149v1,plasmid_AC512,CP048854.1,23157,23157
GCA_014131495.1_ASM1413149v1,plasmid_AE638,no_correct_alignments,0,0
GCA_014131495.1_ASM1413149v1,plasmid_AA336,CP048854.1,54937,77643
GCA_014131495.1_ASM1413149v1,plasmid_novel_b3e46612324e7d4db906e35e4a91e5ec,no_correct_alignments,0,0
GCA_013832285.1_ASM1383228v1,plasmid_AB685,CP057428.1,1208,1679
GCA_013832285.1_ASM1383228v1,plasmid_AA319,CP057424.1,106497,102074
GCA_013832285.1_ASM1383228v1,plasmid_AA319,CP057423.1,9380,102074
GCA_013832285.1_ASM1383228v1,plasmid_AC510,CP057425.1,6888,6965
GCA_013832285.1_ASM1383228v1,plasmid_AB445,CP057427.1,4241,4318
GCA_013832285.1_ASM1383228v1,plasmid_AG799,CP057424.1,3912,3912
GCA_013795285.1_ASM1379528v1,plasmid_AA179,CP056868.1,143215,143215
GCA_013795285.1_ASM1379528v1,plasmid_AA179,CP056867.1,3106,143215
GCA_013798625.1_ASM1379862v1,plasmid_AA176,CP056915.1,136773,135963
GCA_013898915.1_ASM1389891v1,plasmid_AA380,CP057803.1,48301,48301
GCA_013729535.1_ASM1372953v1,plasmid_AA735,CP056283.1,92929,92929
GCA_013751495.1_ASM1375149v1,plasmid_AA304,CP056585.1,95200,95329
GCA_013751495.1_ASM1375149v1,plasmid_AE638,CP056585.1,28359,28359
GCA_014131655.1_ASM1413165v1,plasmid_AA977,CP048874.1,4856,5290
GCA_013890395.1_ASM1389039v1,plasmid_AA304,no_correct_alignments,0,0
GCA_013890395.1_ASM1389039v1,plasmid_AB442,no_correct_alignments,0,0
GCA_013890395.1_ASM1389039v1,plasmid_AC509,no_correct_alignments,0,0
GCA_013890395.1_ASM1389039v1,plasmid_AA378,CP057623.1,97938,98015
GCA_013795065.1_ASM1379506v1,plasmid_novel_fa42710e19a714d84057c0a93c46e810,CP056865.1,10764,11891
GCA_013795065.1_ASM1379506v1,plasmid_AA038,CP056866.1,42977,44117
GCA_013795065.1_ASM1379506v1,plasmid_AG400,CP056865.1,22937,22937
GCA_013893495.1_ASM1389349v1,plasmid_AB238,CP057680.1,1568,1568
GCA_013893495.1_ASM1389349v1,plasmid_AB448,CP057679.1,6760,6837
GCA_013899145.1_ASM1389914v1,plasmid_AA474,CP057846.1,90767,91860
GCA_013899145.1_ASM1389914v1,plasmid_AE638,CP057844.1,25092,25092
GCA_013899145.1_ASM1389914v1,plasmid_AC509,CP057847.1,6668,6745
GCA_013899145.1_ASM1389914v1,plasmid_AA979,CP057848.1,5974,6307
GCA_013899145.1_ASM1389914v1,plasmid_AA378,CP057845.1,84185,87826
GCA_013899145.1_ASM1389914v1,plasmid_AA175,CP057844.1,88065,88065
GCA_013797045.1_ASM1379704v1,plasmid_AA378,CP056895.1,98203,98275
GCA_013592195.1_ASM1359219v1,plasmid_AC247,no_correct_alignments,0,0
GCA_013592195.1_ASM1359219v1,plasmid_AA304,no_correct_alignments,0,0
GCA_013592195.1_ASM1359219v1,plasmid_AA674,no_correct_alignments,0,0
GCA_013592195.1_ASM1359219v1,plasmid_AB002,CP055626.1,91156,91156
GCA_013592195.1_ASM1359219v1,plasmid_novel_5381d635721a8c6cb9ec4cb21af70360,no_correct_alignments,0,0
GCA_013592195.1_ASM1359219v1,plasmid_AC621,CP055628.1,43066,46010
GCA_013592195.1_ASM1359219v1,plasmid_AG799,no_correct_alignments,0,0
GCA_014108945.1_ASM1410894v1,plasmid_AA667,no_correct_alignments,0,0
GCA_014108945.1_ASM1410894v1,plasmid_AA474,CP058016.1,95261,95261
GCA_014108945.1_ASM1410894v1,plasmid_AA302,no_correct_alignments,0,0
GCA_014108945.1_ASM1410894v1,plasmid_AB233,no_correct_alignments,0,0
GCA_013895455.1_ASM1389545v1,plasmid_AA998,CP057714.1,210094,213835
GCA_013895455.1_ASM1389545v1,plasmid_AA749,CP057716.1,69443,69443
GCA_013895455.1_ASM1389545v1,plasmid_AE197,CP057715.1,74158,74230
GCA_014169395.1_ASM1416939v1,plasmid_AB947,AP022159.1,3355,3355
GCA_014169395.1_ASM1416939v1,plasmid_AD312,AP022159.1,17972,17972
GCA_014169395.1_ASM1416939v1,plasmid_AA474,AP022160.1,93877,98769
GCA_014169395.1_ASM1416939v1,plasmid_AA474,AP022159.1,6013,98769
GCA_011849985.2_ASM1184998v2,plasmid_AA345,CP058234.1,88910,89178
GCA_013822325.1_ASM1382232v1,plasmid_AA998,CP057271.1,212251,211417
GCA_011843745.2_ASM1184374v2,plasmid_AA345,CP058232.1,89472,89579
GCA_013832525.1_ASM1383252v1,plasmid_AA749,CP057434.1,50654,50654
GCA_013832525.1_ASM1383252v1,plasmid_AA378,CP057433.1,96190,96336
GCA_013752075.1_ASM1375207v1,plasmid_AA476,no_correct_alignments,0,0
GCA_013752075.1_ASM1375207v1,plasmid_AC314,CP056606.1,11740,11740
GCA_013752075.1_ASM1375207v1,plasmid_AA474,CP056606.1,73155,85586
GCA_013752075.1_ASM1375207v1,plasmid_AA334,CP056605.1,93915,101129
GCA_013752075.1_ASM1375207v1,plasmid_AA282,CP056607.1,77531,82754
GCA_013752075.1_ASM1375207v1,plasmid_AA282,CP056606.1,5223,82754
GCA_012849755.1_ASM1284975v1,plasmid_AA346,CP051632.1,49943,48407
GCA_012849755.1_ASM1284975v1,plasmid_AA346,CP051631.1,25251,48407
GCA_013893695.1_ASM1389369v1,plasmid_AA747,CP057685.1,112153,112225
GCA_013752295.1_ASM1375229v1,plasmid_AA378,CP056619.1,103671,103671
GCA_013742135.1_ASM1374213v1,plasmid_AA334,CP056614.1,93030,100134
GCA_013742135.1_ASM1374213v1,plasmid_AA334,CP056613.1,5456,100134
GCA_013742135.1_ASM1374213v1,plasmid_AA579,CP056616.1,4072,4149
GCA_013742135.1_ASM1374213v1,plasmid_AA282,CP056615.1,89831,92265
GCA_013742135.1_ASM1374213v1,plasmid_AA282,CP056614.1,4868,92265
GCA_013742135.1_ASM1374213v1,plasmid_AB686,no_correct_alignments,0,0
GCA_013884735.1_ASM1388473v1,plasmid_AA304,CP057524.1,85331,85331
GCA_013900005.1_ASM1390000v1,plasmid_AA474,CP057944.1,87827,95059
GCA_013900005.1_ASM1390000v1,plasmid_AA302,CP057943.1,127226,128773
GCA_013900005.1_ASM1390000v1,plasmid_AA302,CP057942.1,4861,128773
GCA_013900005.1_ASM1390000v1,plasmid_novel_8c16f76724fd57f97a20fe2a9464287b,CP057945.1,4612,4689
GCA_013740395.1_ASM1374039v1,plasmid_AB443,CP056450.1,4186,4324
GCA_013740395.1_ASM1374039v1,plasmid_AF098,CP056448.1,14747,20878
GCA_013740395.1_ASM1374039v1,plasmid_AF098,CP056446.1,9496,20878
GCA_013740395.1_ASM1374039v1,plasmid_AB595,CP056449.1,6200,6327
GCA_013740395.1_ASM1374039v1,plasmid_novel_b6d50c47557cb1db1fd11c769f2dd067,CP056448.1,12469,14590
GCA_013740395.1_ASM1374039v1,plasmid_novel_b6d50c47557cb1db1fd11c769f2dd067,CP056446.1,2121,14590
GCA_013740395.1_ASM1374039v1,plasmid_AA378,CP056447.1,93165,94802
GCA_013740395.1_ASM1374039v1,plasmid_AA378,CP056446.1,3270,94802
GCA_013740395.1_ASM1374039v1,plasmid_AA378,CP056448.1,1090,94802
GCA_014170975.1_ASM1417097v1,plasmid_AA159,CP059950.1,5489,5489
GCA_014170975.1_ASM1417097v1,plasmid_AA324,CP059948.1,122840,134302
GCA_014170975.1_ASM1417097v1,plasmid_AA147,CP059951.1,5631,5708
GCA_014170975.1_ASM1417097v1,plasmid_AB233,CP059947.1,1725,38695
GCA_014170975.1_ASM1417097v1,plasmid_AB233,CP059949.1,36970,38695
GCA_014170975.1_ASM1417097v1,plasmid_AB687,no_correct_alignments,0,0
GCA_014168955.1_ASM1416895v1,plasmid_AB685,no_correct_alignments,0,0
GCA_014168955.1_ASM1416895v1,plasmid_AA171,AP022033.1,83461,94878
GCA_014168955.1_ASM1416895v1,plasmid_AA579,no_correct_alignments,0,0
GCA_014168955.1_ASM1416895v1,plasmid_AA977,AP022034.1,5167,5294
GCA_013835585.1_ASM1383558v1,plasmid_AA168,CP057474.1,82962,84014
GCA_013835585.1_ASM1383558v1,plasmid_AA168,CP057473.1,8416,84014
GCA_013783465.1_ASM1378346v1,plasmid_AA474,CP056349.1,83612,83739
GCA_013735655.1_ASM1373565v1,plasmid_AG340,no_correct_alignments,0,0
GCA_013735655.1_ASM1373565v1,plasmid_AB111,no_correct_alignments,0,0
GCA_013735655.1_ASM1373565v1,plasmid_AA056,CP056413.1,84869,122441
GCA_013735655.1_ASM1373565v1,plasmid_AA056,CP056412.1,9100,122441
GCA_013735655.1_ASM1373565v1,plasmid_AB036,no_correct_alignments,0,0
GCA_013735655.1_ASM1373565v1,plasmid_novel_65fb21c9773d3be89822b0686df3059b,CP056412.1,18859,22519
GCA_013735655.1_ASM1373565v1,plasmid_AB229,CP056412.1,9369,9369
GCA_013735655.1_ASM1373565v1,plasmid_AF591,CP056414.1,13243,13370
GCA_013735655.1_ASM1373565v1,plasmid_AA378,CP056412.1,39644,43378
GCA_013735655.1_ASM1373565v1,plasmid_AA810,CP056412.1,13518,13518
GCA_013885915.1_ASM1388591v1,plasmid_AA747,CP057560.1,109880,110007
GCA_013833985.1_ASM1383398v1,plasmid_AD484,CP057454.1,4315,4442
GCA_013818265.1_ASM1381826v1,plasmid_AA378,CP057172.1,94854,96342
GCA_013818265.1_ASM1381826v1,plasmid_AA378,CP057171.1,6710,96342
GCA_013741855.1_ASM1374185v1,plasmid_AA334,CP056609.1,98917,100755
GCA_013741855.1_ASM1374185v1,plasmid_AA579,CP056611.1,3965,4149
GCA_013741855.1_ASM1374185v1,plasmid_AA282,CP056610.1,92481,94915
GCA_013741855.1_ASM1374185v1,plasmid_AA282,CP056609.1,4868,94915
GCA_013741855.1_ASM1374185v1,plasmid_AB686,no_correct_alignments,0,0
GCA_013727075.1_ASM1372707v1,plasmid_AA747,CP056250.1,110612,110739
GCA_013727075.1_ASM1372707v1,plasmid_AA747,CP056249.1,2662,110739
GCA_013832965.1_ASM1383296v1,plasmid_AA749,CP057440.1,50654,50654
GCA_013832965.1_ASM1383296v1,plasmid_AA378,CP057439.1,96190,96446
GCA_013824985.1_ASM1382498v1,plasmid_novel_e02d0c7c484b875241dabcb57ab57c4c,CP057290.1,25752,25752
GCA_013824985.1_ASM1382498v1,plasmid_AA738,CP057288.1,135606,177299
GCA_013824985.1_ASM1382498v1,plasmid_AG658,no_correct_alignments,0,0
GCA_013824985.1_ASM1382498v1,plasmid_AE682,no_correct_alignments,0,0
GCA_013824985.1_ASM1382498v1,plasmid_AA674,no_correct_alignments,0,0
GCA_013824985.1_ASM1382498v1,plasmid_AA343,no_correct_alignments,0,0
GCA_013824985.1_ASM1382498v1,plasmid_AA378,CP057289.1,66925,80627
GCA_013791985.1_ASM1379198v1,plasmid_AA474,CP056844.1,84436,124275
GCA_013791985.1_ASM1379198v1,plasmid_AG658,no_correct_alignments,0,0
GCA_013791985.1_ASM1379198v1,plasmid_AA329,CP056843.1,53177,53231
GCA_013786165.1_ASM1378616v1,plasmid_AA579,no_correct_alignments,0,0
GCA_013786165.1_ASM1378616v1,plasmid_AA976,CP056633.1,7462,7539
GCA_013806085.1_ASM1380608v1,plasmid_AB745,no_correct_alignments,0,0
GCA_013806085.1_ASM1380608v1,plasmid_AA304,CP057046.1,80444,117677
GCA_013806085.1_ASM1380608v1,plasmid_AB442,no_correct_alignments,0,0
GCA_013806085.1_ASM1380608v1,plasmid_AB002,CP057047.1,89153,89153
GCA_014131635.1_ASM1413163v1,plasmid_AA337,CP048871.1,108442,113694
GCA_014131635.1_ASM1413163v1,plasmid_AA337,CP048870.1,5252,113694
GCA_014131635.1_ASM1413163v1,plasmid_AC511,CP048872.1,5153,5280
GCA_013816045.1_ASM1381604v1,plasmid_AA302,CP057142.1,87161,87209
GCA_013899165.1_ASM1389916v1,plasmid_AC082,CP057840.1,29154,29279
GCA_013899165.1_ASM1389916v1,plasmid_AC082,CP057839.1,5368,29279
GCA_014169175.1_ASM1416917v1,plasmid_AA579,AP022099.1,5287,9477
GCA_014169175.1_ASM1416917v1,plasmid_AA579,AP022101.1,4063,9477
GCA_014169175.1_ASM1416917v1,plasmid_AA977,AP022100.1,5167,5294
GCA_014169175.1_ASM1416917v1,plasmid_AC748,AP022104.1,2026,2215
GCA_014169175.1_ASM1416917v1,plasmid_AB687,no_correct_alignments,0,0
GCA_013812015.1_ASM1381201v1,plasmid_AB044,CP057074.1,3557,3887
GCA_014170615.1_ASM1417061v1,plasmid_AA474,CP059909.1,98513,98870
GCA_014170615.1_ASM1417061v1,plasmid_AA179,CP059908.1,181724,181735
GCA_014170615.1_ASM1417061v1,plasmid_AA179,CP059910.1,2686,181735
GCA_014170615.1_ASM1417061v1,plasmid_AA179,CP059907.1,5372,181735
GCA_014170615.1_ASM1417061v1,plasmid_AA378,CP059910.1,94652,94664
GCA_013725775.1_ASM1372577v1,plasmid_AA304,CP056243.1,106600,106955
GCA_013786125.1_ASM1378612v1,plasmid_AA378,CP056621.1,96659,96735
GCA_014169195.1_ASM1416919v1,plasmid_AA324,AP022106.1,102529,104506
GCA_014169195.1_ASM1416919v1,plasmid_AA324,AP022105.1,3911,104506
GCA_014169195.1_ASM1416919v1,plasmid_AA352,AP022106.1,23285,24580
GCA_014169195.1_ASM1416919v1,plasmid_AA352,AP022105.1,22012,24580
GCA_013803745.1_ASM1380374v1,plasmid_AA302,CP057013.1,87445,87487
GCA_013813585.1_ASM1381358v1,plasmid_AA152,CP057111.1,5686,5763
GCA_013813585.1_ASM1381358v1,plasmid_AA302,CP057110.1,103086,105574
GCA_013815445.1_ASM1381544v1,plasmid_AA304,CP057138.1,85213,85477
GCA_014109665.1_ASM1410966v1,plasmid_AB685,no_correct_alignments,0,0
GCA_014109665.1_ASM1410966v1,plasmid_AA345,CP058105.1,102518,102518
GCA_014109665.1_ASM1410966v1,plasmid_AB443,no_correct_alignments,0,0
GCA_014109665.1_ASM1410966v1,plasmid_AA971,no_correct_alignments,0,0
GCA_014109665.1_ASM1410966v1,plasmid_AB239,no_correct_alignments,0,0
GCA_014109665.1_ASM1410966v1,plasmid_AA979,no_correct_alignments,0,0
GCA_014169775.1_ASM1416977v1,plasmid_novel_b5b648aeb24d428f26cc221cb03dc710,no_correct_alignments,0,0
GCA_014169775.1_ASM1416977v1,plasmid_AA474,AP022263.1,91233,91360
GCA_013923405.1_ASM1392340v1,plasmid_AA179,CP058071.1,76933,76976
GCA_013923405.1_ASM1392340v1,plasmid_AC038,CP058071.1,23300,32017
GCA_014168595.1_ASM1416859v1,plasmid_AA474,AP021916.1,87689,97738
GCA_014168595.1_ASM1416859v1,plasmid_AA474,AP021915.1,9795,97738
GCA_014168595.1_ASM1416859v1,plasmid_AA176,AP021915.1,141511,145625
GCA_014168595.1_ASM1416859v1,plasmid_AA176,AP021914.1,7217,145625
GCA_013790405.1_ASM1379040v1,plasmid_AA474,CP056817.1,73155,80101
GCA_013790405.1_ASM1379040v1,plasmid_AA282,CP056818.1,66061,72752
GCA_013790405.1_ASM1379040v1,plasmid_AA282,CP056819.1,6682,72752
GCA_013790405.1_ASM1379040v1,plasmid_AA297,CP056819.1,55782,64994
GCA_013790405.1_ASM1379040v1,plasmid_AB233,CP056820.1,36067,36144
GCA_014168835.1_ASM1416883v1,plasmid_AB685,no_correct_alignments,0,0
GCA_014168835.1_ASM1416883v1,plasmid_AA171,AP021999.1,82389,92773
GCA_014168835.1_ASM1416883v1,plasmid_AA579,no_correct_alignments,0,0
GCA_014168835.1_ASM1416883v1,plasmid_AA977,AP022001.1,5167,5294
GCA_014168835.1_ASM1416883v1,plasmid_AC509,AP022000.1,6669,6796
GCA_013829445.1_ASM1382944v1,plasmid_AA325,CP057369.1,96180,96180
GCA_013829445.1_ASM1382944v1,plasmid_AB229,CP057370.1,41929,46354
GCA_013829445.1_ASM1382944v1,plasmid_AB229,CP057369.1,3339,46354
GCA_013829445.1_ASM1382944v1,plasmid_AG658,CP057369.1,12088,12088
GCA_013829445.1_ASM1382944v1,plasmid_AA810,CP057368.1,11360,11560
GCA_014109125.1_ASM1410912v1,plasmid_AA179,CP058079.1,76931,76974
GCA_014109125.1_ASM1410912v1,plasmid_AC038,CP058079.1,23300,32017
GCA_014109005.1_ASM1410900v1,plasmid_AB685,no_correct_alignments,0,0
GCA_014109005.1_ASM1410900v1,plasmid_novel_f2080e253c5939f59e28271766596045,CP058047.1,7941,8070
GCA_014109005.1_ASM1410900v1,plasmid_AD465,CP058050.1,2460,2537
GCA_014109005.1_ASM1410900v1,plasmid_AD167,CP058049.1,7553,7553
GCA_014109005.1_ASM1410900v1,plasmid_AB718,CP058048.1,26040,31785
GCA_014109005.1_ASM1410900v1,plasmid_AB718,CP058047.1,8306,31785
GCA_014109005.1_ASM1410900v1,plasmid_AB717,CP058048.1,7252,7252
GCA_008275005.1_ASM827500v1,plasmid_AB951,no_correct_alignments,0,0
GCA_014169695.1_ASM1416969v1,plasmid_AB060,AP022250.1,3274,3401
GCA_014169695.1_ASM1416969v1,plasmid_AD487,AP022251.1,3067,3194
GCA_014169695.1_ASM1416969v1,plasmid_AB595,AP022245.1,4409,6211
GCA_014169695.1_ASM1416969v1,plasmid_AA329,AP022247.1,26420,27541
GCA_014169695.1_ASM1416969v1,plasmid_AA329,AP022246.1,999,27541
GCA_014169695.1_ASM1416969v1,plasmid_AA175,AP022246.1,112180,140634
GCA_014169695.1_ASM1416969v1,plasmid_AA175,AP022247.1,13872,140634
GCA_014169695.1_ASM1416969v1,plasmid_AA175,AP022248.1,5440,140634
GCA_014169695.1_ASM1416969v1,plasmid_AC305,AP022248.1,34586,39985
GCA_014169695.1_ASM1416969v1,plasmid_AC305,AP022245.1,4127,39985
GCA_014169435.1_ASM1416943v1,plasmid_AC044,AP022172.1,12181,17594
GCA_014169435.1_ASM1416943v1,plasmid_AC044,AP022171.1,5030,17594
GCA_014169435.1_ASM1416943v1,plasmid_AA337,AP022172.1,97530,93603
GCA_014169435.1_ASM1416943v1,plasmid_AA336,AP022172.1,31803,34830
GCA_014169435.1_ASM1416943v1,plasmid_AA336,AP022171.1,3027,34830
GCA_013886475.1_ASM1388647v1,plasmid_AA304,CP057571.1,105960,105960
GCA_013886475.1_ASM1388647v1,plasmid_AB442,no_correct_alignments,0,0
GCA_013886475.1_ASM1388647v1,plasmid_AB002,CP057572.1,92191,92269
GCA_013900025.1_ASM1390002v1,plasmid_AA304,CP057952.1,65855,65941
GCA_013889395.1_ASM1388939v1,plasmid_AA302,CP057613.1,87373,87668
GCA_013819985.1_ASM1381998v1,plasmid_AB238,no_correct_alignments,0,0
GCA_013819985.1_ASM1381998v1,plasmid_AB448,CP057227.1,6760,6803
GCA_013819985.1_ASM1381998v1,plasmid_AB239,no_correct_alignments,0,0
GCA_014170595.1_ASM1417059v1,plasmid_AA474,CP059906.1,101168,125365
GCA_014170595.1_ASM1417059v1,plasmid_AA474,CP059904.1,44604,125365
GCA_014170595.1_ASM1417059v1,plasmid_AA474,CP059905.1,1378,125365
GCA_014170595.1_ASM1417059v1,plasmid_AA176,CP059905.1,82066,82315
GCA_013886595.1_ASM1388659v1,plasmid_AA619,CP057579.1,32259,32259
GCA_013886595.1_ASM1388659v1,plasmid_AA302,CP057578.1,78140,80094
GCA_013886595.1_ASM1388659v1,plasmid_AA302,CP057577.1,3908,80094
GCA_013888235.1_ASM1388823v1,plasmid_AA302,CP057601.1,63983,64247
GCA_013822575.1_ASM1382257v1,plasmid_AA998,CP057277.1,184940,217690
GCA_013822575.1_ASM1382257v1,plasmid_novel_fc05b137d1987d03dee8d3a5ec6f2f8a,CP057278.1,31750,31750
GCA_013822575.1_ASM1382257v1,plasmid_AA516,no_correct_alignments,0,0
GCA_013822575.1_ASM1382257v1,plasmid_AA521,no_correct_alignments,0,0
GCA_013898135.1_ASM1389813v1,plasmid_AC977,CP057780.1,41671,41823
GCA_013898135.1_ASM1389813v1,plasmid_AA161,CP057781.1,6772,8388
GCA_013898135.1_ASM1389813v1,plasmid_AA161,CP057778.1,3993,8388
GCA_013898135.1_ASM1389813v1,plasmid_AA316,CP057779.1,73457,73600
GCA_014131615.1_ASM1413161v1,plasmid_AA171,CP048868.1,60757,76062
GCA_014131615.1_ASM1413161v1,plasmid_AA171,CP048867.1,15305,76062
GCA_014131615.1_ASM1413161v1,plasmid_AE928,CP048869.1,64060,80223
GCA_014131615.1_ASM1413161v1,plasmid_AE928,CP048868.1,16163,80223
GCA_014131615.1_ASM1413161v1,plasmid_AA297,CP048868.1,45501,45501
GCA_014131615.1_ASM1413161v1,plasmid_AA297,CP048867.1,5983,45501
GCA_014131615.1_ASM1413161v1,plasmid_AA174,CP048868.1,20227,26092
GCA_014131615.1_ASM1413161v1,plasmid_AA174,CP048867.1,7778,26092
GCA_013790245.1_ASM1379024v1,plasmid_AB685,CP056807.1,1549,1592
GCA_013790245.1_ASM1379024v1,plasmid_AA747,CP056801.1,112742,111314
GCA_013790245.1_ASM1379024v1,plasmid_AA747,CP056800.1,3314,111314
GCA_013790245.1_ASM1379024v1,plasmid_AA474,CP056802.1,79649,91065
GCA_013790245.1_ASM1379024v1,plasmid_AA474,CP056803.1,11238,91065
GCA_013790245.1_ASM1379024v1,plasmid_AB238,CP056806.1,1976,2053
GCA_013790245.1_ASM1379024v1,plasmid_AA977,CP056805.1,5050,5050
GCA_013790245.1_ASM1379024v1,plasmid_AA352,CP056803.1,55480,55481
GCA_013790245.1_ASM1379024v1,plasmid_AB446,CP056804.1,5210,5287
GCA_013790245.1_ASM1379024v1,plasmid_AB687,CP056808.1,1506,1549
GCA_013732175.1_ASM1373217v1,plasmid_AA171,CP056316.1,69738,77484
GCA_013732175.1_ASM1373217v1,plasmid_AB444,CP056319.1,5444,5571
GCA_013732175.1_ASM1373217v1,plasmid_AA971,CP056318.1,5716,5843
GCA_013732175.1_ASM1373217v1,plasmid_AA552,CP056317.1,52433,56863
GCA_013732175.1_ASM1373217v1,plasmid_AA579,no_correct_alignments,0,0
GCA_013886735.1_ASM1388673v1,plasmid_AA304,CP057581.1,53788,53800
GCA_013805505.1_ASM1380550v1,plasmid_AD669,CP057033.1,55483,55610
GCA_014170695.1_ASM1417069v1,plasmid_AA474,CP059924.1,87491,95284
GCA_014170695.1_ASM1417069v1,plasmid_AA474,CP059923.1,4159,95284
GCA_014170695.1_ASM1417069v1,plasmid_AA474,CP059922.1,4878,95284
GCA_014170695.1_ASM1417069v1,plasmid_AA175,CP059923.1,101946,116098
GCA_014170695.1_ASM1417069v1,plasmid_AA175,CP059924.1,13937,116098
GCA_013790285.1_ASM1379028v1,plasmid_AC148,no_correct_alignments,0,0
GCA_013790285.1_ASM1379028v1,plasmid_AA321,CP056811.1,121508,121726
GCA_013829905.1_ASM1382990v1,plasmid_AB190,CP057379.1,41180,41561
GCA_013812575.1_ASM1381257v1,plasmid_AC770,CP057089.1,9480,9480
GCA_013812575.1_ASM1381257v1,plasmid_AA551,CP057089.1,32273,32310
GCA_013812575.1_ASM1381257v1,plasmid_AA316,CP057088.1,82623,82760
GCA_013812575.1_ASM1381257v1,plasmid_novel_b7b34a1917191685180e2080f6bf817d,CP057088.1,8560,8560
GCA_014169095.1_ASM1416909v1,plasmid_AA171,AP022065.1,113682,115964
GCA_014169095.1_ASM1416909v1,plasmid_AA171,AP022066.1,3417,115964
GCA_014169095.1_ASM1416909v1,plasmid_AA474,AP022066.1,90171,93022
GCA_014169095.1_ASM1416909v1,plasmid_AA474,AP022065.1,2851,93022
GCA_014169095.1_ASM1416909v1,plasmid_AA579,AP022068.1,4087,4164
GCA_014169095.1_ASM1416909v1,plasmid_AA977,AP022067.1,4893,5227
GCA_013899265.1_ASM1389926v1,plasmid_AD690,CP057860.1,4710,4710
GCA_014131515.1_ASM1413151v1,plasmid_AA336,CP048856.1,64236,64418
GCA_013899825.1_ASM1389982v1,plasmid_AA304,CP057917.1,97320,97349
GCA_013893255.1_ASM1389325v1,plasmid_AA152,CP057675.1,5686,5763
GCA_013893255.1_ASM1389325v1,plasmid_AD481,CP057676.1,4073,4150
GCA_013893255.1_ASM1389325v1,plasmid_AA302,CP057674.1,114309,114309
GCA_013996855.1_ASM1399685v1,plasmid_AD466,CP058035.1,2460,2587
GCA_013996855.1_ASM1399685v1,plasmid_AB050,CP058034.1,4664,4791
GCA_013996855.1_ASM1399685v1,plasmid_AF098,CP058031.1,6824,8017
GCA_013996855.1_ASM1399685v1,plasmid_AF098,CP058032.1,1193,8017
GCA_013996855.1_ASM1399685v1,plasmid_AB595,CP058033.1,6768,6895
GCA_013996855.1_ASM1399685v1,plasmid_AA749,CP058032.1,114225,114225
GCA_013827445.1_ASM1382744v1,plasmid_AA279,CP057343.1,119119,119119
GCA_013812225.1_ASM1381222v1,plasmid_AA143,CP057081.1,5552,5624
GCA_013812225.1_ASM1381222v1,plasmid_AA189,CP057076.1,18615,18615
GCA_013812225.1_ASM1381222v1,plasmid_AA551,CP057077.1,49871,50568
GCA_013812225.1_ASM1381222v1,plasmid_AA336,CP057076.1,60967,77301
GCA_013812225.1_ASM1381222v1,plasmid_AA336,CP057078.1,12795,77301
GCA_013812225.1_ASM1381222v1,plasmid_AB062,CP057082.1,4678,4805
GCA_013812225.1_ASM1381222v1,plasmid_AB233,CP057079.1,12705,12705
GCA_013812225.1_ASM1381222v1,plasmid_novel_f1323536cb705c8552d8a71dd1383741,CP057076.1,6229,7603
GCA_013899985.1_ASM1389998v1,plasmid_novel_d9143ec5130ef376beb4e354494ee9e2,CP057950.1,4612,4689
GCA_013899985.1_ASM1389998v1,plasmid_AA302,CP057947.1,96636,96693
GCA_013899985.1_ASM1389998v1,plasmid_AA372,CP057948.1,57782,60483
GCA_013899985.1_ASM1389998v1,plasmid_AA372,CP057947.1,5402,60483
GCA_013899985.1_ASM1389998v1,plasmid_AA372,CP057946.1,2701,60483
GCA_013806525.1_ASM1380652v1,plasmid_AB745,no_correct_alignments,0,0
GCA_013806525.1_ASM1380652v1,plasmid_AA304,CP057051.1,118031,118203
GCA_013806525.1_ASM1380652v1,plasmid_AB442,no_correct_alignments,0,0
GCA_013806525.1_ASM1380652v1,plasmid_AB002,CP057052.1,89053,89053
GCA_013748665.1_ASM1374866v1,plasmid_AA173,CP056493.1,12436,17826
GCA_013748665.1_ASM1374866v1,plasmid_AA173,CP056492.1,6758,17826
GCA_013748665.1_ASM1374866v1,plasmid_novel_53e56308b12e13a68dad412d9f7ca006,CP056493.1,14003,14003
GCA_013748665.1_ASM1374866v1,plasmid_AA336,CP056493.1,41222,111205
GCA_013748665.1_ASM1374866v1,plasmid_AA336,CP056494.1,69825,111205
GCA_013802065.1_ASM1380206v1,plasmid_AB685,no_correct_alignments,0,0
GCA_013802065.1_ASM1380206v1,plasmid_AA474,CP056976.1,88125,114185
GCA_013802065.1_ASM1380206v1,plasmid_AA537,no_correct_alignments,0,0
GCA_013802065.1_ASM1380206v1,plasmid_AG658,CP056977.1,11570,11570
GCA_013802065.1_ASM1380206v1,plasmid_AA579,no_correct_alignments,0,0
GCA_013802065.1_ASM1380206v1,plasmid_AA551,CP056978.1,39961,48616
GCA_013802065.1_ASM1380206v1,plasmid_AA316,CP056977.1,38414,85767
GCA_013802065.1_ASM1380206v1,plasmid_AA316,CP056975.1,34276,85767
GCA_013802065.1_ASM1380206v1,plasmid_AB686,no_correct_alignments,0,0
GCA_013802065.1_ASM1380206v1,plasmid_AE864,no_correct_alignments,0,0
GCA_013802065.1_ASM1380206v1,plasmid_AA979,no_correct_alignments,0,0
GCA_008275105.1_ASM827510v1,plasmid_AB951,no_correct_alignments,0,0
GCA_014171015.1_ASM1417101v1,plasmid_AA747,AP022089.1,110167,110294
GCA_014171015.1_ASM1417101v1,plasmid_AA474,AP022088.1,91922,109426
GCA_014171015.1_ASM1417101v1,plasmid_AA474,AP022091.1,6769,109426
GCA_014171015.1_ASM1417101v1,plasmid_AA474,AP022090.1,9018,109426
GCA_014171015.1_ASM1417101v1,plasmid_AA581,AP022093.1,5344,5471
GCA_014171015.1_ASM1417101v1,plasmid_AA282,AP022090.1,65014,71261
GCA_014171015.1_ASM1417101v1,plasmid_AA282,AP022088.1,1983,71261
GCA_014171015.1_ASM1417101v1,plasmid_AA336,AP022091.1,61537,67431
GCA_014171015.1_ASM1417101v1,plasmid_AA336,AP022088.1,5814,67431
GCA_013801205.1_ASM1380120v1,plasmid_AD481,CP056960.1,4044,4044
GCA_013801205.1_ASM1380120v1,plasmid_AC510,CP056957.1,5698,5698
GCA_013801205.1_ASM1380120v1,plasmid_AA176,CP056956.1,145078,146410
GCA_013801205.1_ASM1380120v1,plasmid_AA162,CP056959.1,4593,4671
GCA_013801205.1_ASM1380120v1,plasmid_AA155,CP056958.1,5969,5969
GCA_013804445.1_ASM1380444v1,plasmid_AD669,CP057021.1,54369,54369
GCA_013899185.1_ASM1389918v1,plasmid_AC082,CP057842.1,29104,29179
GCA_013899185.1_ASM1389918v1,plasmid_AC082,CP057841.1,5368,29179
GCA_014131535.1_ASM1413153v1,plasmid_AA337,CP048858.1,108041,107205
GCA_014131535.1_ASM1413153v1,plasmid_AA337,CP048857.1,8968,107205
GCA_014131535.1_ASM1413153v1,plasmid_AB446,CP048859.1,5219,5296
GCA_013727815.1_ASM1372781v1,plasmid_novel_7de5ec37f5e0f5efe3f49574cc2cdfee,CP056265.1,27745,30516
GCA_013727815.1_ASM1372781v1,plasmid_novel_7de5ec37f5e0f5efe3f49574cc2cdfee,CP056263.1,15284,30516
GCA_013727815.1_ASM1372781v1,plasmid_AA142,CP056266.1,7939,8066
GCA_013727815.1_ASM1372781v1,plasmid_AD094,CP056264.1,4713,4713
GCA_013727815.1_ASM1372781v1,plasmid_AA336,CP056264.1,65522,65522
GCA_013727815.1_ASM1372781v1,plasmid_novel_62c4c1794aa54eac0878dc0a8364fbab,CP056265.1,4751,4751
GCA_013837755.1_ASM1383775v1,plasmid_AB685,no_correct_alignments,0,0
GCA_013837755.1_ASM1383775v1,plasmid_AA159,CP057495.1,6826,6953
GCA_013837755.1_ASM1383775v1,plasmid_AA304,CP057494.1,134180,134180
GCA_013837755.1_ASM1383775v1,plasmid_AA977,no_correct_alignments,0,0
GCA_013837755.1_ASM1383775v1,plasmid_AB239,no_correct_alignments,0,0
GCA_013837755.1_ASM1383775v1,plasmid_AA979,CP057496.1,3369,3369
GCA_013744185.1_ASM1374418v1,plasmid_AB111,CP056659.1,4161,4288
GCA_013744185.1_ASM1374418v1,plasmid_AA450,CP056656.1,109645,115957
GCA_013744185.1_ASM1374418v1,plasmid_AD484,CP056658.1,4315,4442
GCA_013827685.1_ASM1382768v1,plasmid_AA279,CP057341.1,119219,119219
GCA_014169995.1_ASM1416999v1,plasmid_AD158,no_correct_alignments,0,0
GCA_014169995.1_ASM1416999v1,plasmid_AB978,CP054283.1,43621,43748
GCA_014169575.1_ASM1416957v1,plasmid_AB685,no_correct_alignments,0,0
GCA_014169575.1_ASM1416957v1,plasmid_AD481,AP022211.1,4073,4200
GCA_014169575.1_ASM1416957v1,plasmid_AA579,AP022210.1,4073,4200
GCA_014169575.1_ASM1416957v1,plasmid_AA337,AP022208.1,134418,130644
GCA_014169575.1_ASM1416957v1,plasmid_AA337,AP022207.1,1302,130644
GCA_014169575.1_ASM1416957v1,plasmid_AA977,AP022209.1,5163,5290
GCA_014169575.1_ASM1416957v1,plasmid_AA336,AP022208.1,41285,38931
GCA_014169575.1_ASM1416957v1,plasmid_AC748,AP022212.1,2089,2216
GCA_014169575.1_ASM1416957v1,plasmid_AB687,no_correct_alignments,0,0
GCA_014109625.1_ASM1410962v1,plasmid_AA302,CP058091.1,74514,76463
GCA_014109625.1_ASM1410962v1,plasmid_AA182,CP058092.1,69681,69681
GCA_013823865.1_ASM1382386v1,plasmid_AB685,CP057189.1,1551,1628
GCA_013601135.1_ASM1360113v1,plasmid_AA159,CP055716.1,6809,6936
GCA_013601135.1_ASM1360113v1,plasmid_AD669,CP055714.1,71518,71518
GCA_013601135.1_ASM1360113v1,plasmid_AB233,CP055715.1,37616,37743
GCA_013749975.1_ASM1374997v1,plasmid_AD669,CP056557.1,41781,41781
GCA_013749975.1_ASM1374997v1,plasmid_AA329,CP056558.1,68540,73424
GCA_013749975.1_ASM1374997v1,plasmid_AA329,CP056557.1,4808,73424
GCA_013749975.1_ASM1374997v1,plasmid_AA329,CP056556.1,2620,73424
GCA_013828415.1_ASM1382841v1,plasmid_AB685,no_correct_alignments,0,0
GCA_013828415.1_ASM1382841v1,plasmid_AA161,CP057351.1,6930,7007
GCA_013791815.1_ASM1379181v1,plasmid_AA175,CP056847.1,133626,133635
GCA_013783685.1_ASM1378368v1,plasmid_AA315,CP056356.1,74501,74501
GCA_013885155.1_ASM1388515v1,plasmid_AA315,CP057541.1,58036,58036
GCA_013885155.1_ASM1388515v1,plasmid_AD486,CP057544.1,3257,3384
GCA_013885155.1_ASM1388515v1,plasmid_AA474,CP057540.1,98678,98932
GCA_013885155.1_ASM1388515v1,plasmid_AA474,CP057541.1,2663,98932
GCA_013885155.1_ASM1388515v1,plasmid_AC509,CP057542.1,7198,7325
GCA_013885155.1_ASM1388515v1,plasmid_AA979,CP057543.1,6230,6357
GCA_014170675.1_ASM1417067v1,plasmid_AA474,CP059919.1,118545,120585
GCA_014170675.1_ASM1417067v1,plasmid_AA474,CP059917.1,8124,120585
GCA_014170675.1_ASM1417067v1,plasmid_AA176,CP059918.1,194183,199227
GCA_014170675.1_ASM1417067v1,plasmid_AA176,CP059917.1,7634,199227
GCA_014170675.1_ASM1417067v1,plasmid_AB241,CP059921.1,2096,2223
GCA_013602835.1_ASM1360283v1,plasmid_AA161,CP055727.1,6832,6832
GCA_013602835.1_ASM1360283v1,plasmid_AA979,CP055733.1,2662,3129
GCA_013602835.1_ASM1360283v1,plasmid_AA283,CP055726.1,30093,63628
GCA_013602835.1_ASM1360283v1,plasmid_AA283,CP055725.1,35665,63628
GCA_013602835.1_ASM1360283v1,plasmid_novel_15ddd222522274deee0bea43c8fd5976,CP055725.1,19174,16551
GCA_013602835.1_ASM1360283v1,plasmid_novel_15ddd222522274deee0bea43c8fd5976,CP055724.1,13495,16551
GCA_013602835.1_ASM1360283v1,plasmid_novel_15ddd222522274deee0bea43c8fd5976,CP055726.1,2699,16551
GCA_013835785.1_ASM1383578v1,plasmid_AA304,no_correct_alignments,0,0
GCA_013835785.1_ASM1383578v1,plasmid_AA372,CP057478.1,57001,57114
GCA_013835785.1_ASM1383578v1,plasmid_AA378,CP057476.1,96828,96828
GCA_013731515.1_ASM1373151v1,plasmid_AA176,CP056305.1,118947,132915
GCA_013731515.1_ASM1373151v1,plasmid_AA176,CP056304.1,15009,132915
GCA_013731515.1_ASM1373151v1,plasmid_AA579,CP056306.1,4074,4201
GCA_013892855.1_ASM1389285v1,plasmid_AA161,no_correct_alignments,0,0
GCA_013892855.1_ASM1389285v1,plasmid_AE638,CP057666.1,19397,24242
GCA_013892855.1_ASM1389285v1,plasmid_AA979,no_correct_alignments,0,0
GCA_013892855.1_ASM1389285v1,plasmid_AA175,CP057666.1,30671,30671
GCA_013884935.1_ASM1388493v1,plasmid_AA161,CP057537.1,6930,7057
GCA_013884935.1_ASM1388493v1,plasmid_AA316,CP057536.1,70649,70649
GCA_013884935.1_ASM1388493v1,plasmid_AD485,CP057538.1,4721,4848
GCA_013819805.1_ASM1381980v1,plasmid_AA302,CP057224.1,98656,98695
GCA_013819805.1_ASM1381980v1,plasmid_AA302,CP057223.1,1475,98695
GCA_014168755.1_ASM1416875v1,plasmid_AD548,AP021946.1,11044,11044
GCA_014168755.1_ASM1416875v1,plasmid_AA474,AP021948.1,90496,92046
GCA_014168755.1_ASM1416875v1,plasmid_AA474,AP021947.1,4250,92046
GCA_014168755.1_ASM1416875v1,plasmid_AA474,AP021946.1,7424,92046
GCA_014168755.1_ASM1416875v1,plasmid_AA176,AP021947.1,197805,195070
GCA_014168755.1_ASM1416875v1,plasmid_AA176,AP021946.1,10618,195070
GCA_014168755.1_ASM1416875v1,plasmid_AA579,AP021949.1,4073,4200
GCA_013825245.1_ASM1382524v1,plasmid_novel_fd029b86a3891c032a94a00c72bf8e94,CP057295.1,6656,10114
GCA_013825245.1_ASM1382524v1,plasmid_AA474,CP057294.1,116838,123624
GCA_013825245.1_ASM1382524v1,plasmid_AA143,no_correct_alignments,0,0
GCA_013825245.1_ASM1382524v1,plasmid_AA189,CP057296.1,17229,17229
GCA_013825245.1_ASM1382524v1,plasmid_AA328,CP057296.1,23370,71256
GCA_013825245.1_ASM1382524v1,plasmid_AA328,CP057295.1,9576,71256
GCA_013825245.1_ASM1382524v1,plasmid_AA328,CP057297.1,16255,71256
GCA_013825245.1_ASM1382524v1,plasmid_AA144,CP057300.1,5962,6089
GCA_013825245.1_ASM1382524v1,plasmid_AA181,CP057295.1,45267,52003
GCA_013825245.1_ASM1382524v1,plasmid_AA181,CP057297.1,6736,52003
GCA_013825245.1_ASM1382524v1,plasmid_AB062,no_correct_alignments,0,0
GCA_013825245.1_ASM1382524v1,plasmid_AG799,no_correct_alignments,0,0
GCA_013797825.1_ASM1379782v1,plasmid_AA334,CP056903.1,99485,106219
GCA_013797825.1_ASM1379782v1,plasmid_AA334,CP056902.1,3367,106219
GCA_013797825.1_ASM1379782v1,plasmid_AA334,CP056904.1,2160,106219
GCA_013797825.1_ASM1379782v1,plasmid_AA579,CP056905.1,4072,4199
GCA_013797825.1_ASM1379782v1,plasmid_AA282,CP056904.1,91738,97386
GCA_013797825.1_ASM1379782v1,plasmid_AA282,CP056903.1,9505,97386
GCA_013797825.1_ASM1379782v1,plasmid_AA282,CP056902.1,1366,97386
GCA_013797825.1_ASM1379782v1,plasmid_AB686,CP056906.1,1565,1692
GCA_014131595.1_ASM1413159v1,plasmid_AA297,CP048866.1,127579,123522
GCA_014131595.1_ASM1413159v1,plasmid_AA297,CP048865.1,2212,123522
GCA_013890795.1_ASM1389079v1,plasmid_AA473,CP057635.1,87143,88823
GCA_013890795.1_ASM1389079v1,plasmid_AA473,CP057634.1,1680,88823
GCA_013890795.1_ASM1389079v1,plasmid_AC082,CP057634.1,28901,45027
GCA_013890795.1_ASM1389079v1,plasmid_AC082,CP057635.1,11561,45027
GCA_013806725.1_ASM1380672v1,plasmid_AA887,CP057056.1,67678,67844
GCA_013806725.1_ASM1380672v1,plasmid_AA887,CP057055.1,2442,67844
GCA_013802585.1_ASM1380258v1,plasmid_novel_f2080e253c5939f59e28271766596045,CP056998.1,7941,8070
GCA_013802585.1_ASM1380258v1,plasmid_AD465,CP057001.1,2460,2537
GCA_013802585.1_ASM1380258v1,plasmid_AD167,CP057000.1,7553,7553
GCA_013802585.1_ASM1380258v1,plasmid_AB718,CP056999.1,26930,32288
GCA_013802585.1_ASM1380258v1,plasmid_AB718,CP056998.1,8306,32288
GCA_013802585.1_ASM1380258v1,plasmid_AB717,CP056999.1,7252,7252
GCA_014169855.1_ASM1416985v1,plasmid_AA474,AP022289.1,73751,78155
GCA_014169855.1_ASM1416985v1,plasmid_AA474,AP022288.1,4404,78155
GCA_014169855.1_ASM1416985v1,plasmid_AA941,AP022288.1,10830,24296
GCA_014169855.1_ASM1416985v1,plasmid_AA941,AP022287.1,26416,24296
GCA_014169855.1_ASM1416985v1,plasmid_AA336,AP022288.1,59408,59421
GCA_013746875.1_ASM1374687v1,plasmid_AB038,CP056398.1,2292,2419
GCA_013746875.1_ASM1374687v1,plasmid_AA044,CP056396.1,22488,22488
GCA_013746875.1_ASM1374687v1,plasmid_AA810,CP056396.1,18786,18786
GCA_013795545.1_ASM1379554v1,plasmid_AA173,CP056871.1,27776,45753
GCA_013795545.1_ASM1379554v1,plasmid_AA173,CP056870.1,19268,45753
GCA_013795545.1_ASM1379554v1,plasmid_AA336,CP056872.1,69555,105671
GCA_013795545.1_ASM1379554v1,plasmid_AA336,CP056871.1,43048,105671
GCA_013795545.1_ASM1379554v1,plasmid_AA336,CP056870.1,2345,105671
GCA_014109105.1_ASM1410910v1,plasmid_AA179,CP058077.1,76237,76281
GCA_014109105.1_ASM1410910v1,plasmid_AC038,CP058077.1,23200,31717
GCA_013823335.1_ASM1382333v1,plasmid_AB685,no_correct_alignments,0,0
GCA_013823335.1_ASM1382333v1,plasmid_AA676,no_correct_alignments,0,0
GCA_013823335.1_ASM1382333v1,plasmid_AD450,CP057180.1,24517,24517
GCA_013823335.1_ASM1382333v1,plasmid_novel_852abd35ec97295a0a757c1550c4c042,CP057179.1,14887,14887
GCA_013823335.1_ASM1382333v1,plasmid_AA316,CP057179.1,30493,56479
GCA_013823335.1_ASM1382333v1,plasmid_AA316,CP057180.1,22412,56479
GCA_013823335.1_ASM1382333v1,plasmid_AB686,no_correct_alignments,0,0
GCA_013823335.1_ASM1382333v1,plasmid_AB239,no_correct_alignments,0,0
GCA_013790145.1_ASM1379014v1,plasmid_AC247,no_correct_alignments,0,0
GCA_013790145.1_ASM1379014v1,plasmid_AC977,no_correct_alignments,0,0
GCA_013790145.1_ASM1379014v1,plasmid_AA405,CP056795.1,200722,217305
GCA_013790145.1_ASM1379014v1,plasmid_AA579,no_correct_alignments,0,0
GCA_013790145.1_ASM1379014v1,plasmid_AF267,no_correct_alignments,0,0
GCA_013790145.1_ASM1379014v1,plasmid_AA336,no_correct_alignments,0,0
GCA_013790145.1_ASM1379014v1,plasmid_AB002,CP056796.1,92350,93113
GCA_013790145.1_ASM1379014v1,plasmid_novel_6905e4018458a88fdc6a6d43506ae781,no_correct_alignments,0,0
GCA_013790145.1_ASM1379014v1,plasmid_AG400,no_correct_alignments,0,0
GCA_013790145.1_ASM1379014v1,plasmid_AC662,no_correct_alignments,0,0
GCA_014169915.1_ASM1416991v1,plasmid_AA142,AP022301.1,7936,8063
GCA_014169915.1_ASM1416991v1,plasmid_AA734,AP022299.1,46730,64819
GCA_014169915.1_ASM1416991v1,plasmid_AA734,AP022298.1,23101,64819
GCA_014169915.1_ASM1416991v1,plasmid_AA184,AP022299.1,39186,43286
GCA_014169915.1_ASM1416991v1,plasmid_AA184,AP022300.1,2932,43286
GCA_014169915.1_ASM1416991v1,plasmid_AA184,AP022298.1,7700,43286
GCA_014169915.1_ASM1416991v1,plasmid_AA338,AP022300.1,67248,71206
GCA_014169915.1_ASM1416991v1,plasmid_AA338,AP022299.1,5003,71206
GCA_013739975.1_ASM1373997v1,plasmid_AB042,no_correct_alignments,0,0
GCA_013739975.1_ASM1373997v1,plasmid_AA336,CP056405.1,68855,68919
GCA_013739975.1_ASM1373997v1,plasmid_AC748,no_correct_alignments,0,0
GCA_013739975.1_ASM1373997v1,plasmid_AA976,CP056406.1,7461,7588
GCA_014058445.1_ASM1405844v1,plasmid_AB745,CP058685.1,33994,34121
GCA_014058445.1_ASM1405844v1,plasmid_AB684,CP058688.1,2682,2911
GCA_014058445.1_ASM1405844v1,plasmid_AA346,CP058683.1,66051,73985
GCA_014058445.1_ASM1405844v1,plasmid_AA378,CP058684.1,89557,89684
GCA_014058445.1_ASM1405844v1,plasmid_AD485,CP058687.1,4663,4797
GCA_014058445.1_ASM1405844v1,plasmid_AA155,CP058686.1,6669,6796
GCA_013899725.1_ASM1389972v1,plasmid_AD669,CP057903.1,56113,56389
GCA_013899725.1_ASM1389972v1,plasmid_AA313,CP057902.1,91313,97735
GCA_013899725.1_ASM1389972v1,plasmid_AA313,CP057903.1,6422,97735
GCA_013899725.1_ASM1389972v1,plasmid_AB233,CP057904.1,26966,37299
GCA_013796065.1_ASM1379606v1,plasmid_AA336,CP056877.1,59933,59933
GCA_013796065.1_ASM1379606v1,plasmid_AA352,CP056877.1,10692,10692
GCA_013796065.1_ASM1379606v1,plasmid_AA735,CP056877.1,43903,67764
GCA_014169595.1_ASM1416959v1,plasmid_AA474,AP022216.1,97682,98897
GCA_014169595.1_ASM1416959v1,plasmid_AA579,no_correct_alignments,0,0
GCA_014169595.1_ASM1416959v1,plasmid_AB002,AP022217.1,88828,88891
GCA_014169595.1_ASM1416959v1,plasmid_AC305,AP022218.1,53216,53486
GCA_013828065.1_ASM1382806v1,plasmid_AA279,CP057348.1,118870,118870
GCA_014168975.1_ASM1416897v1,plasmid_AA474,AP022037.1,87231,87231
GCA_014169155.1_ASM1416915v1,plasmid_AA474,AP022097.1,90484,95827
GCA_014169155.1_ASM1416915v1,plasmid_AA474,AP022095.1,5343,95827
GCA_014169155.1_ASM1416915v1,plasmid_AA179,AP022096.1,154802,154802
GCA_014169155.1_ASM1416915v1,plasmid_AA581,no_correct_alignments,0,0
GCA_014169615.1_ASM1416961v1,plasmid_AA170,AP022223.1,15893,15893
GCA_014169615.1_ASM1416961v1,plasmid_AE235,no_correct_alignments,0,0
GCA_014169615.1_ASM1416961v1,plasmid_AA282,AP022224.1,86056,100791
GCA_014169615.1_ASM1416961v1,plasmid_AA282,AP022223.1,11737,100791
GCA_014169615.1_ASM1416961v1,plasmid_AA282,AP022225.1,1686,100791
GCA_014169615.1_ASM1416961v1,plasmid_AA282,AP022222.1,2620,100791
GCA_014169615.1_ASM1416961v1,plasmid_AA324,AP022223.1,66999,67021
GCA_014169615.1_ASM1416961v1,plasmid_AA336,AP022225.1,61097,83562
GCA_014169615.1_ASM1416961v1,plasmid_AA336,AP022223.1,24853,83562
GCA_014169615.1_ASM1416961v1,plasmid_AA147,AP022226.1,5631,5758
GCA_013804645.1_ASM1380464v1,plasmid_AA302,CP057023.1,87363,87442
GCA_014169415.1_ASM1416941v1,plasmid_AE235,no_correct_alignments,0,0
GCA_014169415.1_ASM1416941v1,plasmid_AA579,no_correct_alignments,0,0
GCA_014169415.1_ASM1416941v1,plasmid_AA977,no_correct_alignments,0,0
GCA_014169415.1_ASM1416941v1,plasmid_AA144,no_correct_alignments,0,0
GCA_014169415.1_ASM1416941v1,plasmid_AC509,no_correct_alignments,0,0
GCA_014169415.1_ASM1416941v1,plasmid_AA174,no_correct_alignments,0,0
GCA_014169415.1_ASM1416941v1,plasmid_AC621,no_correct_alignments,0,0
GCA_014169415.1_ASM1416941v1,plasmid_AC748,no_correct_alignments,0,0
GCA_014169415.1_ASM1416941v1,plasmid_AA378,AP022163.1,97562,97562
GCA_014169415.1_ASM1416941v1,plasmid_AC411,no_correct_alignments,0,0
GCA_013741635.1_ASM1374163v1,plasmid_AB685,no_correct_alignments,0,0
GCA_013741635.1_ASM1374163v1,plasmid_AA171,CP056599.1,83878,83878
GCA_013741635.1_ASM1374163v1,plasmid_AA142,CP056601.1,7939,8066
GCA_013741635.1_ASM1374163v1,plasmid_AA579,CP056602.1,4072,4199
GCA_013741635.1_ASM1374163v1,plasmid_AA282,CP056600.1,93268,117158
GCA_013741635.1_ASM1374163v1,plasmid_AA282,CP056599.1,23890,117158
GCA_013899075.1_ASM1389907v1,plasmid_AB002,CP057832.1,88160,88160
GCA_014109085.1_ASM1410908v1,plasmid_AA179,CP058073.1,108766,108766
GCA_013804065.1_ASM1380406v1,plasmid_AA302,CP057015.1,87363,87442
GCA_014169895.1_ASM1416989v1,plasmid_AB685,no_correct_alignments,0,0
GCA_014169895.1_ASM1416989v1,plasmid_AA163,AP022297.1,3125,3449
GCA_014169895.1_ASM1416989v1,plasmid_AA282,AP022296.1,103476,103477
GCA_013888615.1_ASM1388861v1,plasmid_AA302,CP057606.1,87371,87667
GCA_013728735.1_ASM1372873v1,plasmid_AA579,CP056273.1,3516,3516
GCA_013728735.1_ASM1372873v1,plasmid_AA297,CP056274.1,121457,125523
GCA_014169015.1_ASM1416901v1,plasmid_AA171,AP022045.1,90111,98410
GCA_014169015.1_ASM1416901v1,plasmid_AA163,no_correct_alignments,0,0
GCA_014169015.1_ASM1416901v1,plasmid_AA977,AP022047.1,5167,5200
GCA_014169015.1_ASM1416901v1,plasmid_AB446,AP022046.1,5066,5287
