SRR8182925,plasmid_AA171,CP021871.1,SRR8182925_202105251828_28
SRR8182925,plasmid_AA171,CP021871.1,SRR8182925_202105251828_29
SRR8182925,plasmid_AA171,CP021871.1,SRR8182925_202105251828_33
SRR8182925,plasmid_AA171,CP021871.1,SRR8182925_202105251828_36
SRR8182925,plasmid_AA171,CP021871.1,SRR8182925_202105251828_39
SRR8182925,plasmid_AA171,CP021871.1,SRR8182925_202105251828_40
SRR8182925,plasmid_AA171,CP021871.1,SRR8182925_202105251828_44
SRR8182925,plasmid_AA171,CP021871.1,SRR8182925_202105251828_47
SRR8182925,plasmid_AA171,CP021871.1,SRR8182925_202105251828_48
SRR8182925,plasmid_AA171,CP021871.1,SRR8182925_202105251828_51
SRR8182925,plasmid_AA171,CP021871.1,SRR8182925_202105251828_55
SRR8182925,plasmid_AA171,CP021871.1,SRR8182925_202105251828_55
SRR8182925,plasmid_AA171,CP021871.1,SRR8182925_202105251828_56
SRR11948708,plasmid_AA324,CP056471.1,SRR11948708_202105251828_40
SRR11948708,plasmid_AA324,CP056471.1,SRR11948708_202105251828_41
SRR11948708,plasmid_AA324,CP056471.1,SRR11948708_202105251828_42
SRR11948708,plasmid_AA324,CP056471.1,SRR11948708_202105251828_43
SRR11948708,plasmid_AA324,CP056471.1,SRR11948708_202105251828_45
SRR11948708,plasmid_AA324,CP056471.1,SRR11948708_202105251828_48
SRR11948708,plasmid_AA324,CP056471.1,SRR11948708_202105251828_49
SRR11948708,plasmid_AA324,CP056470.1,SRR11948708_202105251828_59
SRR11948708,plasmid_AA324,CP056471.1,SRR11948708_202105251828_61
SRR11948708,plasmid_AA324,CP056471.1,SRR11948708_202105251828_65
SRR11948708,plasmid_AA324,CP056471.1,SRR11948708_202105251828_65
SRR11948708,plasmid_AA324,CP056471.1,SRR11948708_202105251828_65
SRR11948708,plasmid_AA324,CP056472.1,SRR11948708_202105251828_65
SRR11948708,plasmid_AA324,CP056472.1,SRR11948708_202105251828_68
SRR11948708,plasmid_AA324,CP056471.1,SRR11948708_202105251828_71
SRR11948708,plasmid_AA324,CP056471.1,SRR11948708_202105251828_75
SRR11948708,plasmid_AA324,CP056470.1,SRR11948708_202105251828_76
SRR11948708,plasmid_AA324,CP056471.1,SRR11948708_202105251828_80
SRR11948708,plasmid_AA336,CP056472.1,SRR11948708_202105251828_28
SRR11948708,plasmid_AA336,CP056472.1,SRR11948708_202105251828_35
SRR11948708,plasmid_AA336,CP056471.1,SRR11948708_202105251828_44
SRR11948708,plasmid_AA336,CP056472.1,SRR11948708_202105251828_47
SRR11948708,plasmid_AA336,CP056472.1,SRR11948708_202105251828_54
SRR11948708,plasmid_AA336,CP056471.1,SRR11948708_202105251828_55
SRR11948708,plasmid_AA336,CP056471.1,SRR11948708_202105251828_58
SRR11948708,plasmid_AA336,CP056472.1,SRR11948708_202105251828_74
SRR11948708,plasmid_AA336,CP056472.1,SRR11948708_202105251828_82
SRR11949021,plasmid_AA176,CP056915.1,SRR11949021_202105251828_15
SRR11949021,plasmid_AA176,CP056915.1,SRR11949021_202105251828_17
SRR11949021,plasmid_AA176,CP056915.1,SRR11949021_202105251828_19
SRR11949021,plasmid_AA176,CP056915.1,SRR11949021_202105251828_20
SRR11949021,plasmid_AA176,CP056915.1,SRR11949021_202105251828_22
SRR11949021,plasmid_AA176,CP056915.1,SRR11949021_202105251828_26
SRR3999089,plasmid_AA552,CP019006.1,SRR3999089_202105251828_16
SRR3999089,plasmid_AA175,CP019007.1,SRR3999089_202105251828_15
SRR3999089,plasmid_AA175,CP019007.1,SRR3999089_202105251828_19
SRR3999089,plasmid_AA175,CP019007.1,SRR3999089_202105251828_20
SRR3999089,plasmid_AA175,CP019007.1,SRR3999089_202105251828_22
SRR3999089,plasmid_AA175,CP019007.1,SRR3999089_202105251828_24
SRR3999089,plasmid_AA175,CP019007.1,SRR3999089_202105251828_27
SRR11905449,plasmid_AA171,CP054220.1,SRR11905449_202105251828_24
SRR11905449,plasmid_AA171,CP054220.1,SRR11905449_202105251828_32
SRR11905449,plasmid_AA171,CP054220.1,SRR11905449_202105251828_33
SRR11905449,plasmid_AA171,CP054220.1,SRR11905449_202105251828_35
SRR11905449,plasmid_AA171,CP054220.1,SRR11905449_202105251828_37
SRR11905449,plasmid_AA171,CP054220.1,SRR11905449_202105251828_39
SRR11905449,plasmid_AA171,CP054220.1,SRR11905449_202105251828_45
SRR11905449,plasmid_AA171,CP054220.1,SRR11905449_202105251828_51
SRR11905449,plasmid_AA171,CP054220.1,SRR11905449_202105251828_51
SRR11905449,plasmid_AA171,CP054220.1,SRR11905449_202105251828_54
SRR11905449,plasmid_AA474,CP054221.1,SRR11905449_202105251828_20
SRR11905449,plasmid_AA977,CP054222.1,SRR11905449_202105251828_40
DRR199249,plasmid_AA171,AP021999.1,DRR199249_202105251828_33
DRR199249,plasmid_AA171,AP021999.1,DRR199249_202105251828_40
DRR199249,plasmid_AA171,AP021999.1,DRR199249_202105251828_43
DRR199249,plasmid_AA171,AP021999.1,DRR199249_202105251828_45
DRR199249,plasmid_AA171,AP021999.1,DRR199249_202105251828_48
DRR199249,plasmid_AA171,AP021999.1,DRR199249_202105251828_51
DRR199249,plasmid_AA171,AP021999.1,DRR199249_202105251828_53
DRR199249,plasmid_AA171,AP021999.1,DRR199249_202105251828_56
DRR199249,plasmid_AA171,AP021999.1,DRR199249_202105251828_62
DRR199249,plasmid_AA171,AP021999.1,DRR199249_202105251828_69
DRR199249,plasmid_AA171,AP021999.1,DRR199249_202105251828_70
DRR199249,plasmid_AA579,AP022002.1,DRR199249_202105251828_59
DRR199249,plasmid_AA977,AP022001.1,DRR199249_202105251828_52
DRR199249,plasmid_AC509,AP022000.1,DRR199249_202105251828_50
SRR4025854,plasmid_AA860,CP021936.1,SRR4025854_202105251828_13
SRR4025854,plasmid_AA860,CP021937.1,SRR4025854_202105251828_53
SRR4025854,plasmid_AA860,CP021937.1,SRR4025854_202105251828_53
SRR4025854,plasmid_AA860,CP021937.1,SRR4025854_202105251828_53
SRR4025854,plasmid_AA860,CP021937.1,SRR4025854_202105251828_53
SRR4025854,plasmid_AA860,CP021936.1,SRR4025854_202105251828_53
SRR4025854,plasmid_AA860,CP021937.1,SRR4025854_202105251828_56
SRR4025854,plasmid_AA860,CP021937.1,SRR4025854_202105251828_56
SRR4025854,plasmid_AA860,CP021937.1,SRR4025854_202105251828_56
SRR4025854,plasmid_AA860,CP021936.1,SRR4025854_202105251828_56
SRR4025854,plasmid_AA860,CP021937.1,SRR4025854_202105251828_56
SRR4025854,plasmid_AD068,CP021937.1,SRR4025854_202105251828_46
SRR4025854,plasmid_AD068,CP021937.1,SRR4025854_202105251828_46
SRR4025854,plasmid_AD068,CP021937.1,SRR4025854_202105251828_46
SRR4025854,plasmid_AA735,CP021938.1,SRR4025854_202105251828_18
SRR4025854,plasmid_AA735,CP021937.1,SRR4025854_202105251828_23
SRR4025854,plasmid_AA735,CP021937.1,SRR4025854_202105251828_27
SRR4025854,plasmid_AA735,CP021937.1,SRR4025854_202105251828_28
SRR4025854,plasmid_AA735,CP021937.1,SRR4025854_202105251828_30
SRR4025854,plasmid_AA735,CP021937.1,SRR4025854_202105251828_30
SRR4025854,plasmid_AA735,CP021937.1,SRR4025854_202105251828_32
SRR4025854,plasmid_AA735,CP021937.1,SRR4025854_202105251828_32
SRR4025854,plasmid_AA735,CP021937.1,SRR4025854_202105251828_32
SRR4025854,plasmid_AA735,CP021937.1,SRR4025854_202105251828_32
SRR4025854,plasmid_AA735,CP021938.1,SRR4025854_202105251828_38
SRR4025854,plasmid_AA735,CP021937.1,SRR4025854_202105251828_40
SRR4025854,plasmid_AA735,CP021937.1,SRR4025854_202105251828_45
SRR4025854,plasmid_AA735,CP021937.1,SRR4025854_202105251828_47
SRR4025854,plasmid_AA735,CP021937.1,SRR4025854_202105251828_47
SRR4025854,plasmid_AA735,CP021937.1,SRR4025854_202105251828_47
SRR4025854,plasmid_AA735,CP021937.1,SRR4025854_202105251828_47
SRR4025854,plasmid_AA735,CP021938.1,SRR4025854_202105251828_49
SRR4025854,plasmid_AA735,CP021937.1,SRR4025854_202105251828_49
SRR4025854,plasmid_AA735,CP021937.1,SRR4025854_202105251828_55
SRR3112334,plasmid_AA474,CP032264.1,SRR3112334_202105251828_24
SRR3112334,plasmid_AA474,CP032264.1,SRR3112334_202105251828_36
SRR3112334,plasmid_AA474,CP032264.1,SRR3112334_202105251828_42
SRR3112334,plasmid_AA474,CP032264.1,SRR3112334_202105251828_49,1,5352
SRR3112334,plasmid_AA474,CP032263.1,SRR3112334_202105251828_49,5353,5894
SRR3112334,plasmid_AA474,CP032264.1,SRR3112334_202105251828_52
SRR3112334,plasmid_AA474,CP032265.1,SRR3112334_202105251828_52
SRR3112334,plasmid_AA176,CP032263.1,SRR3112334_202105251828_26
SRR3112334,plasmid_AA176,CP032263.1,SRR3112334_202105251828_32,1,10024
SRR3112334,plasmid_AA176,CP032264.1,SRR3112334_202105251828_32,10025,16925
SRR3112334,plasmid_AA176,CP032264.1,SRR3112334_202105251828_32,16926,22285
SRR3112334,plasmid_AA176,CP032263.1,SRR3112334_202105251828_34
SRR3112334,plasmid_AA176,CP032263.1,SRR3112334_202105251828_35
SRR3112334,plasmid_AA176,CP032263.1,SRR3112334_202105251828_37
SRR3112334,plasmid_AA176,CP032263.1,SRR3112334_202105251828_38
SRR3112334,plasmid_AA176,CP032263.1,SRR3112334_202105251828_40
SRR3112334,plasmid_AA176,CP032265.1,SRR3112334_202105251828_43
SRR3112334,plasmid_AA176,CP032263.1,SRR3112334_202105251828_45
SRR3112334,plasmid_AA176,CP032263.1,SRR3112334_202105251828_46
SRR3112334,plasmid_AA176,CP032263.1,SRR3112334_202105251828_64
SRR3112334,plasmid_AA176,CP032263.1,SRR3112334_202105251828_64
SRR3112334,plasmid_AA176,CP032265.1,SRR3112334_202105251828_64
SRR3112334,plasmid_AA176,CP032263.1,SRR3112334_202105251828_64
SRR6985737,plasmid_AB685,CP030338.1,SRR6985737_202105251828_70
SRR6985737,plasmid_AA171,CP030339.1,SRR6985737_202105251828_48
SRR6985737,plasmid_AA171,CP030339.1,SRR6985737_202105251828_51
SRR6985737,plasmid_AA171,CP030339.1,SRR6985737_202105251828_56
SRR6985737,plasmid_AA552,CP030335.1,SRR6985737_202105251828_28
SRR6985737,plasmid_AA552,CP030335.1,SRR6985737_202105251828_34
SRR6985737,plasmid_AA552,CP030335.1,SRR6985737_202105251828_41
SRR6985737,plasmid_AA552,CP030335.1,SRR6985737_202105251828_58
SRR6985737,plasmid_AA474,CP030340.1,SRR6985737_202105251828_18,17505,52431
SRR6985737,plasmid_AA474,CP030336.1,SRR6985737_202105251828_18,75122,90724
SRR6985737,plasmid_AA579,CP030333.1,SRR6985737_202105251828_54
SRR6985737,plasmid_AA977,CP030334.1,SRR6985737_202105251828_47
DRR199303,plasmid_AA171,AP022065.1,DRR199303_202105251828_50
DRR199303,plasmid_AA171,AP022065.1,DRR199303_202105251828_55
DRR199303,plasmid_AA171,AP022065.1,DRR199303_202105251828_60
DRR199303,plasmid_AA171,AP022065.1,DRR199303_202105251828_62
DRR199303,plasmid_AA171,AP022065.1,DRR199303_202105251828_64
DRR199303,plasmid_AA171,AP022065.1,DRR199303_202105251828_66
DRR199303,plasmid_AA171,AP022065.1,DRR199303_202105251828_69
DRR199303,plasmid_AA171,AP022065.1,DRR199303_202105251828_72
DRR199303,plasmid_AA171,AP022065.1,DRR199303_202105251828_74
DRR199303,plasmid_AA171,AP022065.1,DRR199303_202105251828_76
DRR199303,plasmid_AA171,AP022066.1,DRR199303_202105251828_86
DRR199303,plasmid_AA171,AP022065.1,DRR199303_202105251828_87
DRR199303,plasmid_AA171,AP022065.1,DRR199303_202105251828_88
DRR199303,plasmid_AA171,AP022066.1,DRR199303_202105251828_91
DRR199303,plasmid_AA171,AP022065.1,DRR199303_202105251828_92
DRR199303,plasmid_AA474,AP022065.1,DRR199303_202105251828_25,1,1271
DRR199303,plasmid_AA474,AP022066.1,DRR199303_202105251828_25,1344,70660
DRR199303,plasmid_AA474,AP022066.1,DRR199303_202105251828_25,70661,77378
DRR199303,plasmid_AA474,AP022066.1,DRR199303_202105251828_49,1,19178
DRR199303,plasmid_AA474,AP022065.1,DRR199303_202105251828_49,19179,22784
DRR199303,plasmid_AA579,AP022068.1,DRR199303_202105251828_81
DRR199303,plasmid_AA977,AP022067.1,DRR199303_202105251828_73
SRR5482170,plasmid_AA171,CP021180.1,SRR5482170_202105251828_30
SRR5482170,plasmid_AA171,CP021180.1,SRR5482170_202105251828_33
SRR5482170,plasmid_AA171,CP021180.1,SRR5482170_202105251828_37
SRR5482170,plasmid_AA171,CP021180.1,SRR5482170_202105251828_39
SRR5482170,plasmid_AA171,CP021180.1,SRR5482170_202105251828_40
SRR5482170,plasmid_AA171,CP021180.1,SRR5482170_202105251828_42
SRR5482170,plasmid_AA171,CP021180.1,SRR5482170_202105251828_45
SRR5482170,plasmid_AA171,CP021180.1,SRR5482170_202105251828_47
SRR5482170,plasmid_AA171,CP021180.1,SRR5482170_202105251828_48
SRR5482170,plasmid_AA171,CP021180.1,SRR5482170_202105251828_52
SRR5482170,plasmid_AA171,CP021180.1,SRR5482170_202105251828_53
SRR5482170,plasmid_AA171,CP021180.1,SRR5482170_202105251828_56
SRR5482170,plasmid_AA171,CP021180.1,SRR5482170_202105251828_64
SRR5482170,plasmid_AA171,CP021180.1,SRR5482170_202105251828_65
SRR5482170,plasmid_AA171,CP021180.1,SRR5482170_202105251828_65
SRR5168233,plasmid_AA171,CP020117.1,SRR5168233_202105251828_34
SRR5168233,plasmid_AA171,CP020117.1,SRR5168233_202105251828_35
SRR5168233,plasmid_AA171,CP020117.1,SRR5168233_202105251828_40
SRR5168233,plasmid_AA171,CP020117.1,SRR5168233_202105251828_42
SRR5168233,plasmid_AA171,CP020117.1,SRR5168233_202105251828_43
SRR5168233,plasmid_AA171,CP020117.1,SRR5168233_202105251828_45
SRR5168233,plasmid_AA171,CP020117.1,SRR5168233_202105251828_48
SRR5168233,plasmid_AA171,CP020117.1,SRR5168233_202105251828_50
SRR5168233,plasmid_AA171,CP020117.1,SRR5168233_202105251828_51
SRR5168233,plasmid_AA171,CP020119.1,SRR5168233_202105251828_58
SRR5168233,plasmid_AA171,CP020117.1,SRR5168233_202105251828_58
SRR5168233,plasmid_AA171,CP020119.1,SRR5168233_202105251828_60
SRR5168233,plasmid_AA171,CP020117.1,SRR5168233_202105251828_60
SRR5168233,plasmid_AA747,CP020118.1,SRR5168233_202105251828_23
SRR5168233,plasmid_AA747,CP020118.1,SRR5168233_202105251828_25
SRR5168233,plasmid_AA552,CP020119.1,SRR5168233_202105251828_33
SRR5168233,plasmid_AA552,CP020119.1,SRR5168233_202105251828_36
SRR5168233,plasmid_AA552,CP020119.1,SRR5168233_202105251828_59
SRR5168210,plasmid_AA171,CP021690.1,SRR5168210_202105251828_25
SRR5168210,plasmid_AA171,CP021690.1,SRR5168210_202105251828_37
SRR5168210,plasmid_AA171,CP021690.1,SRR5168210_202105251828_40
SRR5168210,plasmid_AA171,CP021690.1,SRR5168210_202105251828_41
SRR5168210,plasmid_AA171,CP021690.1,SRR5168210_202105251828_42
SRR5168210,plasmid_AA171,CP021690.1,SRR5168210_202105251828_44
SRR5168210,plasmid_AA171,CP021690.1,SRR5168210_202105251828_45
SRR5168210,plasmid_AA171,CP021690.1,SRR5168210_202105251828_53
SRR5168210,plasmid_AA171,CP021690.1,SRR5168210_202105251828_56
SRR5168210,plasmid_AA171,CP021690.1,SRR5168210_202105251828_60
SRR5168210,plasmid_AA171,CP021690.1,SRR5168210_202105251828_60
SRR11949256,plasmid_AA176,CP056525.1,SRR11949256_202105251828_28
SRR11949256,plasmid_AA176,CP056525.1,SRR11949256_202105251828_29
SRR11949256,plasmid_AA176,CP056525.1,SRR11949256_202105251828_30
SRR11949256,plasmid_AA176,CP056525.1,SRR11949256_202105251828_31
SRR11949256,plasmid_AA176,CP056525.1,SRR11949256_202105251828_34
SRR11949256,plasmid_AA176,CP056525.1,SRR11949256_202105251828_35
SRR11949256,plasmid_AA176,CP056525.1,SRR11949256_202105251828_37
SRR11949256,plasmid_AA176,CP056525.1,SRR11949256_202105251828_38
SRR11949256,plasmid_AA176,CP056525.1,SRR11949256_202105251828_40
SRR11949256,plasmid_AA176,CP056525.1,SRR11949256_202105251828_43
SRR11949256,plasmid_AA176,CP056525.1,SRR11949256_202105251828_45
SRR11949256,plasmid_AA176,CP056525.1,SRR11949256_202105251828_50
SRR11949256,plasmid_AA176,CP056525.1,SRR11949256_202105251828_52
SRR11949256,plasmid_AA579,CP056526.1,SRR11949256_202105251828_46
SRR3999086,plasmid_AA552,CP018977.1,SRR3999086_202105251828_25
SRR3999086,plasmid_AA735,CP018978.1,SRR3999086_202105251828_22
SRR3999086,plasmid_AA735,CP018978.1,SRR3999086_202105251828_35
SRR3999086,plasmid_AA735,CP018978.1,SRR3999086_202105251828_36
SRR3999086,plasmid_AA735,CP018978.1,SRR3999086_202105251828_38
SRR3999086,plasmid_AA735,CP018978.1,SRR3999086_202105251828_39
SRR11949248,plasmid_AA941,CP056493.1,SRR11949248_202105251828_44
SRR11949248,plasmid_AA941,CP056492.1,SRR11949248_202105251828_52
SRR11949248,plasmid_AA941,CP056492.1,SRR11949248_202105251828_64
SRR11949248,plasmid_AC512,CP056493.1,SRR11949248_202105251828_43
SRR11949248,plasmid_AC512,CP056493.1,SRR11949248_202105251828_67
SRR11949248,plasmid_AA336,CP056494.1,SRR11949248_202105251828_23,1,42546
SRR11949248,plasmid_AA336,CP056494.1,SRR11949248_202105251828_23,42547,62132
SRR11949248,plasmid_AA336,CP056493.1,SRR11949248_202105251828_23,62231,92800
SRR11949248,plasmid_AA336,CP056494.1,SRR11949248_202105251828_45
SRR11949248,plasmid_novel_9bb70579ad2b3b5905c4ef22667e5de9,CP056493.1,SRR11949248_202105251828_36
DRR199263,plasmid_AA171,AP022033.1,DRR199263_202105251828_33
DRR199263,plasmid_AA171,AP022033.1,DRR199263_202105251828_39
DRR199263,plasmid_AA171,AP022033.1,DRR199263_202105251828_42
DRR199263,plasmid_AA171,AP022033.1,DRR199263_202105251828_43
DRR199263,plasmid_AA171,AP022033.1,DRR199263_202105251828_44
DRR199263,plasmid_AA171,AP022033.1,DRR199263_202105251828_46
DRR199263,plasmid_AA171,AP022033.1,DRR199263_202105251828_47
DRR199263,plasmid_AA171,AP022033.1,DRR199263_202105251828_49
DRR199263,plasmid_AA171,AP022033.1,DRR199263_202105251828_52
DRR199263,plasmid_AA171,AP022033.1,DRR199263_202105251828_56
DRR199263,plasmid_AA171,AP022033.1,DRR199263_202105251828_60
DRR199263,plasmid_AA171,AP022033.1,DRR199263_202105251828_60
DRR199263,plasmid_AA171,AP022033.1,DRR199263_202105251828_61
DRR199263,plasmid_AA579,AP022035.1,DRR199263_202105251828_54
DRR199263,plasmid_AA977,AP022034.1,DRR199263_202105251828_48
SRR3999062,plasmid_AA619,CP018950.1,SRR3999062_202105251828_27
SRR3999062,plasmid_AA619,CP018950.1,SRR3999062_202105251828_54
SRR3999062,plasmid_AA171,CP018952.1,SRR3999062_202105251828_24
SRR3999062,plasmid_AA171,CP018952.1,SRR3999062_202105251828_33
SRR3999062,plasmid_AA171,CP018952.1,SRR3999062_202105251828_38
SRR3999062,plasmid_AA171,CP018952.1,SRR3999062_202105251828_39
SRR3999062,plasmid_AA171,CP018952.1,SRR3999062_202105251828_40
SRR3999062,plasmid_AA171,CP018952.1,SRR3999062_202105251828_43
SRR3999062,plasmid_AA171,CP018952.1,SRR3999062_202105251828_45
SRR3999062,plasmid_AA171,CP018952.1,SRR3999062_202105251828_48
SRR3999062,plasmid_AA171,CP018952.1,SRR3999062_202105251828_50
SRR3999062,plasmid_AA171,CP018952.1,SRR3999062_202105251828_56
SRR3999062,plasmid_AA171,CP018952.1,SRR3999062_202105251828_56
SRR3999062,plasmid_AA356,CP018949.1,SRR3999062_202105251828_34
SRR11949134,plasmid_AB685,CP056580.1,SRR11949134_202105251828_67
SRR11949134,plasmid_AA171,CP056579.1,SRR11949134_202105251828_27
SRR11949134,plasmid_AA171,CP056579.1,SRR11949134_202105251828_39
SRR11949134,plasmid_AA171,CP056579.1,SRR11949134_202105251828_45
SRR11949134,plasmid_AA171,CP056579.1,SRR11949134_202105251828_46
SRR11949134,plasmid_AA171,CP056579.1,SRR11949134_202105251828_50
SRR11949134,plasmid_AA171,CP056579.1,SRR11949134_202105251828_51
SRR11949134,plasmid_AA171,CP056579.1,SRR11949134_202105251828_59
SRR11949134,plasmid_AA171,CP056579.1,SRR11949134_202105251828_68
SRR11949134,plasmid_AA171,CP056579.1,SRR11949134_202105251828_68
SRR11949134,plasmid_AA171,CP056579.1,SRR11949134_202105251828_69
SRR11949134,plasmid_AA171,CP056579.1,SRR11949134_202105251828_74
SRR11949134,plasmid_AA171,CP056578.1,SRR11949134_202105251828_74
SRR11948872,plasmid_AA171,CP056316.1,SRR11948872_202105251828_29
SRR11948872,plasmid_AA171,CP056316.1,SRR11948872_202105251828_34
SRR11948872,plasmid_AA171,CP056316.1,SRR11948872_202105251828_37
SRR11948872,plasmid_AA171,CP056316.1,SRR11948872_202105251828_38
SRR11948872,plasmid_AA171,CP056316.1,SRR11948872_202105251828_40
SRR11948872,plasmid_AA171,CP056316.1,SRR11948872_202105251828_44
SRR11948872,plasmid_AA171,CP056316.1,SRR11948872_202105251828_47
SRR11948872,plasmid_AA171,CP056316.1,SRR11948872_202105251828_53
SRR11948872,plasmid_AB444,CP056319.1,SRR11948872_202105251828_43
SRR11948872,plasmid_AA971,CP056318.1,SRR11948872_202105251828_42
SRR11948872,plasmid_AA552,CP056317.1,SRR11948872_202105251828_25
SRR11948872,plasmid_AA552,CP056317.1,SRR11948872_202105251828_31
SRR11948872,plasmid_AA552,CP056317.1,SRR11948872_202105251828_55
SRR11948872,plasmid_AA552,CP056316.1,SRR11948872_202105251828_55
SRR11948872,plasmid_AA552,CP056316.1,SRR11948872_202105251828_57
SRR11948872,plasmid_AA579,CP056320.1,SRR11948872_202105251828_50
SRR3999061,plasmid_AA747,CP019013.1,SRR3999061_202105251828_19
SRR3999061,plasmid_AA735,CP019014.1,SRR3999061_202105251828_25
SRR3999061,plasmid_AA735,CP019014.1,SRR3999061_202105251828_31
SRR3999061,plasmid_AA735,CP019014.1,SRR3999061_202105251828_32
SRR3999061,plasmid_AA735,CP019014.1,SRR3999061_202105251828_33
SRR3999061,plasmid_AA735,CP019014.1,SRR3999061_202105251828_34
SRR3999061,plasmid_AA735,CP019014.1,SRR3999061_202105251828_36
SRR3999061,plasmid_AA735,CP019014.1,SRR3999061_202105251828_37
SRR3999061,plasmid_AA735,CP019014.1,SRR3999061_202105251828_39
SRR3999061,plasmid_AA735,CP019014.1,SRR3999061_202105251828_43
SRR3999061,plasmid_AA735,CP019014.1,SRR3999061_202105251828_47
SRR3999061,plasmid_AA735,CP019014.1,SRR3999061_202105251828_52
SRR3999061,plasmid_AA735,CP019014.1,SRR3999061_202105251828_55
SRR2970646,plasmid_AA735,CP013657.1,SRR2970646_202105251828_26
SRR2970646,plasmid_AA735,CP013657.1,SRR2970646_202105251828_40
SRR2970646,plasmid_AA735,CP013657.1,SRR2970646_202105251828_41
SRR2970646,plasmid_AA735,CP013657.1,SRR2970646_202105251828_43
SRR2970646,plasmid_AA735,CP013657.1,SRR2970646_202105251828_44
SRR2970646,plasmid_AA735,CP013657.1,SRR2970646_202105251828_46
SRR2970646,plasmid_AA735,CP013657.1,SRR2970646_202105251828_48
SRR2970646,plasmid_AA735,CP013657.1,SRR2970646_202105251828_55
SRR2970646,plasmid_AA735,CP013657.1,SRR2970646_202105251828_63
SRR3465539,plasmid_AA474,CP015161.1,SRR3465539_202105251828_14
SRR3465539,plasmid_AA474,CP015160.1,SRR3465539_202105251828_25
SRR3465539,plasmid_AA337,CP015160.1,SRR3465539_202105251828_20
SRR3465539,plasmid_AA337,CP015160.1,SRR3465539_202105251828_24
SRR3465539,plasmid_AA337,CP015160.1,SRR3465539_202105251828_28
SRR3465539,plasmid_AA337,CP015160.1,SRR3465539_202105251828_28
SRR3465539,plasmid_AA337,CP015160.1,SRR3465539_202105251828_30
SRR3465539,plasmid_AA337,CP015160.1,SRR3465539_202105251828_32
SRR3465539,plasmid_AA337,CP015160.1,SRR3465539_202105251828_33
SRR3465539,plasmid_AA337,CP015160.1,SRR3465539_202105251828_36
SRR3465539,plasmid_AA337,CP015160.1,SRR3465539_202105251828_37
SRR3465539,plasmid_AA337,CP015160.1,SRR3465539_202105251828_38
SRR3465539,plasmid_AA337,CP015160.1,SRR3465539_202105251828_39
SRR3465539,plasmid_AA337,CP015160.1,SRR3465539_202105251828_43
SRR3465539,plasmid_AA337,CP015160.1,SRR3465539_202105251828_45
SRR3465539,plasmid_AA337,CP015160.1,SRR3465539_202105251828_49
SRR3465539,plasmid_AA337,CP015160.1,SRR3465539_202105251828_50
SRR3465539,plasmid_AA337,CP015160.1,SRR3465539_202105251828_54
SRR3465539,plasmid_AA337,CP015160.1,SRR3465539_202105251828_54
SRR3465539,plasmid_AA337,CP015160.1,SRR3465539_202105251828_56
SRR3465539,plasmid_AA337,CP015160.1,SRR3465539_202105251828_57
SRR3465539,plasmid_AA337,CP015160.1,SRR3465539_202105251828_61
SRR3465539,plasmid_AA337,CP015160.1,SRR3465539_202105251828_68
SRR3465539,plasmid_AA337,CP015160.1,SRR3465539_202105251828_68
DRR192221,plasmid_AA941,AP022362.1,DRR192221_202105251828_45
DRR192221,plasmid_AA941,AP022362.1,DRR192221_202105251828_48
DRR192221,plasmid_AA941,AP022362.1,DRR192221_202105251828_49
DRR192221,plasmid_AA941,AP022362.1,DRR192221_202105251828_52
DRR192221,plasmid_AA941,AP022362.1,DRR192221_202105251828_54
DRR192221,plasmid_AA941,AP022362.1,DRR192221_202105251828_59
DRR192221,plasmid_AA941,AP022362.1,DRR192221_202105251828_59
DRR192221,plasmid_AA941,AP022362.1,DRR192221_202105251828_62
DRR192221,plasmid_AA941,AP022362.1,DRR192221_202105251828_62
DRR192221,plasmid_AA174,AP022362.1,DRR192221_202105251828_28
DRR192221,plasmid_AA735,AP022362.1,DRR192221_202105251828_21
DRR192221,plasmid_AA735,AP022362.1,DRR192221_202105251828_37
DRR192221,plasmid_AA735,AP022362.1,DRR192221_202105251828_38
DRR192221,plasmid_AA735,AP022362.1,DRR192221_202105251828_39
DRR192221,plasmid_AA735,AP022362.1,DRR192221_202105251828_47
DRR192221,plasmid_AA735,AP022362.1,DRR192221_202105251828_56
SRR11148648,plasmid_AB953,CP049085.2,SRR11148648_202105251828_53
SRR4025855,plasmid_AA171,CP021690.1,SRR4025855_202105251828_29
SRR4025855,plasmid_AA171,CP021690.1,SRR4025855_202105251828_30
SRR4025855,plasmid_AA171,CP021690.1,SRR4025855_202105251828_33
SRR4025855,plasmid_AA171,CP021690.1,SRR4025855_202105251828_34
SRR4025855,plasmid_AA171,CP021690.1,SRR4025855_202105251828_35
SRR4025855,plasmid_AA171,CP021690.1,SRR4025855_202105251828_38
SRR4025855,plasmid_AA171,CP021690.1,SRR4025855_202105251828_39
SRR4025855,plasmid_AA171,CP021690.1,SRR4025855_202105251828_40
SRR4025855,plasmid_AA171,CP021690.1,SRR4025855_202105251828_41
SRR4025855,plasmid_AA171,CP021690.1,SRR4025855_202105251828_42
SRR4025855,plasmid_AA171,CP021690.1,SRR4025855_202105251828_43
SRR4025855,plasmid_AA171,CP021690.1,SRR4025855_202105251828_49
SRR4025855,plasmid_AA171,CP021690.1,SRR4025855_202105251828_54
SRR4025855,plasmid_AA171,CP021690.1,SRR4025855_202105251828_54
DRR199818,plasmid_AA171,AP022550.1,DRR199818_202105251828_37
DRR199818,plasmid_AA171,AP022550.1,DRR199818_202105251828_46
DRR199818,plasmid_AA171,AP022550.1,DRR199818_202105251828_48
DRR199818,plasmid_AA171,AP022550.1,DRR199818_202105251828_50
DRR199818,plasmid_AA171,AP022550.1,DRR199818_202105251828_51
DRR199818,plasmid_AA171,AP022550.1,DRR199818_202105251828_54
DRR199818,plasmid_AA171,AP022550.1,DRR199818_202105251828_55
DRR199818,plasmid_AA171,AP022550.1,DRR199818_202105251828_57
DRR199818,plasmid_AA171,AP022550.1,DRR199818_202105251828_70
DRR199818,plasmid_AC977,AP022551.1,DRR199818_202105251828_30
DRR199818,plasmid_AB233,AP022552.1,DRR199818_202105251828_35
DRR199818,plasmid_AB233,AP022552.1,DRR199818_202105251828_42
DRR199806,plasmid_novel_b3b0b06914fb06b6702f7d6642cc0ba2,AP022526.1,DRR199806_202105271033_54
DRR199806,plasmid_AB953,AP022525.1,DRR199806_202105271033_59
DRR199806,plasmid_AB953,AP022526.1,DRR199806_202105271033_65
DRR199806,plasmid_AB953,AP022526.1,DRR199806_202105271033_73
DRR199806,plasmid_AA324,AP022526.1,DRR199806_202105271033_32
DRR199806,plasmid_AA324,AP022526.1,DRR199806_202105271033_37
DRR199806,plasmid_AA324,AP022526.1,DRR199806_202105271033_42
DRR199806,plasmid_AA324,AP022526.1,DRR199806_202105271033_49
DRR199806,plasmid_AA324,AP022526.1,DRR199806_202105271033_51
SRR3999060,plasmid_AA364,CP018968.1,SRR3999060_202105251828_40
SRR3999060,plasmid_AA364,CP018968.1,SRR3999060_202105251828_44
SRR3999060,plasmid_AA171,CP018969.1,SRR3999060_202105251828_45
SRR3999060,plasmid_AA171,CP018969.1,SRR3999060_202105251828_46
SRR3999060,plasmid_AA171,CP018969.1,SRR3999060_202105251828_47
SRR3999060,plasmid_AA171,CP018969.1,SRR3999060_202105251828_52
SRR3999060,plasmid_AA171,CP018969.1,SRR3999060_202105251828_56
SRR3999060,plasmid_AA171,CP018969.1,SRR3999060_202105251828_63
SRR3999060,plasmid_AA171,CP018969.1,SRR3999060_202105251828_66
SRR3999060,plasmid_AA171,CP018969.1,SRR3999060_202105251828_67
SRR3999060,plasmid_AA579,CP018966.1,SRR3999060_202105251828_75
SRR3999060,plasmid_AA579,CP018966.1,SRR3999060_202105251828_80
SRR3999060,plasmid_AA977,CP018967.1,SRR3999060_202105251828_59
SRR3999087,plasmid_AA171,CP018998.1,SRR3999087_202105251828_21
SRR3999087,plasmid_AA171,CP018998.1,SRR3999087_202105251828_34
SRR3999087,plasmid_AA171,CP018998.1,SRR3999087_202105251828_39
SRR3999087,plasmid_AA171,CP018998.1,SRR3999087_202105251828_42
SRR3999087,plasmid_AA171,CP018998.1,SRR3999087_202105251828_45
SRR3999087,plasmid_AA171,CP018998.1,SRR3999087_202105251828_51
SRR3999087,plasmid_AA171,CP018998.1,SRR3999087_202105251828_58
SRR3999087,plasmid_AA579,CP018996.1,SRR3999087_202105251828_50
SRR3999087,plasmid_AA448,CP018999.1,SRR3999087_202105251828_23
SRR3999087,plasmid_AA448,CP018999.1,SRR3999087_202105251828_28
SRR3999087,plasmid_AA448,CP018999.1,SRR3999087_202105251828_30
SRR3999087,plasmid_AA448,CP018999.1,SRR3999087_202105251828_37
SRR3999087,plasmid_AA448,CP018999.1,SRR3999087_202105251828_38
SRR3999087,plasmid_AA448,CP018999.1,SRR3999087_202105251828_40
SRR3999087,plasmid_AA448,CP018998.1,SRR3999087_202105251828_41
SRR3999087,plasmid_AA448,CP018999.1,SRR3999087_202105251828_43
SRR3999087,plasmid_AA448,CP018999.1,SRR3999087_202105251828_48
SRR3999087,plasmid_AA448,CP018999.1,SRR3999087_202105251828_57
SRR3999087,plasmid_AA448,CP018999.1,SRR3999087_202105251828_59
SRR3999087,plasmid_AA448,CP018999.1,SRR3999087_202105251828_60
SRR3999087,plasmid_AA448,CP018998.1,SRR3999087_202105251828_60
SRR3999087,plasmid_AA448,CP018999.1,SRR3999087_202105251828_61
SRR3999087,plasmid_AA448,CP018999.1,SRR3999087_202105251828_63
SRR3999087,plasmid_AA448,CP018999.1,SRR3999087_202105251828_64
SRR3999087,plasmid_AA448,CP018999.1,SRR3999087_202105251828_65
SRR3999087,plasmid_AA448,CP018999.1,SRR3999087_202105251828_66
SRR3999087,plasmid_AA448,CP018999.1,SRR3999087_202105251828_67
SRR3999087,plasmid_AA977,CP018997.1,SRR3999087_202105251828_44
SRR5167858,plasmid_AA860,CP021936.1,SRR5167858_202105251828_14
SRR5167858,plasmid_AA860,CP021937.1,SRR5167858_202105251828_52
SRR5167858,plasmid_AA860,CP021937.1,SRR5167858_202105251828_52
SRR5167858,plasmid_AA860,CP021937.1,SRR5167858_202105251828_52
SRR5167858,plasmid_AA860,CP021937.1,SRR5167858_202105251828_52
SRR5167858,plasmid_AA860,CP021936.1,SRR5167858_202105251828_52
SRR5167858,plasmid_AA860,CP021937.1,SRR5167858_202105251828_54
SRR5167858,plasmid_AA860,CP021937.1,SRR5167858_202105251828_54
SRR5167858,plasmid_AA860,CP021937.1,SRR5167858_202105251828_54
SRR5167858,plasmid_AA860,CP021937.1,SRR5167858_202105251828_54
SRR5167858,plasmid_AA860,CP021936.1,SRR5167858_202105251828_54
SRR5167858,plasmid_AD068,CP021937.1,SRR5167858_202105251828_46
SRR5167858,plasmid_AD068,CP021937.1,SRR5167858_202105251828_46
SRR5167858,plasmid_AD068,CP021937.1,SRR5167858_202105251828_46
SRR5167858,plasmid_AA735,CP021938.1,SRR5167858_202105251828_19
SRR5167858,plasmid_AA735,CP021937.1,SRR5167858_202105251828_25
SRR5167858,plasmid_AA735,CP021937.1,SRR5167858_202105251828_28
SRR5167858,plasmid_AA735,CP021937.1,SRR5167858_202105251828_29
SRR5167858,plasmid_AA735,CP021937.1,SRR5167858_202105251828_31
SRR5167858,plasmid_AA735,CP021937.1,SRR5167858_202105251828_31
SRR5167858,plasmid_AA735,CP021937.1,SRR5167858_202105251828_33
SRR5167858,plasmid_AA735,CP021937.1,SRR5167858_202105251828_33
SRR5167858,plasmid_AA735,CP021937.1,SRR5167858_202105251828_33
SRR5167858,plasmid_AA735,CP021937.1,SRR5167858_202105251828_33
SRR5167858,plasmid_AA735,CP021937.1,SRR5167858_202105251828_40
SRR5167858,plasmid_AA735,CP021937.1,SRR5167858_202105251828_45
SRR5167858,plasmid_AA735,CP021937.1,SRR5167858_202105251828_49
SRR5167858,plasmid_AA735,CP021937.1,SRR5167858_202105251828_49
SRR5167858,plasmid_AA735,CP021937.1,SRR5167858_202105251828_49
SRR5167858,plasmid_AA735,CP021937.1,SRR5167858_202105251828_49
SRR11948784,plasmid_AC512,CP056874.1,SRR11948784_202105251828_39
SRR11948784,plasmid_AC512,CP056873.1,SRR11948784_202105251828_66
SRR11948784,plasmid_AB953,CP056873.1,SRR11948784_202105251828_50
SRR11948784,plasmid_AB953,CP056874.1,SRR11948784_202105251828_57
SRR11948784,plasmid_AB953,CP056874.1,SRR11948784_202105251828_57
SRR11948784,plasmid_AB953,CP056874.1,SRR11948784_202105251828_57
SRR11948784,plasmid_AB953,CP056875.1,SRR11948784_202105251828_57
SRR11948784,plasmid_AB953,CP056874.1,SRR11948784_202105251828_59
SRR11948784,plasmid_AA336,CP056875.1,SRR11948784_202105251828_24
SRR11948784,plasmid_AA336,CP056874.1,SRR11948784_202105251828_29
SRR11948784,plasmid_AA336,CP056874.1,SRR11948784_202105251828_40
SRR11948784,plasmid_AA336,CP056875.1,SRR11948784_202105251828_46
SRR11948784,plasmid_AA336,CP056874.1,SRR11948784_202105251828_46
SRR11948784,plasmid_AA336,CP056875.1,SRR11948784_202105251828_49
SRR11948784,plasmid_AA336,CP056874.1,SRR11948784_202105251828_63
SRR11948784,plasmid_AA336,CP056875.1,SRR11948784_202105251828_63
SRR11948784,plasmid_novel_609e0ffdfc4f9c855f4d61f6ef857c7f,CP056874.1,SRR11948784_202105251828_34
SRR13182991,plasmid_AB446,CP069493.1,SRR13182991_202105251828_121
SRR13182991,plasmid_AA521,CP069492.1,SRR13182991_202105251828_120
SRR3999101,plasmid_AA171,CP018982.1,SRR3999101_202105251828_35
SRR3999101,plasmid_AA171,CP018982.1,SRR3999101_202105251828_41
SRR3999101,plasmid_AA171,CP018982.1,SRR3999101_202105251828_42
SRR3999101,plasmid_AA171,CP018982.1,SRR3999101_202105251828_44
SRR3999101,plasmid_AA171,CP018982.1,SRR3999101_202105251828_47
SRR3999101,plasmid_AA171,CP018982.1,SRR3999101_202105251828_48
SRR3999101,plasmid_AA171,CP018982.1,SRR3999101_202105251828_49
SRR3999101,plasmid_AA171,CP018982.1,SRR3999101_202105251828_55
SRR3999101,plasmid_AA171,CP018982.1,SRR3999101_202105251828_64
SRR3999101,plasmid_AA579,CP018980.1,SRR3999101_202105251828_58
SRR3999101,plasmid_AA356,CP018981.1,SRR3999101_202105251828_39
SRR4025862,plasmid_AA171,CP020117.1,SRR4025862_202105251828_36
SRR4025862,plasmid_AA171,CP020117.1,SRR4025862_202105251828_38
SRR4025862,plasmid_AA171,CP020117.1,SRR4025862_202105251828_40
SRR4025862,plasmid_AA171,CP020117.1,SRR4025862_202105251828_41
SRR4025862,plasmid_AA171,CP020117.1,SRR4025862_202105251828_44
SRR4025862,plasmid_AA171,CP020117.1,SRR4025862_202105251828_45
SRR4025862,plasmid_AA171,CP020117.1,SRR4025862_202105251828_50
SRR4025862,plasmid_AA171,CP020117.1,SRR4025862_202105251828_52
SRR4025862,plasmid_AA171,CP020117.1,SRR4025862_202105251828_53
SRR4025862,plasmid_AA747,CP020118.1,SRR4025862_202105251828_22
SRR4025862,plasmid_AA747,CP020118.1,SRR4025862_202105251828_24
SRR4025862,plasmid_AA552,CP020119.1,SRR4025862_202105251828_32
SRR4025862,plasmid_AA552,CP020119.1,SRR4025862_202105251828_35
SRR4025862,plasmid_AA552,CP020119.1,SRR4025862_202105251828_59
SRR4025862,plasmid_AA552,CP020117.1,SRR4025862_202105251828_59
SRR4025862,plasmid_AA552,CP020119.1,SRR4025862_202105251828_60
SRR4025862,plasmid_AA552,CP020119.1,SRR4025862_202105251828_61
SRR4025862,plasmid_AA552,CP020117.1,SRR4025862_202105251828_61
DRR199371,plasmid_AA337,AP022172.1,DRR199371_202105251828_32
DRR199371,plasmid_AA337,AP022172.1,DRR199371_202105251828_42
DRR199371,plasmid_AA337,AP022172.1,DRR199371_202105251828_44
DRR199371,plasmid_AA337,AP022172.1,DRR199371_202105251828_48
DRR199371,plasmid_AA337,AP022172.1,DRR199371_202105251828_50
DRR199371,plasmid_AA337,AP022172.1,DRR199371_202105251828_52
DRR199371,plasmid_AA337,AP022172.1,DRR199371_202105251828_53
DRR199371,plasmid_AA337,AP022172.1,DRR199371_202105251828_57
DRR199371,plasmid_AA337,AP022172.1,DRR199371_202105251828_59
DRR199371,plasmid_AA337,AP022172.1,DRR199371_202105251828_60
DRR199371,plasmid_AA337,AP022172.1,DRR199371_202105251828_64
DRR199371,plasmid_AA337,AP022172.1,DRR199371_202105251828_65
DRR199371,plasmid_AA337,AP022172.1,DRR199371_202105251828_66
DRR199371,plasmid_AA337,AP022172.1,DRR199371_202105251828_70
DRR199371,plasmid_AA337,AP022172.1,DRR199371_202105251828_72
DRR199371,plasmid_AA337,AP022172.1,DRR199371_202105251828_72
DRR199371,plasmid_AA337,AP022172.1,DRR199371_202105251828_73
DRR199371,plasmid_AA337,AP022172.1,DRR199371_202105251828_74
DRR199371,plasmid_AA337,AP022172.1,DRR199371_202105251828_75
DRR199371,plasmid_AA337,AP022172.1,DRR199371_202105251828_78
DRR199371,plasmid_AA337,AP022172.1,DRR199371_202105251828_79
DRR199371,plasmid_AA337,AP022172.1,DRR199371_202105251828_80
DRR199371,plasmid_AA337,AP022172.1,DRR199371_202105251828_81
DRR199371,plasmid_AA337,AP022172.1,DRR199371_202105251828_82
DRR199371,plasmid_AA337,AP022172.1,DRR199371_202105251828_83
DRR199371,plasmid_AA337,AP022172.1,DRR199371_202105251828_84
DRR199371,plasmid_AA337,AP022172.1,DRR199371_202105251828_86
DRR199371,plasmid_AA337,AP022172.1,DRR199371_202105251828_89
DRR199371,plasmid_AA337,AP022172.1,DRR199371_202105251828_90
DRR199371,plasmid_AA337,AP022172.1,DRR199371_202105251828_93
DRR199371,plasmid_AA337,AP022172.1,DRR199371_202105251828_95
DRR199371,plasmid_AA337,AP022172.1,DRR199371_202105251828_96
SRR3999091,plasmid_AA619,CP019016.1,SRR3999091_202105251828_20
SRR3999091,plasmid_AA619,CP019016.1,SRR3999091_202105251828_38
SRR3999091,plasmid_AA179,CP019018.1,SRR3999091_202105251828_16
SRR3999091,plasmid_AA179,CP019018.1,SRR3999091_202105251828_21
SRR3999091,plasmid_AA179,CP019018.1,SRR3999091_202105251828_24
SRR3999091,plasmid_AA179,CP019018.1,SRR3999091_202105251828_26
SRR3999091,plasmid_AA179,CP019018.1,SRR3999091_202105251828_31
SRR3999091,plasmid_AA738,CP019019.1,SRR3999091_202105251828_14
SRR3999091,plasmid_AA738,CP019019.1,SRR3999091_202105251828_18
SRR3999091,plasmid_AA738,CP019019.1,SRR3999091_202105251828_25
SRR3999091,plasmid_AA738,CP019019.1,SRR3999091_202105251828_27
SRR3999091,plasmid_AA738,CP019019.1,SRR3999091_202105251828_33
SRR3999091,plasmid_AA738,CP019018.1,SRR3999091_202105251828_39
SRR3999091,plasmid_AA738,CP019019.1,SRR3999091_202105251828_39
SRR3999091,plasmid_AA738,CP019017.1,SRR3999091_202105251828_39
SRR3999091,plasmid_AA738,CP019019.1,SRR3999091_202105251828_40
SRR3999091,plasmid_AG658,CP019017.1,SRR3999091_202105251828_30
SRR3999091,plasmid_AG658,CP019017.1,SRR3999091_202105251828_32
SRR3999091,plasmid_AG658,CP019017.1,SRR3999091_202105251828_36
SRR3999091,plasmid_AG658,CP019017.1,SRR3999091_202105251828_37
SRR3999091,plasmid_AG658,CP019017.1,SRR3999091_202105251828_43
SRR3999091,plasmid_AB193,CP019017.1,SRR3999091_202105251828_23
SRR3999091,plasmid_AB193,CP019017.1,SRR3999091_202105251828_29
SRR3999091,plasmid_AB193,CP019017.1,SRR3999091_202105251828_41
SRR3999091,plasmid_AB193,CP019017.1,SRR3999091_202105251828_44
SRR11948783,plasmid_AC512,CP056871.1,SRR11948783_202105251828_41
SRR11948783,plasmid_AC512,CP056870.1,SRR11948783_202105251828_69
SRR11948783,plasmid_AA172,CP056871.1,SRR11948783_202105251828_35
SRR11948783,plasmid_AA172,CP056871.1,SRR11948783_202105251828_55
SRR11948783,plasmid_AB953,CP056870.1,SRR11948783_202105251828_54
SRR11948783,plasmid_AB953,CP056872.1,SRR11948783_202105251828_61
SRR11948783,plasmid_AB953,CP056871.1,SRR11948783_202105251828_61
SRR11948783,plasmid_AB953,CP056870.1,SRR11948783_202105251828_61
SRR11948783,plasmid_AB953,CP056871.1,SRR11948783_202105251828_61
SRR11948783,plasmid_AB953,CP056871.1,SRR11948783_202105251828_61
SRR11948783,plasmid_AA336,CP056872.1,SRR11948783_202105251828_29
SRR11948783,plasmid_AA336,CP056872.1,SRR11948783_202105251828_36
SRR11948783,plasmid_AA336,CP056871.1,SRR11948783_202105251828_42
SRR11948783,plasmid_AA336,CP056872.1,SRR11948783_202105251828_43
SRR11948783,plasmid_AA336,CP056871.1,SRR11948783_202105251828_45
SRR11948783,plasmid_AA336,CP056871.1,SRR11948783_202105251828_46
SRR11948783,plasmid_AA336,CP056871.1,SRR11948783_202105251828_48
SRR11948783,plasmid_AA336,CP056871.1,SRR11948783_202105251828_57
SRR13183024,plasmid_AB685,CP069592.1,SRR13183024_202105251828_53
SRR13183024,plasmid_AA147,CP069591.1,SRR13183024_202105251828_40
SRR13183024,plasmid_AA735,CP069590.1,SRR13183024_202105251828_21
SRR13183024,plasmid_AA735,CP069590.1,SRR13183024_202105251828_27
SRR13183024,plasmid_AA735,CP069590.1,SRR13183024_202105251828_28
SRR13183024,plasmid_AA735,CP069590.1,SRR13183024_202105251828_33
SRR13183024,plasmid_AA735,CP069590.1,SRR13183024_202105251828_34
SRR13183024,plasmid_AA735,CP069590.1,SRR13183024_202105251828_38
SRR13183024,plasmid_AA735,CP069590.1,SRR13183024_202105251828_39
SRR13183024,plasmid_AA735,CP069590.1,SRR13183024_202105251828_51
SRR11949276,plasmid_AA176,CP056305.1,SRR11949276_202105251828_25
SRR11949276,plasmid_AA176,CP056305.1,SRR11949276_202105251828_26
SRR11949276,plasmid_AA176,CP056305.1,SRR11949276_202105251828_28
SRR11949276,plasmid_AA176,CP056305.1,SRR11949276_202105251828_29
SRR11949276,plasmid_AA176,CP056305.1,SRR11949276_202105251828_31
SRR11949276,plasmid_AA176,CP056305.1,SRR11949276_202105251828_32
SRR11949276,plasmid_AA176,CP056305.1,SRR11949276_202105251828_33
SRR11949276,plasmid_AA176,CP056305.1,SRR11949276_202105251828_34
SRR11949276,plasmid_AA176,CP056305.1,SRR11949276_202105251828_36
SRR11949276,plasmid_AA176,CP056305.1,SRR11949276_202105251828_38
SRR11949276,plasmid_AA176,CP056305.1,SRR11949276_202105251828_43
SRR11949276,plasmid_AA176,CP056305.1,SRR11949276_202105251828_45
SRR11949276,plasmid_AA579,CP056306.1,SRR11949276_202105251828_40
SRR13182993,plasmid_AA324,CP069584.1,SRR13182993_202105251828_30
SRR13182993,plasmid_AA324,CP069584.1,SRR13182993_202105251828_33
SRR13182993,plasmid_AA324,CP069584.1,SRR13182993_202105251828_36
SRR13182993,plasmid_AA324,CP069584.1,SRR13182993_202105251828_41
SRR13182993,plasmid_AA324,CP069584.1,SRR13182993_202105251828_41
SRR13182993,plasmid_AA324,CP069584.1,SRR13182993_202105251828_41
SRR13182993,plasmid_AA324,CP069584.1,SRR13182993_202105251828_41
SRR13182993,plasmid_AA324,CP069584.1,SRR13182993_202105251828_46
SRR13182993,plasmid_AA324,CP069584.1,SRR13182993_202105251828_47
SRR13182993,plasmid_AA324,CP069584.1,SRR13182993_202105251828_51
SRR13182993,plasmid_AA324,CP069584.1,SRR13182993_202105251828_53
SRR13182993,plasmid_AA324,CP069584.1,SRR13182993_202105251828_60
SRR13182993,plasmid_AA324,CP069583.1,SRR13182993_202105251828_61
SRR13182993,plasmid_AA324,CP069583.1,SRR13182993_202105251828_67
SRR13182993,plasmid_AA324,CP069584.1,SRR13182993_202105251828_69
SRR13182993,plasmid_AA324,CP069583.1,SRR13182993_202105251828_75
SRR13182993,plasmid_AA324,CP069584.1,SRR13182993_202105251828_79
SRR13182993,plasmid_AA521,CP069585.1,SRR13182993_202105251828_54
SRR11148636,plasmid_AA324,CP049079.2,SRR11148636_202105251828_47
SRR11148636,plasmid_AA324,CP049079.2,SRR11148636_202105251828_50
SRR11148636,plasmid_AA324,CP049079.2,SRR11148636_202105251828_51
SRR11148636,plasmid_AA324,CP049079.2,SRR11148636_202105251828_52
SRR11148636,plasmid_AA324,CP049079.2,SRR11148636_202105251828_54
SRR11148636,plasmid_AA324,CP049079.2,SRR11148636_202105251828_56
SRR11148636,plasmid_AA324,CP049079.2,SRR11148636_202105251828_57
SRR11148636,plasmid_AA324,CP049079.2,SRR11148636_202105251828_59
SRR11148636,plasmid_AA324,CP049079.2,SRR11148636_202105251828_73
SRR11148636,plasmid_AA324,CP049079.2,SRR11148636_202105251828_74
SRR11148636,plasmid_AA324,CP049079.2,SRR11148636_202105251828_75
SRR11148636,plasmid_AA324,CP049079.2,SRR11148636_202105251828_76
SRR11148636,plasmid_AA324,CP049077.2,SRR11148636_202105251828_76
SRR11148636,plasmid_AA324,CP049079.2,SRR11148636_202105251828_92
SRR11148636,plasmid_AA336,CP049078.2,SRR11148636_202105251828_32
SRR11148636,plasmid_AA336,CP049078.2,SRR11148636_202105251828_38
SRR11148636,plasmid_AA336,CP049079.2,SRR11148636_202105251828_40
SRR11148636,plasmid_AA336,CP049078.2,SRR11148636_202105251828_60
SRR11148636,plasmid_AA336,CP049078.2,SRR11148636_202105251828_66
SRR5168234,plasmid_AA171,CP020117.1,SRR5168234_202105251828_34
SRR5168234,plasmid_AA171,CP020117.1,SRR5168234_202105251828_35
SRR5168234,plasmid_AA171,CP020117.1,SRR5168234_202105251828_39
SRR5168234,plasmid_AA171,CP020117.1,SRR5168234_202105251828_42
SRR5168234,plasmid_AA171,CP020117.1,SRR5168234_202105251828_43
SRR5168234,plasmid_AA171,CP020117.1,SRR5168234_202105251828_45
SRR5168234,plasmid_AA171,CP020117.1,SRR5168234_202105251828_49
SRR5168234,plasmid_AA171,CP020117.1,SRR5168234_202105251828_51
SRR5168234,plasmid_AA171,CP020117.1,SRR5168234_202105251828_52
SRR5168234,plasmid_AA171,CP020119.1,SRR5168234_202105251828_60
SRR5168234,plasmid_AA171,CP020117.1,SRR5168234_202105251828_60
SRR5168234,plasmid_AA171,CP020119.1,SRR5168234_202105251828_62
SRR5168234,plasmid_AA171,CP020117.1,SRR5168234_202105251828_62
SRR5168234,plasmid_AA747,CP020118.1,SRR5168234_202105251828_23
SRR5168234,plasmid_AA747,CP020118.1,SRR5168234_202105251828_25
SRR5168234,plasmid_AA552,CP020119.1,SRR5168234_202105251828_33
SRR5168234,plasmid_AA552,CP020119.1,SRR5168234_202105251828_36
SRR5168234,plasmid_AA552,CP020119.1,SRR5168234_202105251828_61
SRR5167859,plasmid_AA860,CP021936.1,SRR5167859_202105251828_14
SRR5167859,plasmid_AA860,CP021937.1,SRR5167859_202105251828_51
SRR5167859,plasmid_AA860,CP021937.1,SRR5167859_202105251828_51
SRR5167859,plasmid_AA860,CP021937.1,SRR5167859_202105251828_51
SRR5167859,plasmid_AA860,CP021937.1,SRR5167859_202105251828_51
SRR5167859,plasmid_AA860,CP021936.1,SRR5167859_202105251828_51
SRR5167859,plasmid_AA860,CP021937.1,SRR5167859_202105251828_53
SRR5167859,plasmid_AA860,CP021937.1,SRR5167859_202105251828_53
SRR5167859,plasmid_AA860,CP021937.1,SRR5167859_202105251828_53
SRR5167859,plasmid_AA860,CP021937.1,SRR5167859_202105251828_53
SRR5167859,plasmid_AA860,CP021936.1,SRR5167859_202105251828_53
SRR5167859,plasmid_AD068,CP021937.1,SRR5167859_202105251828_45
SRR5167859,plasmid_AD068,CP021937.1,SRR5167859_202105251828_45
SRR5167859,plasmid_AD068,CP021937.1,SRR5167859_202105251828_45
SRR5167859,plasmid_AA735,CP021938.1,SRR5167859_202105251828_19
SRR5167859,plasmid_AA735,CP021937.1,SRR5167859_202105251828_24
SRR5167859,plasmid_AA735,CP021937.1,SRR5167859_202105251828_27
SRR5167859,plasmid_AA735,CP021937.1,SRR5167859_202105251828_28
SRR5167859,plasmid_AA735,CP021937.1,SRR5167859_202105251828_30
SRR5167859,plasmid_AA735,CP021937.1,SRR5167859_202105251828_30
SRR5167859,plasmid_AA735,CP021937.1,SRR5167859_202105251828_32
SRR5167859,plasmid_AA735,CP021937.1,SRR5167859_202105251828_32
SRR5167859,plasmid_AA735,CP021937.1,SRR5167859_202105251828_32
SRR5167859,plasmid_AA735,CP021937.1,SRR5167859_202105251828_32
SRR5167859,plasmid_AA735,CP021937.1,SRR5167859_202105251828_39
SRR5167859,plasmid_AA735,CP021937.1,SRR5167859_202105251828_44
SRR5167859,plasmid_AA735,CP021937.1,SRR5167859_202105251828_48
SRR5167859,plasmid_AA735,CP021937.1,SRR5167859_202105251828_48
SRR5167859,plasmid_AA735,CP021937.1,SRR5167859_202105251828_48
SRR5167859,plasmid_AA735,CP021937.1,SRR5167859_202105251828_48
SRR3112332,plasmid_AA171,CP032202.1,SRR3112332_202105251828_24
SRR3112332,plasmid_AA171,CP032202.1,SRR3112332_202105251828_40
SRR3112332,plasmid_AA171,CP032202.1,SRR3112332_202105251828_46
SRR3112332,plasmid_AA171,CP032202.1,SRR3112332_202105251828_47
SRR3112332,plasmid_AA171,CP032202.1,SRR3112332_202105251828_49
SRR3112332,plasmid_AA171,CP032202.1,SRR3112332_202105251828_56
SRR3112332,plasmid_AA171,CP032202.1,SRR3112332_202105251828_61
SRR3112332,plasmid_AA171,CP032202.1,SRR3112332_202105251828_71
SRR3112332,plasmid_AA171,CP032202.1,SRR3112332_202105251828_86
SRR3112332,plasmid_AA552,CP032203.1,SRR3112332_202105251828_43
SRR3112332,plasmid_AA552,CP032203.1,SRR3112332_202105251828_45
SRR3112332,plasmid_AA552,CP032203.1,SRR3112332_202105251828_50
SRR3112332,plasmid_AA552,CP032203.1,SRR3112332_202105251828_84
SRR5168211,plasmid_AA171,CP021690.1,SRR5168211_202105251828_24
SRR5168211,plasmid_AA171,CP021690.1,SRR5168211_202105251828_31
SRR5168211,plasmid_AA171,CP021690.1,SRR5168211_202105251828_35
SRR5168211,plasmid_AA171,CP021690.1,SRR5168211_202105251828_38
SRR5168211,plasmid_AA171,CP021690.1,SRR5168211_202105251828_39
SRR5168211,plasmid_AA171,CP021690.1,SRR5168211_202105251828_40
SRR5168211,plasmid_AA171,CP021690.1,SRR5168211_202105251828_41
SRR5168211,plasmid_AA171,CP021690.1,SRR5168211_202105251828_43
SRR5168211,plasmid_AA171,CP021690.1,SRR5168211_202105251828_49
SRR5168211,plasmid_AA171,CP021690.1,SRR5168211_202105251828_55
SRR5168211,plasmid_AA171,CP021690.1,SRR5168211_202105251828_58
SRR5168211,plasmid_AA171,CP021690.1,SRR5168211_202105251828_58
SRR5168211,plasmid_AA171,CP021690.1,SRR5168211_202105251828_60
SRR5168211,plasmid_AA171,CP021689.1,SRR5168211_202105251828_60
SRR3112329,plasmid_AA171,CP027536.1,SRR3112329_202105251828_53
SRR3112329,plasmid_AA171,CP027537.1,SRR3112329_202105251828_61
SRR3112329,plasmid_AA171,CP027536.1,SRR3112329_202105251828_63
SRR3112329,plasmid_AA171,CP027537.1,SRR3112329_202105251828_64
SRR3112329,plasmid_AA171,CP027536.1,SRR3112329_202105251828_65
SRR3112329,plasmid_AA171,CP027536.1,SRR3112329_202105251828_66,1,5497
SRR3112329,plasmid_AA171,CP027537.1,SRR3112329_202105251828_66,5498,6767
SRR3112329,plasmid_AA171,CP027537.1,SRR3112329_202105251828_68
SRR3112329,plasmid_AA171,CP027536.1,SRR3112329_202105251828_73
SRR3112329,plasmid_AA171,CP027537.1,SRR3112329_202105251828_75,1,1922
SRR3112329,plasmid_AA171,CP027536.1,SRR3112329_202105251828_75,1923,4835
SRR3112329,plasmid_AA171,CP027537.1,SRR3112329_202105251828_77
SRR3112329,plasmid_AA171,CP027537.1,SRR3112329_202105251828_78
SRR3112329,plasmid_AA171,CP027537.1,SRR3112329_202105251828_81
SRR3112329,plasmid_AA171,CP027537.1,SRR3112329_202105251828_82
SRR3112329,plasmid_AA171,CP027537.1,SRR3112329_202105251828_83
SRR3112329,plasmid_AA171,CP027536.1,SRR3112329_202105251828_97
SRR3112329,plasmid_AA171,CP027535.1,SRR3112329_202105251828_101
SRR3112329,plasmid_AA171,CP027537.1,SRR3112329_202105251828_106
SRR3112329,plasmid_AA171,CP027537.1,SRR3112329_202105251828_116
SRR3112329,plasmid_AA474,CP027535.1,SRR3112329_202105251828_30
SRR3112329,plasmid_AA474,CP027536.1,SRR3112329_202105251828_38,1,20157
SRR3112329,plasmid_AA474,CP027535.1,SRR3112329_202105251828_38,20158,37814
SRR3112329,plasmid_AA474,CP027535.1,SRR3112329_202105251828_52
SRR3999096,plasmid_AA436,CP018989.1,SRR3999096_202105251828_27
SRR3999096,plasmid_AA436,CP018989.1,SRR3999096_202105251828_38
SRR3999096,plasmid_AA436,CP018989.1,SRR3999096_202105251828_50
SRR3999096,plasmid_AA436,CP018989.1,SRR3999096_202105251828_58
SRR3999096,plasmid_AA436,CP018989.1,SRR3999096_202105251828_63
SRR3999096,plasmid_AA436,CP018991.1,SRR3999096_202105251828_76
SRR3999096,plasmid_AA436,CP018989.1,SRR3999096_202105251828_76
SRR3999096,plasmid_AD158,CP018988.1,SRR3999096_202105251828_30
SRR3999096,plasmid_AD158,CP018988.1,SRR3999096_202105251828_65
SRR3999096,plasmid_AA161,CP018987.1,SRR3999096_202105251828_52
SRR3999096,plasmid_AA324,CP018990.1,SRR3999096_202105251828_22
SRR3999096,plasmid_AA324,CP018990.1,SRR3999096_202105251828_40
SRR3999096,plasmid_AA324,CP018990.1,SRR3999096_202105251828_41
SRR3999096,plasmid_AA324,CP018990.1,SRR3999096_202105251828_46
SRR3999096,plasmid_AA324,CP018990.1,SRR3999096_202105251828_47
SRR3999096,plasmid_AA324,CP018990.1,SRR3999096_202105251828_51
SRR3999096,plasmid_AA324,CP018990.1,SRR3999096_202105251828_53
SRR3999096,plasmid_AA324,CP018990.1,SRR3999096_202105251828_54
SRR3999096,plasmid_AA324,CP018991.1,SRR3999096_202105251828_64
SRR3999096,plasmid_AA324,CP018990.1,SRR3999096_202105251828_67
SRR3999096,plasmid_AA324,CP018989.1,SRR3999096_202105251828_68
SRR3999096,plasmid_AA324,CP018991.1,SRR3999096_202105251828_69
SRR3999096,plasmid_AA324,CP018990.1,SRR3999096_202105251828_78
SRR3999096,plasmid_AA324,CP018989.1,SRR3999096_202105251828_78
SRR3999096,plasmid_AA324,CP018991.1,SRR3999096_202105251828_81
SRR3999096,plasmid_AA147,CP018985.1,SRR3999096_202105251828_57
SRR3999096,plasmid_AA979,CP018986.1,SRR3999096_202105251828_56
SRR3999081,plasmid_AA171,CP019009.1,SRR3999081_202105251828_29
SRR3999081,plasmid_AA171,CP019009.1,SRR3999081_202105251828_30
SRR3999081,plasmid_AA171,CP019009.1,SRR3999081_202105251828_31
SRR3999081,plasmid_AA171,CP019009.1,SRR3999081_202105251828_34
SRR3999081,plasmid_AA171,CP019009.1,SRR3999081_202105251828_40
SRR3999081,plasmid_AA171,CP019009.1,SRR3999081_202105251828_44
SRR3999081,plasmid_AA171,CP019009.1,SRR3999081_202105251828_45
SRR3999081,plasmid_AA171,CP019009.1,SRR3999081_202105251828_48
SRR3999081,plasmid_AA171,CP019009.1,SRR3999081_202105251828_51
SRR3999081,plasmid_AA171,CP019009.1,SRR3999081_202105251828_59
SRR3999081,plasmid_AB978,CP019010.1,SRR3999081_202105251828_32
SRR3999081,plasmid_AB978,CP019010.1,SRR3999081_202105251828_37
SRR3999081,plasmid_AB978,CP019010.1,SRR3999081_202105251828_39
SRR3999081,plasmid_AB978,CP019010.1,SRR3999081_202105251828_41
SRR3999081,plasmid_AB978,CP019010.1,SRR3999081_202105251828_50
SRR3999081,plasmid_AA282,CP019011.1,SRR3999081_202105251828_21
SRR3999081,plasmid_AA282,CP019011.1,SRR3999081_202105251828_49
DRR199287,plasmid_AA171,AP022045.1,DRR199287_202105251828_53
DRR199287,plasmid_AA171,AP022045.1,DRR199287_202105251828_68
DRR199287,plasmid_AA171,AP022045.1,DRR199287_202105251828_78
DRR199287,plasmid_AA171,AP022045.1,DRR199287_202105251828_94
DRR199287,plasmid_AA171,AP022045.1,DRR199287_202105251828_104
DRR199287,plasmid_AA171,AP022045.1,DRR199287_202105251828_105
DRR199287,plasmid_AA163,AP022048.1,DRR199287_202105251828_97
DRR199287,plasmid_AA552,AP022045.1,DRR199287_202105251828_87
DRR199287,plasmid_AA552,AP022045.1,DRR199287_202105251828_103
DRR199287,plasmid_AA552,AP022045.1,DRR199287_202105251828_106
DRR199287,plasmid_AA552,AP022044.1,DRR199287_202105251828_106
DRR199287,plasmid_AA977,AP022047.1,DRR199287_202105251828_91
DRR199287,plasmid_AA336,AP022045.1,DRR199287_202105251828_44
DRR199287,plasmid_AA336,AP022045.1,DRR199287_202105251828_64
DRR199287,plasmid_AA336,AP022045.1,DRR199287_202105251828_81
DRR199287,plasmid_AA336,AP022045.1,DRR199287_202105251828_83
DRR199287,plasmid_AA336,AP022045.1,DRR199287_202105251828_98
DRR199287,plasmid_AA336,AP022044.1,DRR199287_202105251828_112
DRR199287,plasmid_AA336,AP022045.1,DRR199287_202105251828_112
DRR199287,plasmid_AB446,AP022046.1,DRR199287_202105251828_90
