SRR8182925,plasmid_AA171,CP021871.1,29
SRR8182925,plasmid_AA171,CP021871.1,30
SRR8182925,plasmid_AA171,CP021871.1,39
SRR8182925,plasmid_AA171,CP021871.1,40
SRR8182925,plasmid_AA171,CP021871.1,41
SRR8182925,plasmid_AA171,CP021871.1,43
SRR8182925,plasmid_AA171,CP021871.1,45
SRR8182925,plasmid_AA171,CP021871.1,50
SRR8182925,plasmid_AA171,CP021871.1,52
SRR8182925,plasmid_AA171,CP021871.1,56
SRR8182925,plasmid_AA171,CP021871.1,58
SRR8182925,plasmid_AA171,CP021454.1,58
SRR8182925,plasmid_AA171,CP021454.1,58
SRR8182925,plasmid_AA171,CP021454.1,58
SRR8182925,plasmid_AA171,CP021871.1,63
SRR8182925,plasmid_AA171,CP021454.1,64
SRR8182925,plasmid_AA171,CP021454.1,65
SRR8182925,plasmid_AA171,CP021454.1,65
SRR8182925,plasmid_AA171,CP021871.1,65
SRR8182925,plasmid_AA171,CP021871.1,67
SRR8182925,plasmid_AA171,CP021871.1,67
SRR11948708,plasmid_AA171,CP056471.1,51
SRR11948708,plasmid_AA171,CP056471.1,52
SRR11948708,plasmid_AA171,CP056470.1,63
SRR11948708,plasmid_AA171,CP056470.1,73
SRR11948708,plasmid_AA171,CP056471.1,76
SRR11948708,plasmid_AA171,CP056470.1,78
SRR11948708,plasmid_AA171,CP056470.1,78
SRR11948708,plasmid_AA171,CP056470.1,78
SRR11948708,plasmid_AA171,CP056470.1,78
SRR11948708,plasmid_AA171,CP056470.1,78
SRR11948708,plasmid_AA171,CP056470.1,79
SRR11948708,plasmid_AA171,CP056470.1,88
SRR11948708,plasmid_AA171,CP056471.1,91
SRR11948708,plasmid_AA171,CP056470.1,91
SRR11948708,plasmid_AA171,CP056470.1,93
SRR11948708,plasmid_AA171,CP056470.1,93
SRR11948708,plasmid_AA171,CP056471.1,93
SRR11948708,plasmid_AA171,CP056470.1,104
SRR11948708,plasmid_AA171,CP056470.1,104
SRR11948708,plasmid_novel_4204f75c392bde35a1d1663c61906664,CP056471.1,50
SRR11948708,plasmid_AA336,CP056472.1,35
SRR11948708,plasmid_AA336,CP056472.1,53
SRR11948708,plasmid_AA336,CP056471.1,56
SRR11948708,plasmid_AA336,CP056471.1,59
SRR11948708,plasmid_AA336,CP056471.1,61
SRR11948708,plasmid_AA336,CP056472.1,69
SRR11948708,plasmid_AA336,CP056470.1,75
SRR11948708,plasmid_AA336,CP056470.1,75
SRR11948708,plasmid_AA336,CP056470.1,75
SRR11948708,plasmid_AA336,CP056471.1,77
SRR11948708,plasmid_AA336,CP056471.1,77
SRR11948708,plasmid_AA336,CP056471.1,77
SRR11948708,plasmid_AA336,CP056472.1,77
SRR11948708,plasmid_AA336,CP056471.1,84
SRR11948708,plasmid_AA336,CP056472.1,85
SRR11948708,plasmid_AA336,CP056471.1,85
SRR11948708,plasmid_AA336,CP056471.1,95
SRR11948708,plasmid_AA336,CP056472.1,96
SRR11948708,plasmid_AA336,CP056472.1,97
SRR11948708,plasmid_AA336,CP056471.1,97
SRR11948708,plasmid_AA336,CP056472.1,101
SRR11948708,plasmid_AA336,CP056471.1,102
SRR11948708,plasmid_AA336,CP056472.1,103
SRR11948708,plasmid_AG799,CP056471.1,54
SRR11949021,plasmid_AA176,CP056915.1,19
SRR11949021,plasmid_AA176,CP056915.1,23
SRR11949021,plasmid_AA176,CP056915.1,27
SRR11949021,plasmid_AA176,CP056915.1,28
SRR11949021,plasmid_AA176,CP056915.1,29
SRR11949021,plasmid_AA176,CP056915.1,31
SRR11949021,plasmid_AA176,CP056914.1,45
SRR11949021,plasmid_AA176,CP056915.1,45
SRR11949021,plasmid_AA176,CP056915.1,49
SRR11949021,plasmid_AA176,CP056915.1,49
SRR3999089,plasmid_AA552,CP019006.1,17
SRR3999089,plasmid_AA175,CP019007.1,15
SRR3999089,plasmid_AA175,CP019007.1,20
SRR3999089,plasmid_AA175,CP019007.1,21
SRR3999089,plasmid_AA175,CP019007.1,23
SRR3999089,plasmid_AA175,CP019007.1,28
SRR3999089,plasmid_AA175,CP019007.1,29
SRR3999089,plasmid_AA175,CP019007.1,34
SRR3999089,plasmid_AA175,CP019008.1,34
SRR11905449,plasmid_AA171,CP054220.1,35
SRR11905449,plasmid_AA171,CP054220.1,36
SRR11905449,plasmid_AA171,CP054220.1,37
SRR11905449,plasmid_AA171,CP054220.1,39
SRR11905449,plasmid_AA171,CP054220.1,42
SRR11905449,plasmid_AA171,CP054220.1,43
SRR11905449,plasmid_AA171,CP054220.1,46
SRR11905449,plasmid_AA171,CP054220.1,50
SRR11905449,plasmid_AA171,CP054220.1,57
SRR11905449,plasmid_AA171,CP054220.1,59
SRR11905449,plasmid_AA171,CP054219.1,61
SRR11905449,plasmid_AA171,CP054220.1,61
SRR11905449,plasmid_AA171,CP054219.1,61
SRR11905449,plasmid_AA171,CP054219.1,61
SRR11905449,plasmid_AA171,CP054219.1,61
SRR11905449,plasmid_AA171,CP054219.1,61
SRR11905449,plasmid_AA171,CP054219.1,61
SRR11905449,plasmid_AA171,CP054220.1,63
SRR11905449,plasmid_AA171,CP054220.1,65
SRR11905449,plasmid_AA171,CP054219.1,65
SRR11905449,plasmid_AA171,CP054221.1,70
SRR11905449,plasmid_AA171,CP054221.1,76
SRR11905449,plasmid_AA171,CP054220.1,76
SRR11905449,plasmid_AA171,CP054220.1,77
SRR11905449,plasmid_AA171,CP054220.1,77
SRR11905449,plasmid_AA474,CP054221.1,24
SRR11905449,plasmid_AA474,CP054221.1,32
SRR11905449,plasmid_AA474,CP054221.1,47
SRR11905449,plasmid_AA474,CP054221.1,51
SRR11905449,plasmid_AA474,CP054219.1,60
SRR11905449,plasmid_AA474,CP054219.1,60
SRR11905449,plasmid_AA474,CP054219.1,60
SRR11905449,plasmid_AA474,CP054219.1,60
SRR11905449,plasmid_AA474,CP054221.1,64
SRR11905449,plasmid_AA977,CP054222.1,52
DRR199249,plasmid_AA171,AP021999.1,44
DRR199249,plasmid_AA171,AP021999.1,47
DRR199249,plasmid_AA171,AP021999.1,48
DRR199249,plasmid_AA171,AP021999.1,49
DRR199249,plasmid_AA171,AP021999.1,50
DRR199249,plasmid_AA171,AP021999.1,53
DRR199249,plasmid_AA171,AP021999.1,59
DRR199249,plasmid_AA171,AP021999.1,63
DRR199249,plasmid_AA171,AP021999.1,64
DRR199249,plasmid_AA171,AP021999.1,73
DRR199249,plasmid_AA171,AP021998.1,75
DRR199249,plasmid_AA171,AP021999.1,75
DRR199249,plasmid_AA171,AP021998.1,75
DRR199249,plasmid_AA171,AP021998.1,75
DRR199249,plasmid_AA171,AP021998.1,78
DRR199249,plasmid_AA171,AP021999.1,78
DRR199249,plasmid_AA171,AP021999.1,80
DRR199249,plasmid_AA171,AP021999.1,83
DRR199249,plasmid_AA171,AP021999.1,90
DRR199249,plasmid_AA171,AP021999.1,90
DRR199249,plasmid_AA977,AP022001.1,62
DRR199249,plasmid_AC509,AP022000.1,57
SRR4025854,plasmid_AA860,CP021936.1,15
SRR4025854,plasmid_AA860,CP021935.1,34
SRR4025854,plasmid_AA860,CP021935.1,44
SRR4025854,plasmid_AA860,CP021935.1,54
SRR4025854,plasmid_AA860,CP021937.1,54
SRR4025854,plasmid_AA860,CP021935.1,54
SRR4025854,plasmid_AA860,CP021937.1,60
SRR4025854,plasmid_AA860,CP021937.1,60
SRR4025854,plasmid_AA860,CP021937.1,60
SRR4025854,plasmid_AA860,CP021937.1,60
SRR4025854,plasmid_AA860,CP021936.1,60
SRR4025854,plasmid_AA860,CP021937.1,69
SRR4025854,plasmid_AA860,CP021937.1,69
SRR4025854,plasmid_AA860,CP021937.1,69
SRR4025854,plasmid_AA860,CP021937.1,69
SRR4025854,plasmid_AA860,CP021936.1,69
SRR4025854,plasmid_AA860,CP021935.1,71
SRR4025854,plasmid_AA860,CP021935.1,72
SRR4025854,plasmid_AD068,CP021937.1,56
SRR4025854,plasmid_AD068,CP021937.1,56
SRR4025854,plasmid_AD068,CP021937.1,56
SRR4025854,plasmid_AA735,CP021938.1,22
SRR4025854,plasmid_AA735,CP021937.1,30
SRR4025854,plasmid_AA735,CP021937.1,31
SRR4025854,plasmid_AA735,CP021937.1,33
SRR4025854,plasmid_AA735,CP021937.1,37
SRR4025854,plasmid_AA735,CP021937.1,38
SRR4025854,plasmid_AA735,CP021937.1,38
SRR4025854,plasmid_AA735,CP021937.1,41
SRR4025854,plasmid_AA735,CP021937.1,41
SRR4025854,plasmid_AA735,CP021937.1,41
SRR4025854,plasmid_AA735,CP021937.1,41
SRR4025854,plasmid_AA735,CP021938.1,47
SRR4025854,plasmid_AA735,CP021937.1,47
SRR4025854,plasmid_AA735,CP021938.1,48
SRR4025854,plasmid_AA735,CP021937.1,52
SRR4025854,plasmid_AA735,CP021935.1,53
SRR4025854,plasmid_AA735,CP021935.1,53
SRR4025854,plasmid_AA735,CP021935.1,53
SRR4025854,plasmid_AA735,CP021935.1,53
SRR4025854,plasmid_AA735,CP021938.1,64
SRR4025854,plasmid_AA735,CP021937.1,65
SRR4025854,plasmid_AA735,CP021937.1,65
SRR4025854,plasmid_AA735,CP021937.1,65
SRR4025854,plasmid_AA735,CP021937.1,65
SRR4025854,plasmid_AA735,CP021937.1,67
SRR3112334,plasmid_AA474,CP032264.1,30
SRR3112334,plasmid_AA474,CP032264.1,31
SRR3112334,plasmid_AA474,CP032264.1,37
SRR3112334,plasmid_AA474,CP032264.1,44
SRR3112334,plasmid_AA474,CP032265.1,48
SRR3112334,plasmid_AA474,CP032265.1,49
SRR3112334,plasmid_AA474,CP032264.1,49
SRR3112334,plasmid_AA474,CP032264.1,52
SRR3112334,plasmid_AA474,CP032264.1,58
SRR3112334,plasmid_AA474,CP032265.1,58
SRR3112334,plasmid_AA474,CP032265.1,62
SRR3112334,plasmid_AA474,CP032265.1,62
SRR3112334,plasmid_AA474,CP032265.1,67
SRR3112334,plasmid_AA474,CP032265.1,67
SRR3112334,plasmid_AA176,CP032263.1,22
SRR3112334,plasmid_AA176,CP032263.1,33
SRR3112334,plasmid_AA176,CP032263.1,38
SRR3112334,plasmid_AA176,CP032263.1,40
SRR3112334,plasmid_AA176,CP032263.1,41
SRR3112334,plasmid_AA176,CP032265.1,43
SRR3112334,plasmid_AA176,CP032263.1,45
SRR3112334,plasmid_AA176,CP032263.1,47
SRR3112334,plasmid_AA176,CP032264.1,54
SRR3112334,plasmid_AA176,CP032265.1,54
SRR3112334,plasmid_AA176,CP032263.1,54
SRR3112334,plasmid_AA176,CP032263.1,57
SRR3112334,plasmid_AA176,CP032263.1,64
SRR3112334,plasmid_AA176,CP032263.1,64
SRR3112334,plasmid_AA176,CP032263.1,65
SRR3112334,plasmid_AA176,CP032263.1,65
SRR3112334,plasmid_AA176,CP032265.1,65
SRR3112334,plasmid_AA176,CP032263.1,65
SRR3112334,plasmid_AA176,CP032263.1,66
SRR6985737,plasmid_AA171,CP030339.1,50
SRR6985737,plasmid_AA171,CP030339.1,52
SRR6985737,plasmid_AA171,CP030339.1,58
SRR6985737,plasmid_AA552,CP030335.1,28
SRR6985737,plasmid_AA552,CP030335.1,41
SRR6985737,plasmid_AA552,CP030335.1,73
SRR6985737,plasmid_AA474,CP030340.1,22,10671,45597
SRR6985737,plasmid_AA474,CP030336.1,22,68288,80373
SRR6985737,plasmid_AA474,CP030337.1,67
SRR6985737,plasmid_AA474,CP030337.1,67
SRR6985737,plasmid_AA474,CP030337.1,67
SRR6985737,plasmid_AA474,CP030337.1,68
SRR6985737,plasmid_AA474,CP030337.1,68
SRR6985737,plasmid_AA474,CP030337.1,68
SRR6985737,plasmid_AA474,CP030339.1,76
SRR6985737,plasmid_AA474,CP030339.1,77
SRR6985737,plasmid_AA474,CP030336.1,78
SRR6985737,plasmid_AA579,CP030333.1,61
SRR6985737,plasmid_AA977,CP030334.1,55
SRR6985737,plasmid_AA372,CP030335.1,34
DRR199303,plasmid_AA171,AP022065.1,50
DRR199303,plasmid_AA171,AP022065.1,55
DRR199303,plasmid_AA171,AP022065.1,56
DRR199303,plasmid_AA171,AP022065.1,57
DRR199303,plasmid_AA171,AP022065.1,58
DRR199303,plasmid_AA171,AP022065.1,60
DRR199303,plasmid_AA171,AP022065.1,64
DRR199303,plasmid_AA171,AP022065.1,68
DRR199303,plasmid_AA171,AP022065.1,72
DRR199303,plasmid_AA171,AP022065.1,73
DRR199303,plasmid_AA171,AP022065.1,75
DRR199303,plasmid_AA171,AP022065.1,83
DRR199303,plasmid_AA171,AP022065.1,86
DRR199303,plasmid_AA171,AP022064.1,89
DRR199303,plasmid_AA171,AP022064.1,89
DRR199303,plasmid_AA171,AP022064.1,89
DRR199303,plasmid_AA171,AP022064.1,89
DRR199303,plasmid_AA171,AP022064.1,89
DRR199303,plasmid_AA171,AP022065.1,89
DRR199303,plasmid_AA171,AP022064.1,89
DRR199303,plasmid_AA171,AP022065.1,90
DRR199303,plasmid_AA171,AP022064.1,90
DRR199303,plasmid_AA171,AP022065.1,91
DRR199303,plasmid_AA171,AP022065.1,94
DRR199303,plasmid_AA171,AP022064.1,94
DRR199303,plasmid_AA171,AP022064.1,94
DRR199303,plasmid_AA171,AP022065.1,98
DRR199303,plasmid_AA171,AP022065.1,100
DRR199303,plasmid_AA171,AP022065.1,100
DRR199303,plasmid_AA474,AP022066.1,26
DRR199303,plasmid_AA474,AP022066.1,52
DRR199303,plasmid_AA474,AP022066.1,88
DRR199303,plasmid_AA474,AP022066.1,97
DRR199303,plasmid_AA579,AP022068.1,80
DRR199303,plasmid_AA977,AP022067.1,71
SRR5482170,plasmid_AA171,CP021180.1,35
SRR5482170,plasmid_AA171,CP021180.1,36
SRR5482170,plasmid_AA171,CP021180.1,41
SRR5482170,plasmid_AA171,CP021180.1,43
SRR5482170,plasmid_AA171,CP021180.1,44
SRR5482170,plasmid_AA171,CP021180.1,45
SRR5482170,plasmid_AA171,CP021180.1,47
SRR5482170,plasmid_AA171,CP021180.1,50
SRR5482170,plasmid_AA171,CP021180.1,54
SRR5482170,plasmid_AA171,CP021180.1,55
SRR5482170,plasmid_AA171,CP021180.1,56
SRR5482170,plasmid_AA171,CP021180.1,60
SRR5482170,plasmid_AA171,CP021179.1,62
SRR5482170,plasmid_AA171,CP021179.1,62
SRR5482170,plasmid_AA171,CP021180.1,62
SRR5482170,plasmid_AA171,CP021179.1,62
SRR5482170,plasmid_AA171,CP021180.1,67
SRR5482170,plasmid_AA171,CP021180.1,68
SRR5482170,plasmid_AA171,CP021179.1,68
SRR5482170,plasmid_AA171,CP021180.1,70
SRR5482170,plasmid_AA171,CP021180.1,70
SRR5482170,plasmid_AA171,CP021179.1,72
SRR5482170,plasmid_AA171,CP021180.1,72
SRR5482170,plasmid_AA171,CP021179.1,72
SRR5168233,plasmid_AA171,CP020117.1,38
SRR5168233,plasmid_AA171,CP020117.1,42
SRR5168233,plasmid_AA171,CP020117.1,43
SRR5168233,plasmid_AA171,CP020117.1,46
SRR5168233,plasmid_AA171,CP020117.1,47
SRR5168233,plasmid_AA171,CP020117.1,49
SRR5168233,plasmid_AA171,CP020117.1,52
SRR5168233,plasmid_AA171,CP020117.1,54
SRR5168233,plasmid_AA171,CP020117.1,56
SRR5168233,plasmid_AA171,CP020117.1,57
SRR5168233,plasmid_AA171,CP020116.1,60
SRR5168233,plasmid_AA171,CP020117.1,60
SRR5168233,plasmid_AA171,CP020116.1,60
SRR5168233,plasmid_AA171,CP020116.1,60
SRR5168233,plasmid_AA171,CP020116.1,60
SRR5168233,plasmid_AA171,CP020116.1,60
SRR5168233,plasmid_AA171,CP020117.1,64
SRR5168233,plasmid_AA171,CP020116.1,64
SRR5168233,plasmid_AA171,CP020119.1,67
SRR5168233,plasmid_AA171,CP020117.1,67
SRR5168233,plasmid_AA171,CP020119.1,71
SRR5168233,plasmid_AA171,CP020117.1,71
SRR5168233,plasmid_AA747,CP020118.1,24
SRR5168233,plasmid_AA747,CP020118.1,28
SRR5168233,plasmid_AA552,CP020119.1,36
SRR5168233,plasmid_AA552,CP020119.1,37
SRR5168210,plasmid_AA171,CP021690.1,25
SRR5168210,plasmid_AA171,CP021690.1,36
SRR5168210,plasmid_AA171,CP021690.1,37
SRR5168210,plasmid_AA171,CP021690.1,39
SRR5168210,plasmid_AA171,CP021690.1,40
SRR5168210,plasmid_AA171,CP021690.1,42
SRR5168210,plasmid_AA171,CP021690.1,43
SRR5168210,plasmid_AA171,CP021690.1,44
SRR5168210,plasmid_AA171,CP021690.1,46
SRR5168210,plasmid_AA171,CP021690.1,50
SRR5168210,plasmid_AA171,CP021689.1,54
SRR5168210,plasmid_AA171,CP021689.1,54
SRR5168210,plasmid_AA171,CP021689.1,54
SRR5168210,plasmid_AA171,CP021690.1,54
SRR5168210,plasmid_AA171,CP021689.1,54
SRR5168210,plasmid_AA171,CP021690.1,58
SRR5168210,plasmid_AA171,CP021689.1,58
SRR5168210,plasmid_AA171,CP021690.1,59
SRR5168210,plasmid_AA171,CP021690.1,59
SRR5168210,plasmid_AA171,CP021690.1,61
SRR5168210,plasmid_AA171,CP021690.1,61
SRR5168210,plasmid_AA171,CP021690.1,61
SRR5168210,plasmid_AA171,CP021690.1,61
SRR5168210,plasmid_AA171,CP021690.1,61
SRR5168210,plasmid_AA171,CP021690.1,61
SRR5168210,plasmid_AA171,CP021690.1,61
SRR5168210,plasmid_AA171,CP021690.1,65
SRR11949256,plasmid_AA176,CP056525.1,37
SRR11949256,plasmid_AA176,CP056525.1,38
SRR11949256,plasmid_AA176,CP056525.1,40
SRR11949256,plasmid_AA176,CP056525.1,41
SRR11949256,plasmid_AA176,CP056524.1,42
SRR11949256,plasmid_AA176,CP056525.1,44
SRR11949256,plasmid_AA176,CP056525.1,47
SRR11949256,plasmid_AA176,CP056525.1,48
SRR11949256,plasmid_AA176,CP056525.1,49
SRR11949256,plasmid_AA176,CP056525.1,53
SRR11949256,plasmid_AA176,CP056525.1,57
SRR11949256,plasmid_AA176,CP056524.1,57
SRR11949256,plasmid_AA176,CP056525.1,58
SRR11949256,plasmid_AA176,CP056524.1,66
SRR11949256,plasmid_AA176,CP056524.1,66
SRR11949256,plasmid_AA176,CP056524.1,66
SRR11949256,plasmid_AA176,CP056524.1,66
SRR11949256,plasmid_AA176,CP056525.1,67
SRR11949256,plasmid_AA176,CP056525.1,68
SRR11949256,plasmid_AA176,CP056525.1,71
SRR11949256,plasmid_AA176,CP056524.1,75
SRR11949256,plasmid_AA176,CP056525.1,75
SRR11949256,plasmid_AA176,CP056524.1,75
SRR11949256,plasmid_AA176,CP056524.1,75
SRR11949256,plasmid_AA176,CP056524.1,75
SRR11949256,plasmid_AA176,CP056525.1,84
SRR11949256,plasmid_AA176,CP056524.1,84
SRR11949256,plasmid_AA579,CP056526.1,60
SRR11949256,plasmid_AG799,CP056525.1,61
SRR3999086,plasmid_AA735,CP018978.1,25
SRR3999086,plasmid_AA735,CP018977.1,27
SRR3999086,plasmid_AA735,CP018978.1,37
SRR3999086,plasmid_AA735,CP018978.1,39
SRR3999086,plasmid_AA735,CP018978.1,42
SRR3999086,plasmid_AA735,CP018978.1,43
SRR3999086,plasmid_AA735,CP018979.1,61
SRR3999086,plasmid_AA735,CP018979.1,61
SRR3999086,plasmid_AA735,CP018979.1,61
SRR3999086,plasmid_AA735,CP018978.1,61
SRR11949248,plasmid_AA173,CP056492.1,40
SRR11949248,plasmid_AA173,CP056493.1,45
SRR11949248,plasmid_AA173,CP056493.1,47
SRR11949248,plasmid_AA173,CP056493.1,66
SRR11949248,plasmid_AA173,CP056492.1,66
SRR11949248,plasmid_AA173,CP056493.1,90
SRR11949248,plasmid_AA941,CP056493.1,46
SRR11949248,plasmid_AA941,CP056492.1,55
SRR11949248,plasmid_AA941,CP056492.1,67
SRR11949248,plasmid_AA941,CP056492.1,70
SRR11949248,plasmid_AA941,CP056492.1,70
SRR11949248,plasmid_AA941,CP056492.1,70
SRR11949248,plasmid_AA941,CP056492.1,70
SRR11949248,plasmid_AA941,CP056492.1,70
SRR11949248,plasmid_AA941,CP056492.1,71
SRR11949248,plasmid_AA941,CP056492.1,79
SRR11949248,plasmid_AA941,CP056493.1,82
SRR11949248,plasmid_AA941,CP056492.1,82
SRR11949248,plasmid_AA941,CP056494.1,84
SRR11949248,plasmid_AA941,CP056492.1,84
SRR11949248,plasmid_AA941,CP056492.1,84
SRR11949248,plasmid_AA941,CP056492.1,95
SRR11949248,plasmid_AA941,CP056492.1,95
SRR11949248,plasmid_AA336,CP056494.1,31
SRR11949248,plasmid_AA336,CP056493.1,49
SRR11949248,plasmid_AA336,CP056494.1,50
SRR11949248,plasmid_AA336,CP056493.1,53
SRR11949248,plasmid_AA336,CP056494.1,57
SRR11949248,plasmid_AA336,CP056494.1,61
SRR11949248,plasmid_AA336,CP056493.1,61
SRR11949248,plasmid_AA336,CP056494.1,63
SRR11949248,plasmid_AA336,CP056492.1,69
SRR11949248,plasmid_AA336,CP056492.1,69
SRR11949248,plasmid_AA336,CP056492.1,69
SRR11949248,plasmid_AA336,CP056493.1,76
SRR11949248,plasmid_AA336,CP056493.1,86
SRR11949248,plasmid_AA336,CP056494.1,87
SRR11949248,plasmid_AA336,CP056494.1,88
SRR11949248,plasmid_AA336,CP056493.1,88
SRR11949248,plasmid_AA336,CP056494.1,92
SRR11949248,plasmid_AA336,CP056494.1,93
SRR11949248,plasmid_AA336,CP056493.1,94
DRR199263,plasmid_AA171,AP022033.1,33
DRR199263,plasmid_AA171,AP022033.1,42
DRR199263,plasmid_AA171,AP022033.1,43
DRR199263,plasmid_AA171,AP022033.1,45
DRR199263,plasmid_AA171,AP022033.1,46
DRR199263,plasmid_AA171,AP022033.1,49
DRR199263,plasmid_AA171,AP022033.1,51
DRR199263,plasmid_AA171,AP022033.1,52
DRR199263,plasmid_AA171,AP022033.1,57
DRR199263,plasmid_AA171,AP022032.1,59
DRR199263,plasmid_AA171,AP022032.1,59
DRR199263,plasmid_AA171,AP022033.1,59
DRR199263,plasmid_AA171,AP022033.1,65
DRR199263,plasmid_AA171,AP022032.1,66
DRR199263,plasmid_AA171,AP022033.1,66
DRR199263,plasmid_AA171,AP022033.1,68
DRR199263,plasmid_AA171,AP022033.1,68
DRR199263,plasmid_AA171,AP022033.1,70
DRR199263,plasmid_AA579,AP022035.1,54
DRR199263,plasmid_AA977,AP022034.1,50
SRR3999062,plasmid_AA619,CP018950.1,24
SRR3999062,plasmid_AA619,CP018950.1,62
SRR3999062,plasmid_AA171,CP018952.1,21
SRR3999062,plasmid_AA171,CP018952.1,30
SRR3999062,plasmid_AA171,CP018952.1,38
SRR3999062,plasmid_AA171,CP018952.1,39
SRR3999062,plasmid_AA171,CP018952.1,40
SRR3999062,plasmid_AA171,CP018952.1,43
SRR3999062,plasmid_AA171,CP018952.1,47
SRR3999062,plasmid_AA171,CP018952.1,49
SRR3999062,plasmid_AA171,CP018952.1,54
SRR3999062,plasmid_AA171,CP018953.1,56
SRR3999062,plasmid_AA171,CP018953.1,56
SRR3999062,plasmid_AA171,CP018953.1,56
SRR3999062,plasmid_AA171,CP018953.1,56
SRR3999062,plasmid_AA171,CP018952.1,56
SRR3999062,plasmid_AA171,CP018952.1,60
SRR3999062,plasmid_AA171,CP018953.1,60
SRR3999062,plasmid_AA171,CP018952.1,63
SRR3999062,plasmid_AA171,CP018952.1,63
SRR3999062,plasmid_AA171,CP018953.1,65
SRR3999062,plasmid_AA171,CP018952.1,65
SRR3999062,plasmid_AA038,CP018951.1,22
SRR3999062,plasmid_AA038,CP018949.1,31
SRR11949134,plasmid_AB685,CP056580.1,75
SRR11949134,plasmid_AA171,CP056579.1,35
SRR11949134,plasmid_AA171,CP056579.1,41
SRR11949134,plasmid_AA171,CP056579.1,47
SRR11949134,plasmid_AA171,CP056579.1,48
SRR11949134,plasmid_AA171,CP056579.1,50
SRR11949134,plasmid_AA171,CP056579.1,51
SRR11949134,plasmid_AA171,CP056579.1,56
SRR11949134,plasmid_AA171,CP056579.1,59
SRR11949134,plasmid_AA171,CP056579.1,68
SRR11949134,plasmid_AA171,CP056578.1,69
SRR11949134,plasmid_AA171,CP056578.1,69
SRR11949134,plasmid_AA171,CP056578.1,69
SRR11949134,plasmid_AA171,CP056578.1,69
SRR11949134,plasmid_AA171,CP056578.1,69
SRR11949134,plasmid_AA171,CP056578.1,69
SRR11949134,plasmid_AA171,CP056578.1,70
SRR11949134,plasmid_AA171,CP056578.1,70
SRR11949134,plasmid_AA171,CP056578.1,70
SRR11949134,plasmid_AA171,CP056579.1,70
SRR11949134,plasmid_AA171,CP056578.1,70
SRR11949134,plasmid_AA171,CP056579.1,76
SRR11949134,plasmid_AA171,CP056579.1,77
SRR11949134,plasmid_AA171,CP056578.1,77
SRR11949134,plasmid_AA171,CP056578.1,78
SRR11949134,plasmid_AA171,CP056579.1,78
SRR11949134,plasmid_AA171,CP056578.1,78
SRR11949134,plasmid_AA171,CP056579.1,80
SRR11949134,plasmid_AA171,CP056579.1,80
SRR11948872,plasmid_AA171,CP056316.1,36
SRR11948872,plasmid_AA171,CP056316.1,42
SRR11948872,plasmid_AA171,CP056316.1,46
SRR11948872,plasmid_AA171,CP056316.1,48
SRR11948872,plasmid_AA171,CP056316.1,49
SRR11948872,plasmid_AA171,CP056316.1,54
SRR11948872,plasmid_AA171,CP056316.1,58
SRR11948872,plasmid_AA171,CP056315.1,70
SRR11948872,plasmid_AA171,CP056315.1,70
SRR11948872,plasmid_AA171,CP056315.1,70
SRR11948872,plasmid_AA171,CP056315.1,70
SRR11948872,plasmid_AB444,CP056319.1,53
SRR11948872,plasmid_AA971,CP056318.1,52
SRR11948872,plasmid_AA552,CP056317.1,27
SRR11948872,plasmid_AA552,CP056317.1,69
SRR11948872,plasmid_AA552,CP056316.1,69
SRR11948872,plasmid_AA552,CP056316.1,72
SRR11948872,plasmid_AA579,CP056320.1,60
SRR3999061,plasmid_AA747,CP019013.1,19
SRR3999061,plasmid_AA735,CP019014.1,32
SRR3999061,plasmid_AA735,CP019014.1,34
SRR3999061,plasmid_AA735,CP019014.1,35
SRR3999061,plasmid_AA735,CP019014.1,36
SRR3999061,plasmid_AA735,CP019014.1,37
SRR3999061,plasmid_AA735,CP019014.1,39
SRR3999061,plasmid_AA735,CP019014.1,41
SRR3999061,plasmid_AA735,CP019014.1,42
SRR3999061,plasmid_AA735,CP019014.1,45
SRR3999061,plasmid_AA735,CP019014.1,46
SRR3999061,plasmid_AA735,CP019014.1,49
SRR3999061,plasmid_AA735,CP019014.1,50
SRR3999061,plasmid_AA735,CP019015.1,54
SRR3999061,plasmid_AA735,CP019015.1,54
SRR3999061,plasmid_AA735,CP019014.1,54
SRR3999061,plasmid_AA735,CP019014.1,61
SRR3999061,plasmid_AA735,CP019014.1,67
SRR3999061,plasmid_AA735,CP019014.1,68
SRR3999061,plasmid_AA735,CP019014.1,68
SRR2970646,plasmid_AA735,CP013657.1,36
SRR2970646,plasmid_AA735,CP013657.1,41
SRR2970646,plasmid_AA735,CP013657.1,43
SRR2970646,plasmid_AA735,CP013657.1,44
SRR2970646,plasmid_AA735,CP013657.1,45
SRR2970646,plasmid_AA735,CP013657.1,47
SRR2970646,plasmid_AA735,CP013657.1,49
SRR2970646,plasmid_AA735,CP013657.1,50
SRR2970646,plasmid_AA735,CP013657.1,52
SRR2970646,plasmid_AA735,CP013657.1,53
SRR2970646,plasmid_AA735,CP013657.1,56
SRR2970646,plasmid_AA735,CP013657.1,66
SRR2970646,plasmid_AA735,CP013658.1,72
SRR2970646,plasmid_AA735,CP013658.1,72
SRR2970646,plasmid_AA735,CP013658.1,72
SRR2970646,plasmid_AA735,CP013658.1,72
SRR2970646,plasmid_AA735,CP013658.1,73
SRR2970646,plasmid_AA735,CP013657.1,73
SRR2970646,plasmid_AA735,CP013658.1,73
SRR2970646,plasmid_AA735,CP013658.1,73
SRR2970646,plasmid_AA735,CP013657.1,76
SRR3465539,plasmid_AA474,CP015161.1,19
SRR3465539,plasmid_AA474,CP015161.1,24
SRR3465539,plasmid_AA474,CP015159.1,59
SRR3465539,plasmid_AA474,CP015159.1,59
SRR3465539,plasmid_AA474,CP015159.1,59
SRR3465539,plasmid_AA337,CP015160.1,28
SRR3465539,plasmid_AA337,CP015160.1,31
SRR3465539,plasmid_AA337,CP015160.1,31
SRR3465539,plasmid_AA337,CP015160.1,35
SRR3465539,plasmid_AA337,CP015160.1,37
SRR3465539,plasmid_AA337,CP015160.1,38
SRR3465539,plasmid_AA337,CP015160.1,41
SRR3465539,plasmid_AA337,CP015160.1,43
SRR3465539,plasmid_AA337,CP015160.1,45
SRR3465539,plasmid_AA337,CP015160.1,46
SRR3465539,plasmid_AA337,CP015160.1,47
SRR3465539,plasmid_AA337,CP015160.1,47
SRR3465539,plasmid_AA337,CP015160.1,50
SRR3465539,plasmid_AA337,CP015160.1,57
SRR3465539,plasmid_AA337,CP015160.1,58
SRR3465539,plasmid_AA337,CP015160.1,58
SRR3465539,plasmid_AA337,CP015160.1,62
SRR3465539,plasmid_AA337,CP015160.1,64
SRR3465539,plasmid_AA337,CP015160.1,66
SRR3465539,plasmid_AA337,CP015159.1,66
SRR3465539,plasmid_AA337,CP015160.1,69
SRR3465539,plasmid_AA337,CP015161.1,69
SRR3465539,plasmid_AA337,CP015160.1,72
SRR3465539,plasmid_AA337,CP015160.1,73
SRR3465539,plasmid_AA337,CP015160.1,73
SRR3465539,plasmid_AA337,CP015160.1,75
SRR3465539,plasmid_AA337,CP015159.1,75
SRR3465539,plasmid_AA337,CP015160.1,76
SRR3465539,plasmid_AA337,CP015160.1,78
SRR3465539,plasmid_AA337,CP015160.1,81
SRR3465539,plasmid_AA337,CP015160.1,82
SRR3465539,plasmid_AA337,CP015160.1,82
SRR3465539,plasmid_AA337,CP015160.1,83
SRR3465539,plasmid_AA337,CP015160.1,83
SRR3465539,plasmid_AA336,CP015160.1,29
SRR3465539,plasmid_AA336,CP015160.1,42
SRR3465539,plasmid_AA336,CP015160.1,56
SRR3465539,plasmid_AA336,CP015160.1,65
SRR3465539,plasmid_AA336,CP015159.1,79
SRR3465539,plasmid_AA336,CP015159.1,79
SRR3465539,plasmid_AA336,CP015159.1,79
SRR3465539,plasmid_AA336,CP015160.1,80
DRR192221,plasmid_AA179,AP022362.1,47
DRR192221,plasmid_AA179,AP022362.1,51
DRR192221,plasmid_AA179,AP022362.1,51
DRR192221,plasmid_AA179,AP022362.1,60
DRR192221,plasmid_AA179,AP022362.1,60
DRR192221,plasmid_AA179,AP022362.1,60
DRR192221,plasmid_AA179,AP022362.1,60
DRR192221,plasmid_AA179,AP022362.1,60
DRR192221,plasmid_AA179,AP022362.1,60
DRR192221,plasmid_AA179,AP022362.1,60
DRR192221,plasmid_AA179,AP022362.1,60
DRR192221,plasmid_AA179,AP022362.1,76
DRR192221,plasmid_AA179,AP022362.1,76
DRR192221,plasmid_AA735,AP022362.1,22
DRR192221,plasmid_AA735,AP022362.1,31
DRR192221,plasmid_AA735,AP022362.1,45
DRR192221,plasmid_AA735,AP022362.1,46
DRR192221,plasmid_AA735,AP022362.1,56
DRR192221,plasmid_AA735,AP022362.1,61
DRR192221,plasmid_AA735,AP022362.1,61
DRR192221,plasmid_AA735,AP022362.1,61
DRR192221,plasmid_AA735,AP022362.1,61
DRR192221,plasmid_AA735,AP022362.1,61
DRR192221,plasmid_AA735,AP022362.1,61
DRR192221,plasmid_AA735,AP022362.1,61
DRR192221,plasmid_AA735,AP022362.1,61
SRR4025855,plasmid_AA171,CP021690.1,24
SRR4025855,plasmid_AA171,CP021690.1,36
SRR4025855,plasmid_AA171,CP021690.1,37
SRR4025855,plasmid_AA171,CP021690.1,38
SRR4025855,plasmid_AA171,CP021690.1,40
SRR4025855,plasmid_AA171,CP021690.1,43
SRR4025855,plasmid_AA171,CP021690.1,44
SRR4025855,plasmid_AA171,CP021690.1,45
SRR4025855,plasmid_AA171,CP021690.1,48
SRR4025855,plasmid_AA171,CP021690.1,55
SRR4025855,plasmid_AA171,CP021689.1,57
SRR4025855,plasmid_AA171,CP021689.1,57
SRR4025855,plasmid_AA171,CP021689.1,57
SRR4025855,plasmid_AA171,CP021690.1,57
SRR4025855,plasmid_AA171,CP021689.1,57
SRR4025855,plasmid_AA171,CP021690.1,64
SRR4025855,plasmid_AA171,CP021689.1,64
SRR4025855,plasmid_AA171,CP021690.1,65
SRR4025855,plasmid_AA171,CP021690.1,65
SRR4025855,plasmid_AA171,CP021690.1,67
SRR4025855,plasmid_AA171,CP021690.1,67
SRR4025855,plasmid_AA171,CP021690.1,67
SRR4025855,plasmid_AA171,CP021690.1,67
SRR4025855,plasmid_AA171,CP021690.1,67
SRR4025855,plasmid_AA171,CP021690.1,67
SRR4025855,plasmid_AA171,CP021690.1,67
DRR199818,plasmid_AA171,AP022550.1,42
DRR199818,plasmid_AA171,AP022550.1,43
DRR199818,plasmid_AA171,AP022550.1,56
DRR199818,plasmid_AA171,AP022550.1,57
DRR199818,plasmid_AA171,AP022550.1,58
DRR199818,plasmid_AA171,AP022549.1,63
DRR199818,plasmid_AA171,AP022549.1,63
DRR199818,plasmid_AA171,AP022549.1,63
DRR199818,plasmid_AA171,AP022549.1,63
DRR199818,plasmid_AC977,AP022551.1,28
DRR199818,plasmid_AA172,AP022550.1,50
DRR199818,plasmid_AA172,AP022549.1,64
DRR199818,plasmid_AB233,AP022552.1,30
DRR199806,plasmid_AA173,AP022526.1,37
DRR199806,plasmid_AA173,AP022526.1,52
DRR199806,plasmid_AA173,AP022526.1,53
DRR199806,plasmid_AA173,AP022526.1,59
DRR199806,plasmid_AA173,AP022526.1,83
DRR199806,plasmid_novel_cafc85e3dfcd7f3fab4e995de4c15ad0,AP022526.1,55
DRR199806,plasmid_AA324,AP022526.1,30
DRR199806,plasmid_AA324,AP022526.1,45
DRR199806,plasmid_AA324,AP022525.1,73
DRR199806,plasmid_AA324,AP022525.1,73
DRR199806,plasmid_AA324,AP022525.1,73
DRR199806,plasmid_AA324,AP022526.1,73
DRR199806,plasmid_AA324,AP022525.1,73
DRR199806,plasmid_AA324,AP022525.1,85
DRR199806,plasmid_AA324,AP022525.1,89
SRR3999060,plasmid_AA364,CP018968.1,42
SRR3999060,plasmid_AA364,CP018968.1,53
SRR3999060,plasmid_AA364,CP018968.1,55
SRR3999060,plasmid_AA364,CP018968.1,62
SRR3999060,plasmid_AA171,CP018969.1,38
SRR3999060,plasmid_AA171,CP018969.1,43
SRR3999060,plasmid_AA171,CP018969.1,47
SRR3999060,plasmid_AA171,CP018969.1,52
SRR3999060,plasmid_AA171,CP018969.1,60
SRR3999060,plasmid_AA171,CP018969.1,69
SRR3999060,plasmid_AA171,CP018969.1,70
SRR3999060,plasmid_AA171,CP018970.1,76
SRR3999060,plasmid_AA171,CP018970.1,76
SRR3999060,plasmid_AA171,CP018969.1,76
SRR3999060,plasmid_AA171,CP018969.1,84
SRR3999060,plasmid_AA171,CP018970.1,84
SRR3999060,plasmid_AA579,CP018966.1,81
SRR3999060,plasmid_AA977,CP018967.1,63
SRR3999087,plasmid_AA171,CP018998.1,20
SRR3999087,plasmid_AA171,CP018998.1,39
SRR3999087,plasmid_AA171,CP018998.1,46
SRR3999087,plasmid_AA171,CP018998.1,50
SRR3999087,plasmid_AA171,CP018998.1,54
SRR3999087,plasmid_AA171,CP018998.1,60
SRR3999087,plasmid_AA171,CP018998.1,69
SRR3999087,plasmid_AA171,CP019000.1,70
SRR3999087,plasmid_AA171,CP018998.1,70
SRR3999087,plasmid_AA579,CP018996.1,57
SRR3999087,plasmid_AA448,CP018999.1,22
SRR3999087,plasmid_AA448,CP018999.1,27
SRR3999087,plasmid_AA448,CP018999.1,31
SRR3999087,plasmid_AA448,CP018999.1,44
SRR3999087,plasmid_AA448,CP018999.1,45
SRR3999087,plasmid_AA448,CP018998.1,47
SRR3999087,plasmid_AA448,CP018999.1,48
SRR3999087,plasmid_AA448,CP018999.1,49
SRR3999087,plasmid_AA448,CP018999.1,58
SRR3999087,plasmid_AA448,CP018998.1,61
SRR3999087,plasmid_AA448,CP018999.1,61
SRR3999087,plasmid_AA448,CP018999.1,62
SRR3999087,plasmid_AA448,CP018999.1,63
SRR3999087,plasmid_AA448,CP019000.1,63
SRR3999087,plasmid_AA448,CP019000.1,63
SRR3999087,plasmid_AA448,CP019000.1,63
SRR3999087,plasmid_AA448,CP019000.1,63
SRR3999087,plasmid_AA448,CP018999.1,68
SRR3999087,plasmid_AA448,CP018999.1,71
SRR3999087,plasmid_AA977,CP018997.1,51
SRR5167858,plasmid_AA860,CP021936.1,16
SRR5167858,plasmid_AA860,CP021935.1,25
SRR5167858,plasmid_AA860,CP021937.1,47
SRR5167858,plasmid_AA860,CP021935.1,49
SRR5167858,plasmid_AA860,CP021935.1,49
SRR5167858,plasmid_AA860,CP021937.1,49
SRR5167858,plasmid_AA860,CP021937.1,54
SRR5167858,plasmid_AA860,CP021937.1,54
SRR5167858,plasmid_AA860,CP021937.1,54
SRR5167858,plasmid_AA860,CP021937.1,54
SRR5167858,plasmid_AA860,CP021936.1,54
SRR5167858,plasmid_AA860,CP021935.1,56
SRR5167858,plasmid_AA860,CP021937.1,64
SRR5167858,plasmid_AA860,CP021937.1,64
SRR5167858,plasmid_AA860,CP021937.1,64
SRR5167858,plasmid_AA860,CP021937.1,64
SRR5167858,plasmid_AA860,CP021936.1,64
SRR5167858,plasmid_AA860,CP021935.1,66
SRR5167858,plasmid_AA860,CP021935.1,67
SRR5167858,plasmid_AA860,CP021935.1,67
SRR5167858,plasmid_AD068,CP021937.1,51
SRR5167858,plasmid_AD068,CP021937.1,51
SRR5167858,plasmid_AD068,CP021937.1,51
SRR5167858,plasmid_AA735,CP021938.1,23
SRR5167858,plasmid_AA735,CP021937.1,31
SRR5167858,plasmid_AA735,CP021937.1,32
SRR5167858,plasmid_AA735,CP021937.1,34
SRR5167858,plasmid_AA735,CP021937.1,36
SRR5167858,plasmid_AA735,CP021937.1,37
SRR5167858,plasmid_AA735,CP021937.1,37
SRR5167858,plasmid_AA735,CP021937.1,39
SRR5167858,plasmid_AA735,CP021937.1,39
SRR5167858,plasmid_AA735,CP021937.1,39
SRR5167858,plasmid_AA735,CP021937.1,39
SRR5167858,plasmid_AA735,CP021937.1,43
SRR5167858,plasmid_AA735,CP021938.1,43
SRR5167858,plasmid_AA735,CP021935.1,48
SRR5167858,plasmid_AA735,CP021935.1,48
SRR5167858,plasmid_AA735,CP021935.1,48
SRR5167858,plasmid_AA735,CP021935.1,48
SRR5167858,plasmid_AA735,CP021937.1,59
SRR5167858,plasmid_AA735,CP021937.1,60
SRR5167858,plasmid_AA735,CP021937.1,60
SRR5167858,plasmid_AA735,CP021937.1,60
SRR5167858,plasmid_AA735,CP021937.1,60
SRR5167858,plasmid_AA735,CP021937.1,62
SRR11948784,plasmid_AA941,CP056874.1,49
SRR11948784,plasmid_AA941,CP056873.1,60
SRR11948784,plasmid_AA941,CP056873.1,72
SRR11948784,plasmid_AA941,CP056873.1,77
SRR11948784,plasmid_AA941,CP056873.1,77
SRR11948784,plasmid_AA941,CP056873.1,77
SRR11948784,plasmid_AA941,CP056873.1,77
SRR11948784,plasmid_AA941,CP056873.1,77
SRR11948784,plasmid_AA941,CP056873.1,78
SRR11948784,plasmid_AA941,CP056873.1,87
SRR11948784,plasmid_AA941,CP056874.1,90
SRR11948784,plasmid_AA941,CP056873.1,90
SRR11948784,plasmid_AA941,CP056873.1,92
SRR11948784,plasmid_AA941,CP056874.1,92
SRR11948784,plasmid_AA941,CP056873.1,92
SRR11948784,plasmid_AA941,CP056873.1,101
SRR11948784,plasmid_AA336,CP056875.1,37
SRR11948784,plasmid_AA336,CP056875.1,51
SRR11948784,plasmid_AA336,CP056875.1,52
SRR11948784,plasmid_AA336,CP056874.1,54
SRR11948784,plasmid_AA336,CP056874.1,57
SRR11948784,plasmid_AA336,CP056875.1,66
SRR11948784,plasmid_AA336,CP056874.1,66
SRR11948784,plasmid_AA336,CP056875.1,68
SRR11948784,plasmid_AA336,CP056873.1,75
SRR11948784,plasmid_AA336,CP056873.1,75
SRR11948784,plasmid_AA336,CP056873.1,75
SRR11948784,plasmid_AA336,CP056874.1,76
SRR11948784,plasmid_AA336,CP056874.1,76
SRR11948784,plasmid_AA336,CP056874.1,76
SRR11948784,plasmid_AA336,CP056875.1,76
SRR11948784,plasmid_AA336,CP056874.1,82
SRR11948784,plasmid_AA336,CP056874.1,83
SRR11948784,plasmid_AA336,CP056875.1,83
SRR11948784,plasmid_AA336,CP056874.1,84
SRR11948784,plasmid_AA336,CP056875.1,94
SRR11948784,plasmid_AA336,CP056875.1,98
SRR11948784,plasmid_AA336,CP056874.1,99
SRR11948784,plasmid_AA336,CP056875.1,100
SRR11948784,plasmid_AA174,CP056874.1,48
SRR11948784,plasmid_AA174,CP056873.1,71
SRR11948784,plasmid_AA174,CP056874.1,71
SRR11948784,plasmid_AA174,CP056874.1,96
SRR11948784,plasmid_AG799,CP056874.1,50
SRR13182991,plasmid_AB685,CP069494.1,76
SRR13182991,plasmid_AC512,CP069488.1,51
SRR13182991,plasmid_AC512,CP069488.1,66
SRR13182991,plasmid_AC512,CP069488.1,66
SRR13182991,plasmid_AC512,CP069488.1,66
SRR13182991,plasmid_AC512,CP069488.1,66
SRR13182991,plasmid_AC512,CP069488.1,67
SRR13182991,plasmid_AC512,CP069488.1,67
SRR13182991,plasmid_AC512,CP069488.1,67
SRR13182991,plasmid_AC512,CP069488.1,67
SRR13182991,plasmid_AC512,CP069488.1,70
SRR13182991,plasmid_AB446,CP069493.1,54
SRR3999101,plasmid_AA171,CP018982.1,39
SRR3999101,plasmid_AA171,CP018982.1,44
SRR3999101,plasmid_AA171,CP018982.1,46
SRR3999101,plasmid_AA171,CP018982.1,47
SRR3999101,plasmid_AA171,CP018982.1,49
SRR3999101,plasmid_AA171,CP018982.1,50
SRR3999101,plasmid_AA171,CP018982.1,51
SRR3999101,plasmid_AA171,CP018982.1,55
SRR3999101,plasmid_AA171,CP018983.1,62
SRR3999101,plasmid_AA171,CP018982.1,62
SRR3999101,plasmid_AA171,CP018983.1,62
SRR3999101,plasmid_AA171,CP018983.1,62
SRR3999101,plasmid_AA171,CP018983.1,62
SRR3999101,plasmid_AA171,CP018982.1,63
SRR3999101,plasmid_AA171,CP018982.1,63
SRR3999101,plasmid_AA171,CP018982.1,63
SRR3999101,plasmid_AA171,CP018982.1,64
SRR3999101,plasmid_AA171,CP018982.1,68
SRR3999101,plasmid_AA171,CP018983.1,68
SRR3999101,plasmid_AA171,CP018982.1,74
SRR3999101,plasmid_AA579,CP018980.1,58
SRR3999101,plasmid_AA356,CP018981.1,42
SRR4025862,plasmid_AA171,CP020117.1,35
SRR4025862,plasmid_AA171,CP020117.1,50
SRR4025862,plasmid_AA171,CP020117.1,56
SRR4025862,plasmid_AA171,CP020116.1,64
SRR4025862,plasmid_AA171,CP020116.1,64
SRR4025862,plasmid_AA171,CP020116.1,64
SRR4025862,plasmid_AA747,CP020118.1,22
SRR4025862,plasmid_AA747,CP020118.1,26
SRR4025862,plasmid_AA552,CP020119.1,33
SRR4025862,plasmid_AA552,CP020119.1,34
SRR4025862,plasmid_AA552,CP020119.1,73
SRR4025862,plasmid_AA552,CP020117.1,73
SRR4025862,plasmid_AA552,CP020117.1,77
SRR4025862,plasmid_AA552,CP020119.1,77
SRR4025862,plasmid_AA336,CP020117.1,40
SRR4025862,plasmid_AA336,CP020116.1,52
SRR4025862,plasmid_AA336,CP020117.1,59
SRR4025862,plasmid_AA336,CP020117.1,61
DRR199371,plasmid_AA337,AP022172.1,34
DRR199371,plasmid_AA337,AP022172.1,47
DRR199371,plasmid_AA337,AP022172.1,48
DRR199371,plasmid_AA337,AP022172.1,51
DRR199371,plasmid_AA337,AP022172.1,59
DRR199371,plasmid_AA337,AP022172.1,68
DRR199371,plasmid_AA337,AP022171.1,76
DRR199371,plasmid_AA337,AP022171.1,76
DRR199371,plasmid_AA337,AP022171.1,76
DRR199371,plasmid_AA337,AP022172.1,77
DRR199371,plasmid_AA337,AP022171.1,77
DRR199371,plasmid_AA337,AP022171.1,77
DRR199371,plasmid_AA337,AP022171.1,77
DRR199371,plasmid_AA337,AP022171.1,77
DRR199371,plasmid_AA337,AP022172.1,85
DRR199371,plasmid_AA337,AP022172.1,86
DRR199371,plasmid_AA337,AP022171.1,88
DRR199371,plasmid_AA337,AP022172.1,88
DRR199371,plasmid_AA337,AP022171.1,88
DRR199371,plasmid_AA337,AP022171.1,89
DRR199371,plasmid_AA337,AP022172.1,91
DRR199371,plasmid_AA337,AP022172.1,91
DRR199371,plasmid_AA337,AP022172.1,94
DRR199371,plasmid_AA337,AP022172.1,97
DRR199371,plasmid_AA337,AP022172.1,98
DRR199371,plasmid_AA337,AP022172.1,99
DRR199371,plasmid_AA337,AP022172.1,99
DRR199371,plasmid_AA337,AP022171.1,105
DRR199371,plasmid_AA336,AP022172.1,53
DRR199371,plasmid_AA336,AP022172.1,53
DRR199371,plasmid_AA336,AP022172.1,61
DRR199371,plasmid_AA336,AP022172.1,62
DRR199371,plasmid_AA336,AP022172.1,63
DRR199371,plasmid_AA336,AP022172.1,66
DRR199371,plasmid_AA336,AP022172.1,67
DRR199371,plasmid_AA336,AP022172.1,72
DRR199371,plasmid_AA336,AP022172.1,74
DRR199371,plasmid_AA336,AP022172.1,75
DRR199371,plasmid_AA336,AP022172.1,79
DRR199371,plasmid_AA336,AP022172.1,79
DRR199371,plasmid_AA336,AP022171.1,80
DRR199371,plasmid_AA336,AP022172.1,87
DRR199371,plasmid_AA336,AP022172.1,92
DRR199371,plasmid_AA336,AP022172.1,92
DRR199371,plasmid_AA336,AP022171.1,95
DRR199371,plasmid_AA336,AP022171.1,95
DRR199371,plasmid_AA336,AP022172.1,95
DRR199371,plasmid_AA336,AP022172.1,101
DRR199371,plasmid_AA336,AP022172.1,101
DRR199371,plasmid_AA336,AP022172.1,103
DRR199371,plasmid_AA336,AP022172.1,104
DRR199371,plasmid_AA336,AP022172.1,107
DRR199371,plasmid_AA336,AP022172.1,107
DRR199371,plasmid_AE971,AP022171.1,83
DRR199371,plasmid_AE971,AP022171.1,83
SRR3999091,plasmid_AA619,CP019016.1,18
SRR3999091,plasmid_AA619,CP019016.1,39
SRR3999091,plasmid_AD548,CP019020.1,26
SRR3999091,plasmid_AA179,CP019018.1,15
SRR3999091,plasmid_AA179,CP019018.1,20
SRR3999091,plasmid_AA179,CP019018.1,22
SRR3999091,plasmid_AA179,CP019018.1,25
SRR3999091,plasmid_AA179,CP019018.1,29
SRR3999091,plasmid_AA179,CP019018.1,37
SRR3999091,plasmid_AA179,CP019017.1,37
SRR3999091,plasmid_AA179,CP019018.1,44
SRR3999091,plasmid_AA179,CP019020.1,44
SRR3999091,plasmid_AA179,CP019018.1,46
SRR3999091,plasmid_AA179,CP019020.1,47
SRR3999091,plasmid_AA738,CP019019.1,12
SRR3999091,plasmid_AA738,CP019019.1,16
SRR3999091,plasmid_AA738,CP019019.1,23
SRR3999091,plasmid_AA738,CP019019.1,24
SRR3999091,plasmid_AA738,CP019019.1,32
SRR3999091,plasmid_AA738,CP019018.1,38
SRR3999091,plasmid_AA738,CP019019.1,38
SRR3999091,plasmid_AA738,CP019017.1,38
SRR3999091,plasmid_AA738,CP019019.1,40
SRR3999091,plasmid_AB193,CP019017.1,21
SRR3999091,plasmid_AB193,CP019017.1,27
SRR3999091,plasmid_AB193,CP019017.1,28
SRR3999091,plasmid_AB193,CP019017.1,30
SRR3999091,plasmid_AB193,CP019017.1,34
SRR3999091,plasmid_AB193,CP019017.1,43
SRR3999091,plasmid_AB193,CP019017.1,45
SRR3999091,plasmid_AB193,CP019017.1,48
SRR11948783,plasmid_AA941,CP056871.1,49
SRR11948783,plasmid_AA941,CP056870.1,60
SRR11948783,plasmid_AA941,CP056870.1,70
SRR11948783,plasmid_AA941,CP056870.1,75
SRR11948783,plasmid_AA941,CP056870.1,75
SRR11948783,plasmid_AA941,CP056870.1,75
SRR11948783,plasmid_AA941,CP056870.1,75
SRR11948783,plasmid_AA941,CP056870.1,75
SRR11948783,plasmid_AA941,CP056870.1,83
SRR11948783,plasmid_AA941,CP056871.1,86
SRR11948783,plasmid_AA941,CP056870.1,86
SRR11948783,plasmid_AA941,CP056870.1,88
SRR11948783,plasmid_AA941,CP056871.1,88
SRR11948783,plasmid_AA941,CP056870.1,88
SRR11948783,plasmid_AA941,CP056870.1,97
SRR11948783,plasmid_novel_a240bc46960716576b89f57e3ad9c20a,CP056870.1,45
SRR11948783,plasmid_novel_a240bc46960716576b89f57e3ad9c20a,CP056871.1,51
SRR11948783,plasmid_AA336,CP056872.1,35
SRR11948783,plasmid_AA336,CP056871.1,43
SRR11948783,plasmid_AA336,CP056872.1,50
SRR11948783,plasmid_AA336,CP056871.1,53
SRR11948783,plasmid_AA336,CP056871.1,56
SRR11948783,plasmid_AA336,CP056871.1,58
SRR11948783,plasmid_AA336,CP056872.1,66
SRR11948783,plasmid_AA336,CP056870.1,69
SRR11948783,plasmid_AA336,CP056871.1,69
SRR11948783,plasmid_AA336,CP056870.1,73
SRR11948783,plasmid_AA336,CP056870.1,73
SRR11948783,plasmid_AA336,CP056870.1,73
SRR11948783,plasmid_AA336,CP056871.1,74
SRR11948783,plasmid_AA336,CP056870.1,74
SRR11948783,plasmid_AA336,CP056871.1,74
SRR11948783,plasmid_AA336,CP056872.1,74
SRR11948783,plasmid_AA336,CP056871.1,74
SRR11948783,plasmid_AA336,CP056871.1,79
SRR11948783,plasmid_AA336,CP056871.1,80
SRR11948783,plasmid_AA336,CP056872.1,80
SRR11948783,plasmid_AA336,CP056872.1,90
SRR11948783,plasmid_AA336,CP056871.1,92
SRR11948783,plasmid_AA336,CP056872.1,94
SRR11948783,plasmid_AA336,CP056871.1,95
SRR11948783,plasmid_AA336,CP056872.1,96
SRR13183024,plasmid_AB685,CP069592.1,69
SRR13183024,plasmid_AA147,CP069591.1,48
SRR13183024,plasmid_AA735,CP069590.1,23
SRR13183024,plasmid_AA735,CP069590.1,31
SRR13183024,plasmid_AA735,CP069590.1,34
SRR13183024,plasmid_AA735,CP069590.1,40
SRR13183024,plasmid_AA735,CP069590.1,41
SRR13183024,plasmid_AA735,CP069590.1,45
SRR13183024,plasmid_AA735,CP069590.1,47
SRR13183024,plasmid_AA735,CP069589.1,58
SRR13183024,plasmid_AA735,CP069589.1,58
SRR13183024,plasmid_AA735,CP069589.1,58
SRR13183024,plasmid_AA735,CP069589.1,59
SRR13183024,plasmid_AA735,CP069589.1,59
SRR13183024,plasmid_AA735,CP069590.1,59
SRR13183024,plasmid_AA735,CP069589.1,59
SRR13183024,plasmid_AA735,CP069589.1,59
SRR13183024,plasmid_AA735,CP069590.1,60
SRR13183024,plasmid_AA735,CP069589.1,64
SRR13183024,plasmid_AA735,CP069590.1,64
SRR11949276,plasmid_AA176,CP056305.1,36
SRR11949276,plasmid_AA176,CP056305.1,39
SRR11949276,plasmid_AA176,CP056305.1,41
SRR11949276,plasmid_AA176,CP056305.1,42
SRR11949276,plasmid_AA176,CP056304.1,43
SRR11949276,plasmid_AA176,CP056305.1,45
SRR11949276,plasmid_AA176,CP056305.1,46
SRR11949276,plasmid_AA176,CP056305.1,47
SRR11949276,plasmid_AA176,CP056305.1,48
SRR11949276,plasmid_AA176,CP056305.1,52
SRR11949276,plasmid_AA176,CP056305.1,56
SRR11949276,plasmid_AA176,CP056304.1,56
SRR11949276,plasmid_AA176,CP056305.1,57
SRR11949276,plasmid_AA176,CP056304.1,65
SRR11949276,plasmid_AA176,CP056304.1,65
SRR11949276,plasmid_AA176,CP056304.1,65
SRR11949276,plasmid_AA176,CP056304.1,65
SRR11949276,plasmid_AA176,CP056305.1,66
SRR11949276,plasmid_AA176,CP056305.1,67
SRR11949276,plasmid_AA176,CP056305.1,69
SRR11949276,plasmid_AA176,CP056304.1,72
SRR11949276,plasmid_AA176,CP056305.1,72
SRR11949276,plasmid_AA176,CP056304.1,72
SRR11949276,plasmid_AA176,CP056304.1,72
SRR11949276,plasmid_AA176,CP056305.1,80
SRR11949276,plasmid_AA176,CP056304.1,80
SRR11949276,plasmid_AA579,CP056306.1,60
SRR13182993,plasmid_AA324,CP069584.1,32
SRR13182993,plasmid_AA324,CP069584.1,37
SRR13182993,plasmid_AA324,CP069584.1,42
SRR13182993,plasmid_AA324,CP069584.1,42
SRR13182993,plasmid_AA324,CP069584.1,42
SRR13182993,plasmid_AA324,CP069584.1,42
SRR13182993,plasmid_AA324,CP069584.1,44
SRR13182993,plasmid_AA324,CP069583.1,45
SRR13182993,plasmid_AA324,CP069584.1,49
SRR13182993,plasmid_AA324,CP069584.1,50
SRR13182993,plasmid_AA324,CP069584.1,55
SRR13182993,plasmid_AA324,CP069584.1,60
SRR13182993,plasmid_AA324,CP069584.1,63
SRR13182993,plasmid_AA324,CP069584.1,68
SRR13182993,plasmid_AA324,CP069584.1,70
SRR13182993,plasmid_AA324,CP069583.1,72
SRR13182993,plasmid_AA324,CP069583.1,75
SRR13182993,plasmid_AA324,CP069584.1,75
SRR13182993,plasmid_AA324,CP069584.1,80
SRR13182993,plasmid_AA324,CP069583.1,80
SRR13182993,plasmid_AA324,CP069584.1,80
SRR13182993,plasmid_AA324,CP069583.1,81
SRR13182993,plasmid_AA324,CP069584.1,82
SRR13182993,plasmid_AA324,CP069583.1,83
SRR13182993,plasmid_AA324,CP069583.1,83
SRR13182993,plasmid_AA324,CP069583.1,83
SRR13182993,plasmid_AA324,CP069583.1,83
SRR13182993,plasmid_AA324,CP069584.1,90
SRR13182993,plasmid_AA324,CP069583.1,90
SRR13182993,plasmid_AA324,CP069584.1,91
SRR13182993,plasmid_AA324,CP069583.1,91
SRR13182993,plasmid_AA324,CP069584.1,93
SRR13182993,plasmid_AA521,CP069585.1,62
SRR11148636,plasmid_novel_734a443408df35c5595265c700b4d4ee,CP049077.2,123
SRR11148636,plasmid_AA173,CP049077.2,54
SRR11148636,plasmid_AA173,CP049079.2,57
SRR11148636,plasmid_AA173,CP049079.2,58
SRR11148636,plasmid_AA173,CP049079.2,59
SRR11148636,plasmid_AA173,CP049079.2,61
SRR11148636,plasmid_AA173,CP049079.2,73
SRR11148636,plasmid_AA173,CP049077.2,82
SRR11148636,plasmid_AA173,CP049079.2,91
SRR11148636,plasmid_AA173,CP049077.2,91
SRR11148636,plasmid_AA173,CP049079.2,98
SRR11148636,plasmid_AA173,CP049079.2,102
SRR11148636,plasmid_AA173,CP049078.2,106
SRR11148636,plasmid_AA173,CP049079.2,111
SRR11148636,plasmid_AA173,CP049077.2,111
SRR11148636,plasmid_AA173,CP049077.2,115
SRR11148636,plasmid_AA173,CP049079.2,115
SRR11148636,plasmid_AA173,CP049079.2,124
SRR11148636,plasmid_AA173,CP049077.2,135
SRR11148636,plasmid_AA173,CP049077.2,135
SRR11148636,plasmid_AA336,CP049078.2,71
SRR11148636,plasmid_AA336,CP049078.2,80
SRR11148636,plasmid_AA336,CP049078.2,88
SRR11148636,plasmid_AA336,CP049079.2,97
SRR11148636,plasmid_AA336,CP049077.2,100
SRR11148636,plasmid_AA336,CP049077.2,100
SRR11148636,plasmid_AA336,CP049079.2,100
SRR11148636,plasmid_AA336,CP049077.2,100
SRR11148636,plasmid_AA336,CP049077.2,100
SRR11148636,plasmid_AA336,CP049077.2,100
SRR11148636,plasmid_AA336,CP049078.2,120
SRR11148636,plasmid_AA336,CP049079.2,130
SRR5168234,plasmid_AA171,CP020117.1,37
SRR5168234,plasmid_AA171,CP020117.1,40
SRR5168234,plasmid_AA171,CP020117.1,41
SRR5168234,plasmid_AA171,CP020117.1,48
SRR5168234,plasmid_AA171,CP020117.1,49
SRR5168234,plasmid_AA171,CP020117.1,51
SRR5168234,plasmid_AA171,CP020117.1,54
SRR5168234,plasmid_AA171,CP020117.1,56
SRR5168234,plasmid_AA171,CP020117.1,58
SRR5168234,plasmid_AA171,CP020117.1,60
SRR5168234,plasmid_AA171,CP020116.1,63
SRR5168234,plasmid_AA171,CP020116.1,63
SRR5168234,plasmid_AA171,CP020116.1,63
SRR5168234,plasmid_AA171,CP020116.1,63
SRR5168234,plasmid_AA171,CP020117.1,63
SRR5168234,plasmid_AA171,CP020116.1,63
SRR5168234,plasmid_AA171,CP020116.1,67
SRR5168234,plasmid_AA171,CP020117.1,67
SRR5168234,plasmid_AA171,CP020119.1,71
SRR5168234,plasmid_AA171,CP020117.1,71
SRR5168234,plasmid_AA171,CP020119.1,75
SRR5168234,plasmid_AA171,CP020117.1,75
SRR5168234,plasmid_AA747,CP020118.1,24
SRR5168234,plasmid_AA747,CP020118.1,28
SRR5168234,plasmid_AA552,CP020119.1,36
SRR5168234,plasmid_AA552,CP020119.1,45
SRR5168234,plasmid_AA552,CP020119.1,46
SRR5167859,plasmid_AC249,CP021937.1,44
SRR5167859,plasmid_AC249,CP021937.1,44
SRR5167859,plasmid_AC249,CP021937.1,44
SRR5167859,plasmid_AC249,CP021937.1,44
SRR5167859,plasmid_AA860,CP021936.1,15
SRR5167859,plasmid_AA860,CP021935.1,47
SRR5167859,plasmid_AA860,CP021937.1,54
SRR5167859,plasmid_AA860,CP021935.1,54
SRR5167859,plasmid_AA860,CP021935.1,54
SRR5167859,plasmid_AA860,CP021937.1,61
SRR5167859,plasmid_AA860,CP021937.1,61
SRR5167859,plasmid_AA860,CP021937.1,61
SRR5167859,plasmid_AA860,CP021937.1,61
SRR5167859,plasmid_AA860,CP021936.1,61
SRR5167859,plasmid_AA860,CP021935.1,62
SRR5167859,plasmid_AA860,CP021937.1,69
SRR5167859,plasmid_AA860,CP021937.1,69
SRR5167859,plasmid_AA860,CP021937.1,69
SRR5167859,plasmid_AA860,CP021937.1,70
SRR5167859,plasmid_AA860,CP021937.1,70
SRR5167859,plasmid_AA860,CP021937.1,70
SRR5167859,plasmid_AA860,CP021937.1,70
SRR5167859,plasmid_AA860,CP021936.1,70
SRR5167859,plasmid_AA860,CP021935.1,74
SRR5167859,plasmid_AA860,CP021935.1,74
SRR5167859,plasmid_AA336,CP021938.1,34
SRR5167859,plasmid_AA735,CP021938.1,27
SRR5167859,plasmid_AA735,CP021937.1,36
SRR5167859,plasmid_AA735,CP021937.1,37
SRR5167859,plasmid_AA735,CP021937.1,40
SRR5167859,plasmid_AA735,CP021937.1,41
SRR5167859,plasmid_AA735,CP021937.1,41
SRR5167859,plasmid_AA735,CP021937.1,42
SRR5167859,plasmid_AA735,CP021937.1,51
SRR5167859,plasmid_AA735,CP021938.1,51
SRR5167859,plasmid_AA735,CP021935.1,53
SRR5167859,plasmid_AA735,CP021935.1,53
SRR5167859,plasmid_AA735,CP021935.1,53
SRR5167859,plasmid_AA735,CP021935.1,53
SRR5167859,plasmid_AA735,CP021937.1,56
SRR5167859,plasmid_AA735,CP021937.1,64
SRR5167859,plasmid_AA735,CP021937.1,65
SRR5167859,plasmid_AA735,CP021937.1,65
SRR5167859,plasmid_AA735,CP021937.1,65
SRR5167859,plasmid_AA735,CP021937.1,65
SRR5167859,plasmid_AA735,CP021937.1,66
SRR5167859,plasmid_AA735,CP021937.1,75
SRR3112332,plasmid_AA171,CP032202.1,26
SRR3112332,plasmid_AA171,CP032202.1,41
SRR3112332,plasmid_AA171,CP032202.1,46
SRR3112332,plasmid_AA171,CP032202.1,49
SRR3112332,plasmid_AA171,CP032202.1,50
SRR3112332,plasmid_AA171,CP032202.1,52
SRR3112332,plasmid_AA171,CP032202.1,55
SRR3112332,plasmid_AA171,CP032202.1,64
SRR3112332,plasmid_AA171,CP032202.1,70
SRR3112332,plasmid_AA171,CP032201.1,74
SRR3112332,plasmid_AA171,CP032201.1,74
SRR3112332,plasmid_AA171,CP032201.1,74
SRR3112332,plasmid_AA171,CP032202.1,74
SRR3112332,plasmid_AA171,CP032201.1,74
SRR3112332,plasmid_AA171,CP032202.1,79
SRR3112332,plasmid_AA171,CP032201.1,79
SRR3112332,plasmid_AA171,CP032202.1,90
SRR3112332,plasmid_AA171,CP032202.1,90
SRR3112332,plasmid_AA171,CP032202.1,92
SRR3112332,plasmid_AA552,CP032203.1,38
SRR3112332,plasmid_AA552,CP032203.1,39
SRR5168211,plasmid_AA171,CP021690.1,24
SRR5168211,plasmid_AA171,CP021690.1,35
SRR5168211,plasmid_AA171,CP021690.1,36
SRR5168211,plasmid_AA171,CP021690.1,38
SRR5168211,plasmid_AA171,CP021690.1,39
SRR5168211,plasmid_AA171,CP021690.1,41
SRR5168211,plasmid_AA171,CP021690.1,42
SRR5168211,plasmid_AA171,CP021690.1,43
SRR5168211,plasmid_AA171,CP021690.1,46
SRR5168211,plasmid_AA171,CP021690.1,51
SRR5168211,plasmid_AA171,CP021689.1,55
SRR5168211,plasmid_AA171,CP021689.1,55
SRR5168211,plasmid_AA171,CP021690.1,55
SRR5168211,plasmid_AA171,CP021689.1,55
SRR5168211,plasmid_AA171,CP021689.1,55
SRR5168211,plasmid_AA171,CP021690.1,59
SRR5168211,plasmid_AA171,CP021689.1,59
SRR5168211,plasmid_AA171,CP021690.1,60
SRR5168211,plasmid_AA171,CP021690.1,60
SRR5168211,plasmid_AA171,CP021690.1,62
SRR5168211,plasmid_AA171,CP021690.1,62
SRR5168211,plasmid_AA171,CP021690.1,62
SRR5168211,plasmid_AA171,CP021690.1,62
SRR5168211,plasmid_AA171,CP021690.1,62
SRR5168211,plasmid_AA171,CP021690.1,62
SRR5168211,plasmid_AA171,CP021690.1,62
SRR5168211,plasmid_AA171,CP021690.1,67
SRR3112329,plasmid_AA171,CP027537.1,58
SRR3112329,plasmid_AA171,CP027537.1,61
SRR3112329,plasmid_AA171,CP027536.1,62
SRR3112329,plasmid_AA171,CP027537.1,63
SRR3112329,plasmid_AA171,CP027536.1,71
SRR3112329,plasmid_AA171,CP027537.1,72
SRR3112329,plasmid_AA171,CP027536.1,86
SRR3112329,plasmid_AA171,CP027536.1,87
SRR3112329,plasmid_AA171,CP027537.1,87
SRR3112329,plasmid_AA171,CP027537.1,108
SRR3112329,plasmid_AA474,CP027535.1,31
SRR3112329,plasmid_AA474,CP027535.1,49
SRR3112329,plasmid_AA474,CP027535.1,50
SRR3112329,plasmid_AA474,CP027536.1,53
SRR3112329,plasmid_AA474,CP027537.1,53
SRR3112329,plasmid_AA474,CP027536.1,55
SRR3112329,plasmid_AA474,CP027537.1,67
SRR3112329,plasmid_AA474,CP027534.1,77
SRR3112329,plasmid_AA474,CP027534.1,77
SRR3112329,plasmid_AA474,CP027534.1,77
SRR3112329,plasmid_AA474,CP027534.1,77
SRR3112329,plasmid_AA474,CP027534.1,78
SRR3112329,plasmid_AA474,CP027534.1,78
SRR3112329,plasmid_AA474,CP027534.1,78
SRR3112329,plasmid_AA474,CP027534.1,78
SRR3112329,plasmid_AA474,CP027537.1,78
SRR3112329,plasmid_AA474,CP027534.1,78
SRR3112329,plasmid_AA474,CP027537.1,81
SRR3112329,plasmid_AA474,CP027534.1,82
SRR3112329,plasmid_AA474,CP027534.1,82
SRR3112329,plasmid_AA474,CP027536.1,83
SRR3112329,plasmid_AA474,CP027535.1,84
SRR3112329,plasmid_AA474,CP027535.1,84
SRR3112329,plasmid_AA474,CP027537.1,92
SRR3112329,plasmid_AA474,CP027534.1,92
SRR3112329,plasmid_AA474,CP027537.1,94
SRR3112329,plasmid_AA474,CP027534.1,94
SRR3112329,plasmid_AA474,CP027537.1,97
SRR3112329,plasmid_AA474,CP027536.1,99
SRR3112329,plasmid_AA474,CP027537.1,99
SRR3112329,plasmid_AA474,CP027537.1,101
SRR3112329,plasmid_AA474,CP027536.1,101
SRR3112329,plasmid_AA474,CP027537.1,104
SRR3112329,plasmid_AA474,CP027536.1,105
SRR3112329,plasmid_AA474,CP027537.1,105
SRR3112329,plasmid_AA474,CP027535.1,106
SRR3999096,plasmid_AA436,CP018989.1,29
SRR3999096,plasmid_AA436,CP018989.1,40
SRR3999096,plasmid_AA436,CP018989.1,59
SRR3999096,plasmid_AA436,CP018989.1,66
SRR3999096,plasmid_AA436,CP018989.1,71
SRR3999096,plasmid_AA436,CP018989.1,79
SRR3999096,plasmid_AD158,CP018988.1,35
SRR3999096,plasmid_AD158,CP018988.1,74
SRR3999096,plasmid_AD158,CP018988.1,96
SRR3999096,plasmid_AA161,CP018987.1,57
SRR3999096,plasmid_AA324,CP018990.1,23
SRR3999096,plasmid_AA324,CP018990.1,43
SRR3999096,plasmid_AA324,CP018990.1,45
SRR3999096,plasmid_AA324,CP018990.1,48
SRR3999096,plasmid_AA324,CP018990.1,49
SRR3999096,plasmid_AA324,CP018990.1,61
SRR3999096,plasmid_AA324,CP018990.1,65
SRR3999096,plasmid_AA324,CP018990.1,70
SRR3999096,plasmid_AA324,CP018990.1,76
SRR3999096,plasmid_AA324,CP018989.1,76
SRR3999096,plasmid_AA324,CP018990.1,77
SRR3999096,plasmid_AA324,CP018991.1,94
SRR3999096,plasmid_AA324,CP018990.1,94
SRR3999096,plasmid_AA324,CP018990.1,97
SRR3999096,plasmid_AA324,CP018990.1,102
SRR3999096,plasmid_AA147,CP018985.1,63
SRR3999096,plasmid_AA979,CP018986.1,62
SRR3999081,plasmid_AA171,CP019009.1,32
SRR3999081,plasmid_AA171,CP019009.1,35
SRR3999081,plasmid_AA171,CP019009.1,38
SRR3999081,plasmid_AA171,CP019009.1,42
SRR3999081,plasmid_AA171,CP019009.1,43
SRR3999081,plasmid_AA171,CP019009.1,46
SRR3999081,plasmid_AA171,CP019009.1,51
SRR3999081,plasmid_AA171,CP019009.1,52
SRR3999081,plasmid_AA171,CP019009.1,54
SRR3999081,plasmid_AA171,CP019012.1,56
SRR3999081,plasmid_AA171,CP019009.1,56
SRR3999081,plasmid_AA171,CP019012.1,56
SRR3999081,plasmid_AA171,CP019012.1,56
SRR3999081,plasmid_AA171,CP019012.1,56
SRR3999081,plasmid_AA171,CP019009.1,56
SRR3999081,plasmid_AA171,CP019012.1,56
SRR3999081,plasmid_AA171,CP019012.1,66
SRR3999081,plasmid_AA171,CP019009.1,66
SRR3999081,plasmid_AA171,CP019012.1,67
SRR3999081,plasmid_AA171,CP019009.1,67
SRR3999081,plasmid_AA171,CP019009.1,74
SRR3999081,plasmid_AB978,CP019010.1,36
SRR3999081,plasmid_AB978,CP019010.1,45
SRR3999081,plasmid_AB978,CP019010.1,47
SRR3999081,plasmid_AB978,CP019010.1,48
SRR3999081,plasmid_AB978,CP019010.1,62
SRR3999081,plasmid_AA282,CP019011.1,25
SRR3999081,plasmid_AA282,CP019011.1,55
DRR199287,plasmid_AA163,AP022048.1,78
DRR199287,plasmid_AA172,AP022045.1,59
DRR199287,plasmid_AA172,AP022045.1,83
DRR199287,plasmid_AA172,AP022045.1,92
DRR199287,plasmid_AA172,AP022045.1,92
DRR199287,plasmid_AA172,AP022045.1,92
DRR199287,plasmid_AA977,AP022047.1,72
DRR199287,plasmid_AA336,AP022045.1,33
DRR199287,plasmid_AA336,AP022045.1,67
DRR199287,plasmid_AA336,AP022045.1,87
DRR199287,plasmid_AA352,AP022045.1,52
DRR199287,plasmid_AA352,AP022045.1,60
DRR199287,plasmid_AA352,AP022045.1,64
DRR199287,plasmid_AA352,AP022045.1,79
DRR199287,plasmid_AA352,AP022044.1,82
DRR199287,plasmid_AA352,AP022045.1,86
DRR199287,plasmid_AA352,AP022045.1,88
DRR199287,plasmid_AA352,AP022044.1,89
DRR199287,plasmid_AA352,AP022044.1,89
DRR199287,plasmid_AA352,AP022044.1,89
DRR199287,plasmid_AA352,AP022044.1,89
DRR199287,plasmid_AA352,AP022044.1,91
DRR199287,plasmid_AA352,AP022044.1,91
DRR199287,plasmid_AA352,AP022044.1,91
DRR199287,plasmid_AA352,AP022045.1,94
DRR199287,plasmid_AA352,AP022044.1,94
DRR199287,plasmid_AA352,AP022044.1,98
DRR199287,plasmid_AA352,AP022045.1,98
DRR199287,plasmid_AA352,AP022044.1,106
DRR199287,plasmid_AA352,AP022045.1,106
DRR199287,plasmid_AA352,AP022045.1,107
DRR199287,plasmid_AA352,AP022045.1,107
DRR199287,plasmid_AC434,AP022045.1,66
DRR199287,plasmid_AB446,AP022046.1,70
