GCA_014169115.1_ASM1416911v1,plasmid_AA282,AP022070.1,GCA_014169115.1_ASM1416911v1_202109171340,2639,84269,86907
GCA_014169115.1_ASM1416911v1,plasmid_AA282,AP022069.1,GCA_014169115.1_ASM1416911v1_202109171340,2639,915450,918088
GCA_014169115.1_ASM1416911v1,plasmid_AA282,AP022072.1,GCA_014169115.1_ASM1416911v1_202109171340,2639,611,3249
GCA_014169115.1_ASM1416911v1,plasmid_AA282,AP022069.1,GCA_014169115.1_ASM1416911v1_202109171340,2639,3581526,3584164
GCA_014169115.1_ASM1416911v1,plasmid_AA282,AP022069.1,GCA_014169115.1_ASM1416911v1_202109171340,2639,1331474,1334112
GCA_014169115.1_ASM1416911v1,plasmid_AA282,AP022069.1,GCA_014169115.1_ASM1416911v1_202109171340,2639,4618452,4621090
GCA_014169115.1_ASM1416911v1,plasmid_AA352,AP022069.1,GCA_014169115.1_ASM1416911v1_202109171340,1302,1995790,1997091
GCA_014169115.1_ASM1416911v1,plasmid_AA352,AP022070.1,GCA_014169115.1_ASM1416911v1_202109171340,1302,101944,103245
GCA_013815235.1_ASM1381523v1,plasmid_AA314,CP057134.1,GCA_013815235.1_ASM1381523v1_202109200955,1960,23800,25759
GCA_013815235.1_ASM1381523v1,plasmid_AA314,CP057134.1,GCA_013815235.1_ASM1381523v1_202109200955,1960,5596,7555
GCA_013815235.1_ASM1381523v1,plasmid_AA314,CP057133.1,GCA_013815235.1_ASM1381523v1_202109200955,1234,2356870,2358103
GCA_013815235.1_ASM1381523v1,plasmid_AA314,CP057133.1,GCA_013815235.1_ASM1381523v1_202109200955,1234,922878,924111
GCA_013815235.1_ASM1381523v1,plasmid_AA314,CP057133.1,GCA_013815235.1_ASM1381523v1_202109200955,1234,895185,896418
GCA_013815235.1_ASM1381523v1,plasmid_AA314,CP057133.1,GCA_013815235.1_ASM1381523v1_202109200955,1234,4963693,4964926
GCA_013795795.1_ASM1379579v1,plasmid_AA173,CP056873.1,GCA_013795795.1_ASM1379579v1_202109200955,1368,1946238,1947605
GCA_013795795.1_ASM1379579v1,plasmid_AA173,CP056874.1,GCA_013795795.1_ASM1379579v1_202109200955,1368,88886,90253
GCA_013795795.1_ASM1379579v1,plasmid_AA336,CP056874.1,GCA_013795795.1_ASM1379579v1_202109200955,3439,58508,61946
GCA_013795795.1_ASM1379579v1,plasmid_AA336,CP056875.1,GCA_013795795.1_ASM1379579v1_202109200955,3439,26138,29576
GCA_013795795.1_ASM1379579v1,plasmid_AA336,CP056875.1,GCA_013795795.1_ASM1379579v1_202109200955,2354,19863,22216
GCA_013795795.1_ASM1379579v1,plasmid_AA336,CP056874.1,GCA_013795795.1_ASM1379579v1_202109200955,2354,68265,70618
GCA_013795795.1_ASM1379579v1,plasmid_AA336,CP056874.1,GCA_013795795.1_ASM1379579v1_202109200955,2354,52514,54867
GCA_013795795.1_ASM1379579v1,plasmid_AA336,CP056874.1,GCA_013795795.1_ASM1379579v1_202109200955,2354,62594,64947
GCA_013795795.1_ASM1379579v1,plasmid_AA336,CP056874.1,GCA_013795795.1_ASM1379579v1_202109200955,1414,70895,72308
GCA_013795795.1_ASM1379579v1,plasmid_AA336,CP056875.1,GCA_013795795.1_ASM1379579v1_202109200955,1414,18173,19586
GCA_013830785.1_ASM1383078v1,plasmid_AA279,CP057400.1,GCA_013830785.1_ASM1383078v1_202109151627,2041,26794,28834
GCA_013830785.1_ASM1383078v1,plasmid_AA279,CP057399.1,GCA_013830785.1_ASM1383078v1_202109151627,2041,29194,31234
GCA_013830785.1_ASM1383078v1,plasmid_AA279,CP057397.1,GCA_013830785.1_ASM1383078v1_202109151627,1864,91213,93076
GCA_013830785.1_ASM1383078v1,plasmid_AA279,CP057400.1,GCA_013830785.1_ASM1383078v1_202109151627,1864,5231,7094
GCA_013830785.1_ASM1383078v1,plasmid_AA474,CP057400.1,GCA_013830785.1_ASM1383078v1_202109151627,1964,19046,21009
GCA_013830785.1_ASM1383078v1,plasmid_AA474,CP057398.1,GCA_013830785.1_ASM1383078v1_202109151627,1964,91775,93738
GCA_013830785.1_ASM1383078v1,plasmid_AA176,CP057396.1,GCA_013830785.1_ASM1383078v1_202109151627,1770,3356786,3358555
GCA_013830785.1_ASM1383078v1,plasmid_AA176,CP057400.1,GCA_013830785.1_ASM1383078v1_202109151627,1770,47767,49536
GCA_013830785.1_ASM1383078v1,plasmid_AA176,CP057396.1,GCA_013830785.1_ASM1383078v1_202109151627,1770,2026723,2028492
GCA_013830785.1_ASM1383078v1,plasmid_AA176,CP057396.1,GCA_013830785.1_ASM1383078v1_202109151627,1770,2900019,2901788
GCA_013830785.1_ASM1383078v1,plasmid_AA176,CP057398.1,GCA_013830785.1_ASM1383078v1_202109151627,1770,54106,55875
GCA_013830785.1_ASM1383078v1,plasmid_AA176,CP057396.1,GCA_013830785.1_ASM1383078v1_202109151627,1770,1444655,1446424
GCA_013830785.1_ASM1383078v1,plasmid_AA176,CP057396.1,GCA_013830785.1_ASM1383078v1_202109151627,1770,4375221,4376990
GCA_013830785.1_ASM1383078v1,plasmid_AA176,CP057397.1,GCA_013830785.1_ASM1383078v1_202109151627,1770,201112,202881
GCA_013830785.1_ASM1383078v1,plasmid_AA176,CP057396.1,GCA_013830785.1_ASM1383078v1_202109151627,1770,2784151,2785920
GCA_013830785.1_ASM1383078v1,plasmid_AA176,CP057397.1,GCA_013830785.1_ASM1383078v1_202109151627,1770,115025,116794
GCA_013830785.1_ASM1383078v1,plasmid_AA176,CP057398.1,GCA_013830785.1_ASM1383078v1_202109151627,1770,110271,112040
GCA_013830785.1_ASM1383078v1,plasmid_AA176,CP057396.1,GCA_013830785.1_ASM1383078v1_202109151627,1770,1018970,1020739
GCA_013830785.1_ASM1383078v1,plasmid_AA176,CP057396.1,GCA_013830785.1_ASM1383078v1_202109151627,1770,3888781,3890550
GCA_013830785.1_ASM1383078v1,plasmid_AA176,CP057396.1,GCA_013830785.1_ASM1383078v1_202109151627,1770,1875652,1877421
GCA_013748455.1_ASM1374845v1,plasmid_novel_94fb7a529eab0c4ac8ab30946afa7324,CP056471.1,GCA_013748455.1_ASM1374845v1_202109200955,1765,104568,106332
GCA_013748455.1_ASM1374845v1,plasmid_novel_94fb7a529eab0c4ac8ab30946afa7324,CP056470.1,GCA_013748455.1_ASM1374845v1_202109200955,1765,1946263,1948027
GCA_013748455.1_ASM1374845v1,plasmid_AA336,CP056471.1,GCA_013748455.1_ASM1374845v1_202109200955,2354,68593,70946
GCA_013748455.1_ASM1374845v1,plasmid_AA336,CP056471.1,GCA_013748455.1_ASM1374845v1_202109200955,2354,84344,86697
GCA_013748455.1_ASM1374845v1,plasmid_AA336,CP056472.1,GCA_013748455.1_ASM1374845v1_202109200955,2354,19863,22216
GCA_013748455.1_ASM1374845v1,plasmid_AA336,CP056471.1,GCA_013748455.1_ASM1374845v1_202109200955,2354,78673,81026
GCA_014109065.1_ASM1410906v1,plasmid_AA179,CP058074.1,GCA_014109065.1_ASM1410906v1_202109200955,2455,1900303,1902757
GCA_014109065.1_ASM1410906v1,plasmid_AA179,CP058074.1,GCA_014109065.1_ASM1410906v1_202109200955,2455,4819707,4822161
GCA_013821185.1_ASM1382118v1,plasmid_AA747,CP057250.1,GCA_013821185.1_ASM1382118v1_202109200955,1331,3842132,3843462
GCA_013821185.1_ASM1382118v1,plasmid_AA747,CP057250.1,GCA_013821185.1_ASM1382118v1_202109200955,1331,515690,517020
GCA_013821185.1_ASM1382118v1,plasmid_AA747,CP057250.1,GCA_013821185.1_ASM1382118v1_202109200955,1331,231065,232395
GCA_013821185.1_ASM1382118v1,plasmid_AA747,CP057250.1,GCA_013821185.1_ASM1382118v1_202109200955,1331,2433094,2434424
GCA_013821185.1_ASM1382118v1,plasmid_AA747,CP057250.1,GCA_013821185.1_ASM1382118v1_202109200955,1331,1741548,1742878
GCA_013821185.1_ASM1382118v1,plasmid_AA747,CP057250.1,GCA_013821185.1_ASM1382118v1_202109200955,1331,1882049,1883379
GCA_013783905.1_ASM1378390v1,plasmid_AA297,CP056371.1,GCA_013783905.1_ASM1378390v1_202109200955,2628,22629,25256
GCA_013783905.1_ASM1378390v1,plasmid_AA297,CP056371.1,GCA_013783905.1_ASM1378390v1_202109200955,2628,6435,9062
GCA_014109025.1_ASM1410902v1,plasmid_AB718,CP058053.1,GCA_014109025.1_ASM1410902v1_202109200955,1551,22062,23612
GCA_014109025.1_ASM1410902v1,plasmid_AB718,CP058053.1,GCA_014109025.1_ASM1410902v1_202109200955,1551,16574,18124
GCA_014109025.1_ASM1410902v1,plasmid_AB718,CP058054.1,GCA_014109025.1_ASM1410902v1_202109200955,1551,29180,30730
GCA_013750815.1_ASM1375081v1,plasmid_AA337,CP056571.1,GCA_013750815.1_ASM1375081v1_202109200955,6978,48253,55230
GCA_013750815.1_ASM1375081v1,plasmid_AA337,CP056570.1,GCA_013750815.1_ASM1375081v1_202109200955,6978,67894,74871
GCA_013750815.1_ASM1375081v1,plasmid_AA337,CP056570.1,GCA_013750815.1_ASM1375081v1_202109200955,2515,61374,63888
GCA_013750815.1_ASM1375081v1,plasmid_AA337,CP056571.1,GCA_013750815.1_ASM1375081v1_202109200955,2515,59236,61750
GCA_013750815.1_ASM1375081v1,plasmid_AA337,CP056570.1,GCA_013750815.1_ASM1375081v1_202109200955,2260,27535,29794
GCA_013750815.1_ASM1375081v1,plasmid_AA337,CP056569.1,GCA_013750815.1_ASM1375081v1_202109200955,2260,1870063,1872322
GCA_013750815.1_ASM1375081v1,plasmid_AA337,CP056569.1,GCA_013750815.1_ASM1375081v1_202109200955,2260,2634059,2636318
GCA_013750815.1_ASM1375081v1,plasmid_AA337,CP056569.1,GCA_013750815.1_ASM1375081v1_202109200955,2260,3997752,4000011
GCA_013750815.1_ASM1375081v1,plasmid_AA337,CP056569.1,GCA_013750815.1_ASM1375081v1_202109200955,2131,4025388,4027518
GCA_013750815.1_ASM1375081v1,plasmid_AA337,CP056570.1,GCA_013750815.1_ASM1375081v1_202109200955,2131,98975,101105
GCA_013750815.1_ASM1375081v1,plasmid_AA337,CP056569.1,GCA_013750815.1_ASM1375081v1_202109200955,2131,540349,542479
GCA_013750815.1_ASM1375081v1,plasmid_AA337,CP056571.1,GCA_013750815.1_ASM1375081v1_202109200955,2131,10500,12630
GCA_013750815.1_ASM1375081v1,plasmid_AA337,CP056570.1,GCA_013750815.1_ASM1375081v1_202109200955,1329,29895,31223
GCA_013750815.1_ASM1375081v1,plasmid_AA337,CP056570.1,GCA_013750815.1_ASM1375081v1_202109200955,1329,15001,16329
GCA_013750815.1_ASM1375081v1,plasmid_AA337,CP056571.1,GCA_013750815.1_ASM1375081v1_202109200955,1168,63849,65016
GCA_013750815.1_ASM1375081v1,plasmid_AA337,CP056570.1,GCA_013750815.1_ASM1375081v1_202109200955,1168,58081,59248
GCA_013821835.1_ASM1382183v1,plasmid_novel_1cb99c91c45a5284e910abc71ed0e4d0,CP057259.1,GCA_013821835.1_ASM1382183v1_202109200955,1331,4576220,4577550
GCA_013821835.1_ASM1382183v1,plasmid_novel_1cb99c91c45a5284e910abc71ed0e4d0,CP057259.1,GCA_013821835.1_ASM1382183v1_202109200955,1331,4216150,4217480
GCA_013821835.1_ASM1382183v1,plasmid_novel_1cb99c91c45a5284e910abc71ed0e4d0,CP057259.1,GCA_013821835.1_ASM1382183v1_202109200955,1331,2430600,2431930
GCA_013821835.1_ASM1382183v1,plasmid_novel_1cb99c91c45a5284e910abc71ed0e4d0,CP057259.1,GCA_013821835.1_ASM1382183v1_202109200955,1331,586985,588315
GCA_013821835.1_ASM1382183v1,plasmid_novel_1cb99c91c45a5284e910abc71ed0e4d0,CP057259.1,GCA_013821835.1_ASM1382183v1_202109200955,1331,1819120,1820450
GCA_014168855.1_ASM1416885v1,plasmid_AA297,AP022003.1,GCA_014168855.1_ASM1416885v1_202109200955,1340,4400140,4401479
GCA_014168855.1_ASM1416885v1,plasmid_AA297,AP022003.1,GCA_014168855.1_ASM1416885v1_202109200955,1340,1551951,1553290
GCA_013891215.1_ASM1389121v1,plasmid_AC082,CP057638.1,GCA_013891215.1_ASM1389121v1_202109200955,2616,2658495,2661110
GCA_013891215.1_ASM1389121v1,plasmid_AC082,CP057639.1,GCA_013891215.1_ASM1389121v1_202109200955,2616,23852,26467
GCA_013832285.1_ASM1383228v1,plasmid_AA319,CP057424.1,GCA_013832285.1_ASM1383228v1_202109200955,1712,108518,110229
GCA_013832285.1_ASM1383228v1,plasmid_AA319,CP057424.1,GCA_013832285.1_ASM1383228v1_202109200955,1712,11793,13504
GCA_013832285.1_ASM1383228v1,plasmid_AA319,CP057424.1,GCA_013832285.1_ASM1383228v1_202109200955,1712,81489,83200
GCA_013832285.1_ASM1383228v1,plasmid_AA319,CP057424.1,GCA_013832285.1_ASM1383228v1_202109200955,1712,70448,72159
GCA_013832285.1_ASM1383228v1,plasmid_AA319,CP057423.1,GCA_013832285.1_ASM1383228v1_202109200955,1340,4188936,4190275
GCA_013832285.1_ASM1383228v1,plasmid_AA319,CP057423.1,GCA_013832285.1_ASM1383228v1_202109200955,1340,3047285,3048624
GCA_013832285.1_ASM1383228v1,plasmid_AA319,CP057423.1,GCA_013832285.1_ASM1383228v1_202109200955,1340,1438600,1439939
GCA_013832285.1_ASM1383228v1,plasmid_AA319,CP057423.1,GCA_013832285.1_ASM1383228v1_202109200955,1340,2348354,2349693
GCA_013832285.1_ASM1383228v1,plasmid_AA319,CP057424.1,GCA_013832285.1_ASM1383228v1_202109200955,1340,107002,108341
GCA_013832285.1_ASM1383228v1,plasmid_AA319,CP057423.1,GCA_013832285.1_ASM1383228v1_202109200955,1340,3553032,3554371
GCA_013832285.1_ASM1383228v1,plasmid_AA319,CP057423.1,GCA_013832285.1_ASM1383228v1_202109200955,1340,2488614,2489953
GCA_013832285.1_ASM1383228v1,plasmid_AA319,CP057423.1,GCA_013832285.1_ASM1383228v1_202109200955,1340,1089103,1090442
GCA_013795285.1_ASM1379528v1,plasmid_AA179,CP056867.1,GCA_013795285.1_ASM1379528v1_202109200955,3106,3131736,3134841
GCA_013795285.1_ASM1379528v1,plasmid_AA179,CP056868.1,GCA_013795285.1_ASM1379528v1_202109200955,3106,30275,33380
GCA_013798625.1_ASM1379862v1,plasmid_AA176,CP056915.1,GCA_013798625.1_ASM1379862v1_202109200955,1041,56735,57775
GCA_013798625.1_ASM1379862v1,plasmid_AA176,CP056915.1,GCA_013798625.1_ASM1379862v1_202109200955,1041,51247,52287
GCA_013795065.1_ASM1379506v1,plasmid_AA038,CP056865.1,GCA_013795065.1_ASM1379506v1_202109200955,1140,1922783,1923922
GCA_013795065.1_ASM1379506v1,plasmid_AA038,CP056865.1,GCA_013795065.1_ASM1379506v1_202109200955,1140,3828764,3829903
GCA_013795065.1_ASM1379506v1,plasmid_AA038,CP056865.1,GCA_013795065.1_ASM1379506v1_202109200955,1140,1173046,1174185
GCA_013592195.1_ASM1359219v1,plasmid_AC621,CP055625.1,GCA_013592195.1_ASM1359219v1_202109151627,1331,26086,27416
GCA_013592195.1_ASM1359219v1,plasmid_AC621,CP055624.1,GCA_013592195.1_ASM1359219v1_202109151627,1331,2561804,2563134
GCA_013592195.1_ASM1359219v1,plasmid_AA372,CP055625.1,GCA_013592195.1_ASM1359219v1_202109151627,2442,112470,114911
GCA_013592195.1_ASM1359219v1,plasmid_AA372,CP055625.1,GCA_013592195.1_ASM1359219v1_202109151627,2442,2363,4804
GCA_013592195.1_ASM1359219v1,plasmid_AA372,CP055625.1,GCA_013592195.1_ASM1359219v1_202109151627,2442,49560,52001
GCA_013592195.1_ASM1359219v1,plasmid_AA372,CP055627.1,GCA_013592195.1_ASM1359219v1_202109151627,1200,39608,40807
GCA_013592195.1_ASM1359219v1,plasmid_AA372,CP055625.1,GCA_013592195.1_ASM1359219v1_202109151627,1200,116756,117955
GCA_013592195.1_ASM1359219v1,plasmid_AA372,CP055627.1,GCA_013592195.1_ASM1359219v1_202109151627,1200,9574,10773
GCA_013592195.1_ASM1359219v1,plasmid_AA372,CP055627.1,GCA_013592195.1_ASM1359219v1_202109151627,1200,7746,8945
GCA_014169395.1_ASM1416939v1,plasmid_AA474,AP022159.1,GCA_014169395.1_ASM1416939v1_202109200955,1340,1495949,1497288
GCA_014169395.1_ASM1416939v1,plasmid_AA474,AP022159.1,GCA_014169395.1_ASM1416939v1_202109200955,1340,4317932,4319271
GCA_013822325.1_ASM1382232v1,plasmid_AA998,CP057271.1,GCA_013822325.1_ASM1382232v1_202109200955,1084,121382,122465
GCA_013822325.1_ASM1382232v1,plasmid_AA998,CP057271.1,GCA_013822325.1_ASM1382232v1_202109200955,1084,125893,126976
GCA_012849755.1_ASM1284975v1,plasmid_AA346,CP051631.1,GCA_012849755.1_ASM1284975v1_202109200955,1581,5007630,5009210
GCA_012849755.1_ASM1284975v1,plasmid_AA346,CP051632.1,GCA_012849755.1_ASM1284975v1_202109200955,1581,52318,53898
GCA_012849755.1_ASM1284975v1,plasmid_AA346,CP051631.1,GCA_012849755.1_ASM1284975v1_202109200955,1581,2204049,2205629
GCA_012849755.1_ASM1284975v1,plasmid_AA346,CP051631.1,GCA_012849755.1_ASM1284975v1_202109200955,1581,5317553,5319133
GCA_012849755.1_ASM1284975v1,plasmid_AA346,CP051631.1,GCA_012849755.1_ASM1284975v1_202109200955,1581,3677105,3678685
GCA_012849755.1_ASM1284975v1,plasmid_AA346,CP051631.1,GCA_012849755.1_ASM1284975v1_202109200955,1581,939862,941442
GCA_012849755.1_ASM1284975v1,plasmid_AA346,CP051631.1,GCA_012849755.1_ASM1284975v1_202109200955,1581,3442749,3444329
GCA_012849755.1_ASM1284975v1,plasmid_AA346,CP051631.1,GCA_012849755.1_ASM1284975v1_202109200955,1581,2759578,2761158
GCA_012849755.1_ASM1284975v1,plasmid_AA346,CP051631.1,GCA_012849755.1_ASM1284975v1_202109200955,1581,3482123,3483703
GCA_012849755.1_ASM1284975v1,plasmid_AA346,CP051631.1,GCA_012849755.1_ASM1284975v1_202109200955,1581,3667169,3668749
GCA_012849755.1_ASM1284975v1,plasmid_AA346,CP051631.1,GCA_012849755.1_ASM1284975v1_202109200955,1581,526807,528387
GCA_012849755.1_ASM1284975v1,plasmid_AA346,CP051631.1,GCA_012849755.1_ASM1284975v1_202109200955,1581,607901,609481
GCA_012849755.1_ASM1284975v1,plasmid_AA346,CP051632.1,GCA_012849755.1_ASM1284975v1_202109200955,1578,58705,60288
GCA_012849755.1_ASM1284975v1,plasmid_AA346,CP051631.1,GCA_012849755.1_ASM1284975v1_202109200955,1310,4352948,4354257
GCA_012849755.1_ASM1284975v1,plasmid_AA346,CP051631.1,GCA_012849755.1_ASM1284975v1_202109200955,1310,2378874,2380183
GCA_012849755.1_ASM1284975v1,plasmid_AA346,CP051631.1,GCA_012849755.1_ASM1284975v1_202109200955,1310,3905134,3906443
GCA_012849755.1_ASM1284975v1,plasmid_AA346,CP051631.1,GCA_012849755.1_ASM1284975v1_202109200955,1310,5323952,5325261
GCA_012849755.1_ASM1284975v1,plasmid_AA346,CP051632.1,GCA_012849755.1_ASM1284975v1_202109200955,1310,16716,18025
GCA_012849755.1_ASM1284975v1,plasmid_AA346,CP051631.1,GCA_012849755.1_ASM1284975v1_202109200955,1310,60675,61984
GCA_012849755.1_ASM1284975v1,plasmid_AA346,CP051631.1,GCA_012849755.1_ASM1284975v1_202109200955,1310,4028252,4029561
GCA_013742135.1_ASM1374213v1,plasmid_AA282,CP056614.1,GCA_013742135.1_ASM1374213v1_202109200955,2434,15485,17918
GCA_013742135.1_ASM1374213v1,plasmid_AA282,CP056614.1,GCA_013742135.1_ASM1374213v1_202109200955,2434,24994,27427
GCA_013900005.1_ASM1390000v1,plasmid_AA302,CP057942.1,GCA_013900005.1_ASM1390000v1_202109200955,4861,808286,813146
GCA_013900005.1_ASM1390000v1,plasmid_AA302,CP057943.1,GCA_013900005.1_ASM1390000v1_202109200955,4861,10789,15649
GCA_013740395.1_ASM1374039v1,plasmid_AF098,CP056446.1,GCA_013740395.1_ASM1374039v1_202109200955,1196,3460452,3461647
GCA_013740395.1_ASM1374039v1,plasmid_AF098,CP056446.1,GCA_013740395.1_ASM1374039v1_202109200955,1196,4729742,4730937
GCA_013740395.1_ASM1374039v1,plasmid_AF098,CP056446.1,GCA_013740395.1_ASM1374039v1_202109200955,1196,287841,289036
GCA_013740395.1_ASM1374039v1,plasmid_AF098,CP056448.1,GCA_013740395.1_ASM1374039v1_202109200955,1100,1802,2901
GCA_013740395.1_ASM1374039v1,plasmid_AF098,CP056448.1,GCA_013740395.1_ASM1374039v1_202109200955,1100,34470,35569
GCA_013740395.1_ASM1374039v1,plasmid_AA378,CP056446.1,GCA_013740395.1_ASM1374039v1_202109200955,1090,1729517,1730606
GCA_013740395.1_ASM1374039v1,plasmid_AA378,CP056446.1,GCA_013740395.1_ASM1374039v1_202109200955,1090,1217281,1218370
GCA_013740395.1_ASM1374039v1,plasmid_AA378,CP056446.1,GCA_013740395.1_ASM1374039v1_202109200955,1090,4064273,4065362
GCA_013740395.1_ASM1374039v1,plasmid_AA378,CP056448.1,GCA_013740395.1_ASM1374039v1_202109200955,1090,25260,26349
GCA_013835585.1_ASM1383558v1,plasmid_AA168,CP057473.1,GCA_013835585.1_ASM1383558v1_202109200955,1052,2194079,2195130
GCA_013835585.1_ASM1383558v1,plasmid_AA168,CP057473.1,GCA_013835585.1_ASM1383558v1_202109200955,1052,3489829,3490880
GCA_013835585.1_ASM1383558v1,plasmid_AA168,CP057473.1,GCA_013835585.1_ASM1383558v1_202109200955,1052,1514370,1515421
GCA_013835585.1_ASM1383558v1,plasmid_AA168,CP057473.1,GCA_013835585.1_ASM1383558v1_202109200955,1052,1418049,1419100
GCA_013835585.1_ASM1383558v1,plasmid_AA168,CP057473.1,GCA_013835585.1_ASM1383558v1_202109200955,1052,3490971,3492022
GCA_013835585.1_ASM1383558v1,plasmid_AA168,CP057473.1,GCA_013835585.1_ASM1383558v1_202109200955,1052,2197911,2198962
GCA_013835585.1_ASM1383558v1,plasmid_AA168,CP057473.1,GCA_013835585.1_ASM1383558v1_202109200955,1052,4333031,4334082
GCA_013835585.1_ASM1383558v1,plasmid_AA168,CP057473.1,GCA_013835585.1_ASM1383558v1_202109200955,1052,2536155,2537206
GCA_013818265.1_ASM1381826v1,plasmid_AA378,CP057171.1,GCA_013818265.1_ASM1381826v1_202109200955,1342,1024216,1025557
GCA_013818265.1_ASM1381826v1,plasmid_AA378,CP057171.1,GCA_013818265.1_ASM1381826v1_202109200955,1342,1029819,1031160
GCA_013818265.1_ASM1381826v1,plasmid_AA378,CP057171.1,GCA_013818265.1_ASM1381826v1_202109200955,1342,3317878,3319219
GCA_013818265.1_ASM1381826v1,plasmid_AA378,CP057171.1,GCA_013818265.1_ASM1381826v1_202109200955,1342,4229984,4231325
GCA_013818265.1_ASM1381826v1,plasmid_AA378,CP057171.1,GCA_013818265.1_ASM1381826v1_202109200955,1342,3875438,3876779
GCA_013741855.1_ASM1374185v1,plasmid_AA282,CP056609.1,GCA_013741855.1_ASM1374185v1_202109200955,2434,15485,17918
GCA_013741855.1_ASM1374185v1,plasmid_AA282,CP056609.1,GCA_013741855.1_ASM1374185v1_202109200955,2434,24994,27427
GCA_013727075.1_ASM1372707v1,plasmid_AA747,CP056249.1,GCA_013727075.1_ASM1372707v1_202109200955,1331,3695704,3697034
GCA_013727075.1_ASM1372707v1,plasmid_AA747,CP056250.1,GCA_013727075.1_ASM1372707v1_202109200955,1331,24100,25430
GCA_013727075.1_ASM1372707v1,plasmid_AA747,CP056249.1,GCA_013727075.1_ASM1372707v1_202109200955,1331,3962418,3963748
GCA_013899165.1_ASM1389916v1,plasmid_AC082,CP057839.1,GCA_013899165.1_ASM1389916v1_202109200955,1342,1075292,1076633
GCA_013899165.1_ASM1389916v1,plasmid_AC082,CP057839.1,GCA_013899165.1_ASM1389916v1_202109200955,1342,3384300,3385641
GCA_013899165.1_ASM1389916v1,plasmid_AC082,CP057839.1,GCA_013899165.1_ASM1389916v1_202109200955,1342,4028844,4030185
GCA_013899165.1_ASM1389916v1,plasmid_AC082,CP057840.1,GCA_013899165.1_ASM1389916v1_202109200955,1342,69300,70641
GCA_013899165.1_ASM1389916v1,plasmid_AC082,CP057839.1,GCA_013899165.1_ASM1389916v1_202109200955,1342,3075071,3076412
GCA_014170615.1_ASM1417061v1,plasmid_AA179,CP059910.1,GCA_014170615.1_ASM1417061v1_202109171340,1343,96427,97769
GCA_014170615.1_ASM1417061v1,plasmid_AA179,CP059907.1,GCA_014170615.1_ASM1417061v1_202109171340,1343,3411779,3413121
GCA_014170615.1_ASM1417061v1,plasmid_AA179,CP059907.1,GCA_014170615.1_ASM1417061v1_202109171340,1343,6379,7721
GCA_014170615.1_ASM1417061v1,plasmid_AA179,CP059907.1,GCA_014170615.1_ASM1417061v1_202109171340,1343,4724104,4725446
GCA_014170615.1_ASM1417061v1,plasmid_AA179,CP059910.1,GCA_014170615.1_ASM1417061v1_202109171340,1343,52919,54261
GCA_014170615.1_ASM1417061v1,plasmid_AA179,CP059907.1,GCA_014170615.1_ASM1417061v1_202109171340,1343,2733105,2734447
GCA_014170615.1_ASM1417061v1,plasmid_AA179,CP059908.1,GCA_014170615.1_ASM1417061v1_202109171340,1343,96231,97573
GCA_014169195.1_ASM1416919v1,plasmid_AA324,AP022105.1,GCA_014169195.1_ASM1416919v1_202109200955,1956,4165221,4167176
GCA_014169195.1_ASM1416919v1,plasmid_AA324,AP022105.1,GCA_014169195.1_ASM1416919v1_202109200955,1955,1836324,1838278
GCA_014169195.1_ASM1416919v1,plasmid_AA352,AP022105.1,GCA_014169195.1_ASM1416919v1_202109200955,1295,707477,708771
GCA_014169195.1_ASM1416919v1,plasmid_AA352,AP022105.1,GCA_014169195.1_ASM1416919v1_202109200955,1295,4426876,4428170
GCA_014169195.1_ASM1416919v1,plasmid_AA352,AP022105.1,GCA_014169195.1_ASM1416919v1_202109200955,1295,2802176,2803470
GCA_014169195.1_ASM1416919v1,plasmid_AA352,AP022105.1,GCA_014169195.1_ASM1416919v1_202109200955,1295,3728968,3730262
GCA_014169195.1_ASM1416919v1,plasmid_AA352,AP022105.1,GCA_014169195.1_ASM1416919v1_202109200955,1295,4601965,4603259
GCA_014169195.1_ASM1416919v1,plasmid_AA352,AP022105.1,GCA_014169195.1_ASM1416919v1_202109200955,1295,974024,975318
GCA_014169195.1_ASM1416919v1,plasmid_AA352,AP022105.1,GCA_014169195.1_ASM1416919v1_202109200955,1295,739504,740798
GCA_014169195.1_ASM1416919v1,plasmid_AA352,AP022105.1,GCA_014169195.1_ASM1416919v1_202109200955,1295,3299247,3300541
GCA_014169195.1_ASM1416919v1,plasmid_AA352,AP022105.1,GCA_014169195.1_ASM1416919v1_202109200955,1295,244913,246207
GCA_014169195.1_ASM1416919v1,plasmid_AA352,AP022105.1,GCA_014169195.1_ASM1416919v1_202109200955,1295,4251195,4252489
GCA_014169195.1_ASM1416919v1,plasmid_AA352,AP022105.1,GCA_014169195.1_ASM1416919v1_202109200955,1295,3724012,3725306
GCA_014169195.1_ASM1416919v1,plasmid_AA352,AP022105.1,GCA_014169195.1_ASM1416919v1_202109200955,1295,1447475,1448769
GCA_014169195.1_ASM1416919v1,plasmid_AA352,AP022105.1,GCA_014169195.1_ASM1416919v1_202109200955,1295,1693801,1695095
GCA_014169195.1_ASM1416919v1,plasmid_AA352,AP022105.1,GCA_014169195.1_ASM1416919v1_202109200955,1295,4233225,4234519
GCA_014169195.1_ASM1416919v1,plasmid_AA352,AP022105.1,GCA_014169195.1_ASM1416919v1_202109200955,1294,2860260,2861553
GCA_014169195.1_ASM1416919v1,plasmid_AA352,AP022105.1,GCA_014169195.1_ASM1416919v1_202109200955,1294,2269796,2271089
GCA_014169195.1_ASM1416919v1,plasmid_AA352,AP022105.1,GCA_014169195.1_ASM1416919v1_202109200955,1294,2933035,2934328
GCA_014168595.1_ASM1416859v1,plasmid_AA176,AP021914.1,GCA_014168595.1_ASM1416859v1_202109200955,1997,1344133,1346129
GCA_014168595.1_ASM1416859v1,plasmid_AA176,AP021915.1,GCA_014168595.1_ASM1416859v1_202109200955,1997,103188,105184
GCA_014168595.1_ASM1416859v1,plasmid_AA176,AP021915.1,GCA_014168595.1_ASM1416859v1_202109200955,1403,100966,102368
GCA_014168595.1_ASM1416859v1,plasmid_AA176,AP021914.1,GCA_014168595.1_ASM1416859v1_202109200955,1403,1349947,1351349
GCA_014109005.1_ASM1410900v1,plasmid_AB718,CP058048.1,GCA_014109005.1_ASM1410900v1_202109200955,1551,42070,43620
GCA_014109005.1_ASM1410900v1,plasmid_AB718,CP058047.1,GCA_014109005.1_ASM1410900v1_202109200955,1551,22062,23612
GCA_014109005.1_ASM1410900v1,plasmid_AB718,CP058047.1,GCA_014109005.1_ASM1410900v1_202109200955,1551,16574,18124
GCA_014169695.1_ASM1416969v1,plasmid_AA175,AP022246.1,GCA_014169695.1_ASM1416969v1_202109200955,2691,77124,79814
GCA_014169695.1_ASM1416969v1,plasmid_AA175,AP022248.1,GCA_014169695.1_ASM1416969v1_202109200955,2691,10425,13115
GCA_014169435.1_ASM1416943v1,plasmid_AA337,AP022172.1,GCA_014169435.1_ASM1416943v1_202109200955,2505,41363,43867
GCA_014169435.1_ASM1416943v1,plasmid_AA337,AP022172.1,GCA_014169435.1_ASM1416943v1_202109200955,2505,108259,110763
GCA_014169435.1_ASM1416943v1,plasmid_AA337,AP022172.1,GCA_014169435.1_ASM1416943v1_202109200955,2028,52047,54074
GCA_014169435.1_ASM1416943v1,plasmid_AA337,AP022172.1,GCA_014169435.1_ASM1416943v1_202109200955,2028,120871,122898
GCA_014170595.1_ASM1417059v1,plasmid_AA474,CP059904.1,GCA_014170595.1_ASM1417059v1_202109200955,18402,3539639,3558044
GCA_014170595.1_ASM1417059v1,plasmid_AA474,CP059904.1,GCA_014170595.1_ASM1417059v1_202109200955,18386,5040166,5058551
GCA_014170595.1_ASM1417059v1,plasmid_AA474,CP059904.1,GCA_014170595.1_ASM1417059v1_202109200955,2454,1567310,1569763
GCA_014170595.1_ASM1417059v1,plasmid_AA474,CP059904.1,GCA_014170595.1_ASM1417059v1_202109200955,2452,2975706,2978161
GCA_014170595.1_ASM1417059v1,plasmid_AA474,CP059905.1,GCA_014170595.1_ASM1417059v1_202109200955,1378,131454,132831
GCA_014170595.1_ASM1417059v1,plasmid_AA474,CP059906.1,GCA_014170595.1_ASM1417059v1_202109200955,1378,101537,102914
GCA_013886595.1_ASM1388659v1,plasmid_AA302,CP057577.1,GCA_013886595.1_ASM1388659v1_202109200955,1954,129521,131474
GCA_013886595.1_ASM1388659v1,plasmid_AA302,CP057577.1,GCA_013886595.1_ASM1388659v1_202109200955,1954,4305830,4307783
GCA_013898135.1_ASM1389813v1,plasmid_AA161,CP057778.1,GCA_013898135.1_ASM1389813v1_202109200955,1331,2491227,2492557
GCA_013898135.1_ASM1389813v1,plasmid_AA161,CP057778.1,GCA_013898135.1_ASM1389813v1_202109200955,1331,66861,68191
GCA_013898135.1_ASM1389813v1,plasmid_AA161,CP057778.1,GCA_013898135.1_ASM1389813v1_202109200955,1331,4259246,4260576
GCA_014131615.1_ASM1413161v1,plasmid_novel_a5b849452e7e4632af41a9a57c237a49,CP048867.1,GCA_014131615.1_ASM1413161v1_202109200955,1990,3150493,3152482
GCA_014131615.1_ASM1413161v1,plasmid_novel_a5b849452e7e4632af41a9a57c237a49,CP048868.1,GCA_014131615.1_ASM1413161v1_202109200955,1990,62208,64197
GCA_014131615.1_ASM1413161v1,plasmid_AA297,CP048867.1,GCA_014131615.1_ASM1413161v1_202109200955,2117,66223,68339
GCA_014131615.1_ASM1413161v1,plasmid_AA297,CP048867.1,GCA_014131615.1_ASM1413161v1_202109200955,2117,893284,895400
GCA_014131615.1_ASM1413161v1,plasmid_AA297,CP048868.1,GCA_014131615.1_ASM1413161v1_202109200955,2117,9401,11517
GCA_013790245.1_ASM1379024v1,plasmid_AA747,CP056801.1,GCA_013790245.1_ASM1379024v1_202109200955,1657,91028,92684
GCA_013790245.1_ASM1379024v1,plasmid_AA747,CP056800.1,GCA_013790245.1_ASM1379024v1_202109200955,1657,3536244,3537900
GCA_013790245.1_ASM1379024v1,plasmid_AA747,CP056801.1,GCA_013790245.1_ASM1379024v1_202109200955,1657,34154,35810
GCA_013790245.1_ASM1379024v1,plasmid_AA747,CP056800.1,GCA_013790245.1_ASM1379024v1_202109200955,1657,4277329,4278985
GCA_014170695.1_ASM1417069v1,plasmid_AA474,CP059922.1,GCA_014170695.1_ASM1417069v1_202109200955,2442,982441,984882
GCA_014170695.1_ASM1417069v1,plasmid_AA474,CP059922.1,GCA_014170695.1_ASM1417069v1_202109200955,2436,2452830,2455277
GCA_013899185.1_ASM1389918v1,plasmid_AC082,CP057841.1,GCA_013899185.1_ASM1389918v1_202109200955,1342,4028844,4030185
GCA_013899185.1_ASM1389918v1,plasmid_AC082,CP057841.1,GCA_013899185.1_ASM1389918v1_202109200955,1342,3384300,3385641
GCA_013899185.1_ASM1389918v1,plasmid_AC082,CP057841.1,GCA_013899185.1_ASM1389918v1_202109200955,1342,3075071,3076412
GCA_013899185.1_ASM1389918v1,plasmid_AC082,CP057841.1,GCA_013899185.1_ASM1389918v1_202109200955,1342,1075292,1076633
GCA_013899185.1_ASM1389918v1,plasmid_AC082,CP057842.1,GCA_013899185.1_ASM1389918v1_202109200955,1342,69300,70641
GCA_014131535.1_ASM1413153v1,plasmid_AA337,CP048857.1,GCA_014131535.1_ASM1413153v1_202109200955,2360,1863765,1866124
GCA_014131535.1_ASM1413153v1,plasmid_AA337,CP048857.1,GCA_014131535.1_ASM1413153v1_202109200955,2360,2629196,2631555
GCA_014131535.1_ASM1413153v1,plasmid_AA337,CP048857.1,GCA_014131535.1_ASM1413153v1_202109200955,2360,3991661,3994020
GCA_014131535.1_ASM1413153v1,plasmid_AA337,CP048858.1,GCA_014131535.1_ASM1413153v1_202109200955,2360,27535,29894
GCA_014131535.1_ASM1413153v1,plasmid_AA337,CP048858.1,GCA_014131535.1_ASM1413153v1_202109200955,1888,101821,103708
GCA_014131535.1_ASM1413153v1,plasmid_AA337,CP048857.1,GCA_014131535.1_ASM1413153v1_202109200955,1888,5171775,5173662
GCA_014131535.1_ASM1413153v1,plasmid_AA337,CP048858.1,GCA_014131535.1_ASM1413153v1_202109200955,1144,15001,16144
GCA_014131535.1_ASM1413153v1,plasmid_AA337,CP048858.1,GCA_014131535.1_ASM1413153v1_202109200955,1144,30080,31223
GCA_013727815.1_ASM1372781v1,plasmid_novel_7de5ec37f5e0f5efe3f49574cc2cdfee,CP056263.1,GCA_013727815.1_ASM1372781v1_202109200955,1370,1195868,1197237
GCA_013727815.1_ASM1372781v1,plasmid_novel_7de5ec37f5e0f5efe3f49574cc2cdfee,CP056263.1,GCA_013727815.1_ASM1372781v1_202109200955,1370,2360734,2362103
GCA_013727815.1_ASM1372781v1,plasmid_novel_7de5ec37f5e0f5efe3f49574cc2cdfee,CP056263.1,GCA_013727815.1_ASM1372781v1_202109200955,1342,4606336,4607677
GCA_013727815.1_ASM1372781v1,plasmid_novel_7de5ec37f5e0f5efe3f49574cc2cdfee,CP056263.1,GCA_013727815.1_ASM1372781v1_202109200955,1342,2197112,2198453
GCA_013727815.1_ASM1372781v1,plasmid_novel_7de5ec37f5e0f5efe3f49574cc2cdfee,CP056263.1,GCA_013727815.1_ASM1372781v1_202109200955,1342,276619,277960
GCA_013727815.1_ASM1372781v1,plasmid_novel_7de5ec37f5e0f5efe3f49574cc2cdfee,CP056263.1,GCA_013727815.1_ASM1372781v1_202109200955,1342,4957942,4959283
GCA_013727815.1_ASM1372781v1,plasmid_novel_7de5ec37f5e0f5efe3f49574cc2cdfee,CP056265.1,GCA_013727815.1_ASM1372781v1_202109200955,1342,25260,26601
GCA_013727815.1_ASM1372781v1,plasmid_novel_7de5ec37f5e0f5efe3f49574cc2cdfee,CP056263.1,GCA_013727815.1_ASM1372781v1_202109200955,1196,3983223,3984418
GCA_013727815.1_ASM1372781v1,plasmid_novel_7de5ec37f5e0f5efe3f49574cc2cdfee,CP056263.1,GCA_013727815.1_ASM1372781v1_202109200955,1196,4182210,4183405
GCA_013727815.1_ASM1372781v1,plasmid_novel_7de5ec37f5e0f5efe3f49574cc2cdfee,CP056263.1,GCA_013727815.1_ASM1372781v1_202109200955,1196,444513,445708
GCA_013727815.1_ASM1372781v1,plasmid_novel_7de5ec37f5e0f5efe3f49574cc2cdfee,CP056263.1,GCA_013727815.1_ASM1372781v1_202109200955,1196,736107,737302
GCA_013727815.1_ASM1372781v1,plasmid_novel_7de5ec37f5e0f5efe3f49574cc2cdfee,CP056263.1,GCA_013727815.1_ASM1372781v1_202109200955,1196,260411,261606
GCA_013727815.1_ASM1372781v1,plasmid_novel_7de5ec37f5e0f5efe3f49574cc2cdfee,CP056263.1,GCA_013727815.1_ASM1372781v1_202109200955,1196,682051,683246
GCA_014169575.1_ASM1416957v1,plasmid_AA337,AP022208.1,GCA_014169575.1_ASM1416957v1_202109200955,2879,69907,72785
GCA_014169575.1_ASM1416957v1,plasmid_AA337,AP022208.1,GCA_014169575.1_ASM1416957v1_202109200955,2878,140383,143260
GCA_014169575.1_ASM1416957v1,plasmid_AA337,AP022208.1,GCA_014169575.1_ASM1416957v1_202109200955,1302,198913,200214
GCA_014169575.1_ASM1416957v1,plasmid_AA337,AP022207.1,GCA_014169575.1_ASM1416957v1_202109200955,1302,2003100,2004401
GCA_014169575.1_ASM1416957v1,plasmid_AA337,AP022208.1,GCA_014169575.1_ASM1416957v1_202109200955,1015,138390,139404
GCA_014169575.1_ASM1416957v1,plasmid_AA337,AP022208.1,GCA_014169575.1_ASM1416957v1_202109200955,1015,67926,68940
GCA_014169575.1_ASM1416957v1,plasmid_novel_7a3064f359b44d71dec51252ff54e986,AP022208.1,GCA_014169575.1_ASM1416957v1_202109200955,2355,70986,73340
GCA_014169575.1_ASM1416957v1,plasmid_novel_7a3064f359b44d71dec51252ff54e986,AP022208.1,GCA_014169575.1_ASM1416957v1_202109200955,2354,141462,143815
GCA_013885155.1_ASM1388515v1,plasmid_AA474,CP057540.1,GCA_013885155.1_ASM1388515v1_202109200955,2663,23771,26433
GCA_013885155.1_ASM1388515v1,plasmid_AA474,CP057541.1,GCA_013885155.1_ASM1388515v1_202109200955,2663,14835,17497
GCA_014170675.1_ASM1417067v1,plasmid_AA474,CP059917.1,GCA_014170675.1_ASM1417067v1_202109200955,2031,3989925,3991955
GCA_014170675.1_ASM1417067v1,plasmid_AA474,CP059917.1,GCA_014170675.1_ASM1417067v1_202109200955,2031,2419634,2421664
GCA_014170675.1_ASM1417067v1,plasmid_AA474,CP059917.1,GCA_014170675.1_ASM1417067v1_202109200955,2031,33062,35092
GCA_014170675.1_ASM1417067v1,plasmid_AA474,CP059917.1,GCA_014170675.1_ASM1417067v1_202109200955,2031,1011532,1013562
GCA_014170675.1_ASM1417067v1,plasmid_AA176,CP059917.1,GCA_014170675.1_ASM1417067v1_202109200955,2699,3963949,3966647
GCA_014170675.1_ASM1417067v1,plasmid_AA176,CP059918.1,GCA_014170675.1_ASM1417067v1_202109200955,2699,45300,47998
GCA_014170675.1_ASM1417067v1,plasmid_AA176,CP059918.1,GCA_014170675.1_ASM1417067v1_202109200955,2699,110970,113668
GCA_014170675.1_ASM1417067v1,plasmid_AA176,CP059917.1,GCA_014170675.1_ASM1417067v1_202109200955,2699,2858332,2861030
GCA_013602835.1_ASM1360283v1,plasmid_AA283,CP055725.1,GCA_013602835.1_ASM1360283v1_202109200955,2361,49357,51717
GCA_013602835.1_ASM1360283v1,plasmid_AA283,CP055726.1,GCA_013602835.1_ASM1360283v1_202109200955,2361,21902,24262
GCA_013602835.1_ASM1360283v1,plasmid_novel_15ddd222522274deee0bea43c8fd5976,CP055724.1,GCA_013602835.1_ASM1360283v1_202109200955,2699,3772231,3774929
GCA_013602835.1_ASM1360283v1,plasmid_novel_15ddd222522274deee0bea43c8fd5976,CP055726.1,GCA_013602835.1_ASM1360283v1_202109200955,2699,17604,20302
GCA_013602835.1_ASM1360283v1,plasmid_novel_15ddd222522274deee0bea43c8fd5976,CP055724.1,GCA_013602835.1_ASM1360283v1_202109200955,2699,1336791,1339489
GCA_013602835.1_ASM1360283v1,plasmid_novel_15ddd222522274deee0bea43c8fd5976,CP055724.1,GCA_013602835.1_ASM1360283v1_202109200955,2699,269821,272519
GCA_013602835.1_ASM1360283v1,plasmid_novel_15ddd222522274deee0bea43c8fd5976,CP055724.1,GCA_013602835.1_ASM1360283v1_202109200955,2699,33649,36347
GCA_013602835.1_ASM1360283v1,plasmid_novel_15ddd222522274deee0bea43c8fd5976,CP055724.1,GCA_013602835.1_ASM1360283v1_202109200955,2699,252068,254766
GCA_013602835.1_ASM1360283v1,plasmid_novel_15ddd222522274deee0bea43c8fd5976,CP055725.1,GCA_013602835.1_ASM1360283v1_202109200955,2699,85187,87885
GCA_013602835.1_ASM1360283v1,plasmid_novel_15ddd222522274deee0bea43c8fd5976,CP055725.1,GCA_013602835.1_ASM1360283v1_202109200955,2699,12174,14872
GCA_013731515.1_ASM1373151v1,plasmid_AA176,CP056304.1,GCA_013731515.1_ASM1373151v1_202109200955,1084,4095824,4096907
GCA_013731515.1_ASM1373151v1,plasmid_AA176,CP056305.1,GCA_013731515.1_ASM1373151v1_202109200955,1084,114166,115249
GCA_013819805.1_ASM1381980v1,plasmid_AA302,CP057224.1,GCA_013819805.1_ASM1381980v1_202109200955,1475,11528,13002
GCA_013819805.1_ASM1381980v1,plasmid_AA302,CP057223.1,GCA_013819805.1_ASM1381980v1_202109200955,1475,3825121,3826595
GCA_014168755.1_ASM1416875v1,plasmid_AA474,AP021948.1,GCA_014168755.1_ASM1416875v1_202109200955,2125,37707,39831
GCA_014168755.1_ASM1416875v1,plasmid_AA474,AP021947.1,GCA_014168755.1_ASM1416875v1_202109200955,2125,58592,60716
GCA_014168755.1_ASM1416875v1,plasmid_AA474,AP021946.1,GCA_014168755.1_ASM1416875v1_202109200955,2125,3822160,3824284
GCA_014168755.1_ASM1416875v1,plasmid_AA474,AP021946.1,GCA_014168755.1_ASM1416875v1_202109200955,2125,4600115,4602239
GCA_014168755.1_ASM1416875v1,plasmid_AA474,AP021947.1,GCA_014168755.1_ASM1416875v1_202109200955,2125,157853,159977
GCA_014168755.1_ASM1416875v1,plasmid_AA474,AP021946.1,GCA_014168755.1_ASM1416875v1_202109200955,1058,2629735,2630792
GCA_014168755.1_ASM1416875v1,plasmid_AA474,AP021946.1,GCA_014168755.1_ASM1416875v1_202109200955,1058,3523444,3524501
GCA_014168755.1_ASM1416875v1,plasmid_AA474,AP021946.1,GCA_014168755.1_ASM1416875v1_202109200955,1058,1077659,1078716
GCA_014168755.1_ASM1416875v1,plasmid_AA176,AP021946.1,GCA_014168755.1_ASM1416875v1_202109200955,1181,3739184,3740364
GCA_014168755.1_ASM1416875v1,plasmid_AA176,AP021946.1,GCA_014168755.1_ASM1416875v1_202109200955,1181,1927582,1928762
GCA_014168755.1_ASM1416875v1,plasmid_AA176,AP021947.1,GCA_014168755.1_ASM1416875v1_202109200955,1181,56046,57226
GCA_014168755.1_ASM1416875v1,plasmid_AA176,AP021946.1,GCA_014168755.1_ASM1416875v1_202109200955,1181,2535651,2536831
GCA_014168755.1_ASM1416875v1,plasmid_AA176,AP021946.1,GCA_014168755.1_ASM1416875v1_202109200955,1181,589174,590354
GCA_014168755.1_ASM1416875v1,plasmid_AA176,AP021946.1,GCA_014168755.1_ASM1416875v1_202109200955,1181,2800621,2801801
GCA_014168755.1_ASM1416875v1,plasmid_AA176,AP021946.1,GCA_014168755.1_ASM1416875v1_202109200955,1181,3820847,3822027
GCA_014168755.1_ASM1416875v1,plasmid_AA176,AP021946.1,GCA_014168755.1_ASM1416875v1_202109200955,1181,2808515,2809695
GCA_014168755.1_ASM1416875v1,plasmid_AA176,AP021947.1,GCA_014168755.1_ASM1416875v1_202109200955,1181,3028,4208
GCA_014168755.1_ASM1416875v1,plasmid_AA176,AP021946.1,GCA_014168755.1_ASM1416875v1_202109200955,1181,4553249,4554429
GCA_014168755.1_ASM1416875v1,plasmid_AA176,AP021947.1,GCA_014168755.1_ASM1416875v1_202109200955,1170,177006,178175
GCA_014168755.1_ASM1416875v1,plasmid_AA176,AP021947.1,GCA_014168755.1_ASM1416875v1_202109200955,1170,53875,55044
GCA_014168755.1_ASM1416875v1,plasmid_AA176,AP021947.1,GCA_014168755.1_ASM1416875v1_202109200955,1170,62011,63180
GCA_014168755.1_ASM1416875v1,plasmid_AA176,AP021946.1,GCA_014168755.1_ASM1416875v1_202109200955,1170,4573877,4575046
GCA_013797825.1_ASM1379782v1,plasmid_AA282,CP056903.1,GCA_013797825.1_ASM1379782v1_202109200955,2618,24994,27611
GCA_013797825.1_ASM1379782v1,plasmid_AA282,CP056903.1,GCA_013797825.1_ASM1379782v1_202109200955,2618,15485,18102
GCA_013797825.1_ASM1379782v1,plasmid_AA282,CP056902.1,GCA_013797825.1_ASM1379782v1_202109200955,1366,2102059,2103424
GCA_013797825.1_ASM1379782v1,plasmid_AA282,CP056903.1,GCA_013797825.1_ASM1379782v1_202109200955,1366,10045,11410
GCA_013797825.1_ASM1379782v1,plasmid_AA282,CP056904.1,GCA_013797825.1_ASM1379782v1_202109200955,1366,24886,26251
GCA_014131595.1_ASM1413159v1,plasmid_AA297,CP048866.1,GCA_014131595.1_ASM1413159v1_202109200955,2212,22949,25160
GCA_014131595.1_ASM1413159v1,plasmid_AA297,CP048866.1,GCA_014131595.1_ASM1413159v1_202109200955,2212,47375,49586
GCA_014131595.1_ASM1413159v1,plasmid_AA297,CP048866.1,GCA_014131595.1_ASM1413159v1_202109200955,2212,6531,8742
GCA_014131595.1_ASM1413159v1,plasmid_AA297,CP048865.1,GCA_014131595.1_ASM1413159v1_202109200955,2212,4260208,4262419
GCA_013802585.1_ASM1380258v1,plasmid_AB718,CP056998.1,GCA_013802585.1_ASM1380258v1_202109200955,1551,16574,18124
GCA_013802585.1_ASM1380258v1,plasmid_AB718,CP056998.1,GCA_013802585.1_ASM1380258v1_202109200955,1551,22062,23612
GCA_013802585.1_ASM1380258v1,plasmid_AB718,CP056999.1,GCA_013802585.1_ASM1380258v1_202109200955,1551,31761,33311
GCA_014169855.1_ASM1416985v1,plasmid_AA941,AP022287.1,GCA_014169855.1_ASM1416985v1_202109200955,1092,4058737,4059828
GCA_014169855.1_ASM1416985v1,plasmid_AA941,AP022287.1,GCA_014169855.1_ASM1416985v1_202109200955,1092,3175169,3176260
GCA_014169855.1_ASM1416985v1,plasmid_AA941,AP022287.1,GCA_014169855.1_ASM1416985v1_202109200955,1092,2935496,2936587
GCA_014169855.1_ASM1416985v1,plasmid_AA941,AP022287.1,GCA_014169855.1_ASM1416985v1_202109200955,1092,2658964,2660055
GCA_014169855.1_ASM1416985v1,plasmid_AA941,AP022287.1,GCA_014169855.1_ASM1416985v1_202109200955,1092,4720478,4721569
GCA_014169855.1_ASM1416985v1,plasmid_AA941,AP022287.1,GCA_014169855.1_ASM1416985v1_202109200955,1092,287917,289008
GCA_014169855.1_ASM1416985v1,plasmid_AA941,AP022287.1,GCA_014169855.1_ASM1416985v1_202109200955,1092,3851108,3852199
GCA_014169855.1_ASM1416985v1,plasmid_AA941,AP022287.1,GCA_014169855.1_ASM1416985v1_202109200955,1092,2955631,2956722
GCA_014169855.1_ASM1416985v1,plasmid_AA941,AP022287.1,GCA_014169855.1_ASM1416985v1_202109200955,1092,769673,770764
GCA_014169855.1_ASM1416985v1,plasmid_AA941,AP022288.1,GCA_014169855.1_ASM1416985v1_202109200955,1092,110323,111414
GCA_014169855.1_ASM1416985v1,plasmid_AA941,AP022287.1,GCA_014169855.1_ASM1416985v1_202109200955,1092,1259351,1260442
GCA_014169855.1_ASM1416985v1,plasmid_AA941,AP022287.1,GCA_014169855.1_ASM1416985v1_202109200955,1092,4541518,4542609
GCA_014169855.1_ASM1416985v1,plasmid_AA941,AP022287.1,GCA_014169855.1_ASM1416985v1_202109200955,1092,3158449,3159540
GCA_013746875.1_ASM1374687v1,plasmid_AA044,CP056396.1,GCA_013746875.1_ASM1374687v1_202109200955,2455,2146051,2148505
GCA_013746875.1_ASM1374687v1,plasmid_AA044,CP056396.1,GCA_013746875.1_ASM1374687v1_202109200955,2455,1214659,1217113
GCA_013795545.1_ASM1379554v1,plasmid_AA173,CP056870.1,GCA_013795545.1_ASM1379554v1_202109200955,1368,1947894,1949261
GCA_013795545.1_ASM1379554v1,plasmid_AA173,CP056871.1,GCA_013795545.1_ASM1379554v1_202109200955,1368,88886,90253
GCA_013795545.1_ASM1379554v1,plasmid_AA336,CP056871.1,GCA_013795545.1_ASM1379554v1_202109200955,2345,52514,54858
GCA_013795545.1_ASM1379554v1,plasmid_AA336,CP056872.1,GCA_013795545.1_ASM1379554v1_202109200955,2345,19872,22216
GCA_013795545.1_ASM1379554v1,plasmid_AA336,CP056870.1,GCA_013795545.1_ASM1379554v1_202109200955,2345,2501717,2504061
GCA_013795545.1_ASM1379554v1,plasmid_AA336,CP056871.1,GCA_013795545.1_ASM1379554v1_202109200955,2345,62594,64938
GCA_013795545.1_ASM1379554v1,plasmid_AA336,CP056871.1,GCA_013795545.1_ASM1379554v1_202109200955,2345,68265,70609
GCA_014169615.1_ASM1416961v1,plasmid_AA282,AP022222.1,GCA_014169615.1_ASM1416961v1_202109200955,1310,1979981,1981290
GCA_014169615.1_ASM1416961v1,plasmid_AA282,AP022222.1,GCA_014169615.1_ASM1416961v1_202109200955,1310,854988,856297
GCA_014169615.1_ASM1416961v1,plasmid_AA324,AP022223.1,GCA_014169615.1_ASM1416961v1_202109200955,1331,38778,40108
GCA_014169615.1_ASM1416961v1,plasmid_AA324,AP022223.1,GCA_014169615.1_ASM1416961v1_202109200955,1331,17642,18972
GCA_014169615.1_ASM1416961v1,plasmid_AA336,AP022223.1,GCA_014169615.1_ASM1416961v1_202109200955,3943,70707,74649
GCA_014169615.1_ASM1416961v1,plasmid_AA336,AP022225.1,GCA_014169615.1_ASM1416961v1_202109200955,3933,26873,30805
GCA_014169615.1_ASM1416961v1,plasmid_AA336,AP022223.1,GCA_014169615.1_ASM1416961v1_202109200955,1330,98085,99414
GCA_014169615.1_ASM1416961v1,plasmid_AA336,AP022225.1,GCA_014169615.1_ASM1416961v1_202109200955,1330,56472,57801
GCA_014109085.1_ASM1410908v1,plasmid_AA179,CP058072.1,GCA_014109085.1_ASM1410908v1_202109200955,2455,1900303,1902757
GCA_014109085.1_ASM1410908v1,plasmid_AA179,CP058072.1,GCA_014109085.1_ASM1410908v1_202109200955,2455,4819983,4822437
GCA_014169015.1_ASM1416901v1,plasmid_AA337,AP022045.1,GCA_014169015.1_ASM1416901v1_202109200955,2505,63537,66041
GCA_014169015.1_ASM1416901v1,plasmid_AA337,AP022044.1,GCA_014169015.1_ASM1416901v1_202109200955,2505,4806191,4808695
GCA_014169015.1_ASM1416901v1,plasmid_AA337,AP022045.1,GCA_014169015.1_ASM1416901v1_202109200955,1480,89867,91346
GCA_014169015.1_ASM1416901v1,plasmid_AA337,AP022045.1,GCA_014169015.1_ASM1416901v1_202109200955,1479,102194,103672
GCA_014169015.1_ASM1416901v1,plasmid_AA337,AP022044.1,GCA_014169015.1_ASM1416901v1_202109200955,1195,4343544,4344738
GCA_014169015.1_ASM1416901v1,plasmid_AA337,AP022045.1,GCA_014169015.1_ASM1416901v1_202109200955,1195,124555,125749
GCA_014169015.1_ASM1416901v1,plasmid_AC434,AP022045.1,GCA_014169015.1_ASM1416901v1_202109200955,2430,2688,5117
GCA_014169015.1_ASM1416901v1,plasmid_AC434,AP022045.1,GCA_014169015.1_ASM1416901v1_202109200955,2430,145541,147970
GCA_014169015.1_ASM1416901v1,plasmid_AC434,AP022045.1,GCA_014169015.1_ASM1416901v1_202109200955,2429,12262,14690
