GCA_003367885.1_ASM336788v1,CP031214.1,4599824,chromosome
GCA_004804205.1_ASM480420v1,CP039403.1,4702395,chromosome
GCA_008124405.1_ASM812440v1,CP043213.1,4698238,chromosome
GCA_008275005.1_ASM827500v1,CP041988.1,3976181,chromosome
GCA_008275105.1_ASM827510v1,CP041993.1,3989699,chromosome
GCA_011843745.2_ASM1184374v2,CP058231.1,5457341,chromosome
GCA_011843745.2_ASM1184374v2,CP058232.1,94605,plasmid
GCA_011849985.2_ASM1184998v2,CP058233.1,5505066,chromosome
GCA_011849985.2_ASM1184998v2,CP058234.1,94600,plasmid
GCA_012849755.1_ASM1284975v1,CP051631.1,5391339,chromosome
GCA_012849755.1_ASM1284975v1,CP051632.1,81965,plasmid
GCA_013394575.1_ASM1339457v1,CP053079.1,5140708,chromosome
GCA_013592195.1_ASM1359219v1,CP055624.1,5252206,chromosome
GCA_013592195.1_ASM1359219v1,CP055625.1,119408,plasmid
GCA_013592195.1_ASM1359219v1,CP055626.1,94171,plasmid
GCA_013592195.1_ASM1359219v1,CP055627.1,92689,plasmid
GCA_013592195.1_ASM1359219v1,CP055628.1,46125,plasmid
GCA_013592195.1_ASM1359219v1,CP055629.1,3125,plasmid
GCA_013592195.1_ASM1359219v1,CP055630.1,1348,plasmid
GCA_013601135.1_ASM1360113v1,CP055713.1,5083535,chromosome
GCA_013601135.1_ASM1360113v1,CP055714.1,72254,plasmid
GCA_013601135.1_ASM1360113v1,CP055715.1,37616,plasmid
GCA_013601135.1_ASM1360113v1,CP055716.1,6809,plasmid
GCA_013601135.1_ASM1360113v1,CP055717.1,1611,plasmid
GCA_013602835.1_ASM1360283v1,CP055724.1,5006643,chromosome
GCA_013602835.1_ASM1360283v1,CP055734.1,2848,plasmid
GCA_013602835.1_ASM1360283v1,CP055735.1,2275,plasmid
GCA_013602835.1_ASM1360283v1,CP055725.1,92722,plasmid
GCA_013602835.1_ASM1360283v1,CP055726.1,55974,plasmid
GCA_013602835.1_ASM1360283v1,CP055727.1,6988,plasmid
GCA_013602835.1_ASM1360283v1,CP055728.1,6746,plasmid
GCA_013602835.1_ASM1360283v1,CP055729.1,4973,plasmid
GCA_013602835.1_ASM1360283v1,CP055730.1,4286,plasmid
GCA_013602835.1_ASM1360283v1,CP055731.1,3605,plasmid
GCA_013602835.1_ASM1360283v1,CP055732.1,3142,plasmid
GCA_013602835.1_ASM1360283v1,CP055733.1,3136,plasmid
GCA_013725375.1_ASM1372537v1,CP056237.1,4818203,chromosome
GCA_013725775.1_ASM1372577v1,CP056242.1,4789582,chromosome
GCA_013725775.1_ASM1372577v1,CP056243.1,108567,plasmid
GCA_013726815.1_ASM1372681v1,CP056248.1,4885933,chromosome
GCA_013727075.1_ASM1372707v1,CP056249.1,4620751,chromosome
GCA_013727075.1_ASM1372707v1,CP056250.1,112626,plasmid
GCA_013727815.1_ASM1372781v1,CP056263.1,4985169,chromosome
GCA_013727815.1_ASM1372781v1,CP056264.1,77336,plasmid
GCA_013727815.1_ASM1372781v1,CP056265.1,57094,plasmid
GCA_013727815.1_ASM1372781v1,CP056266.1,7939,plasmid
GCA_013728735.1_ASM1372873v1,CP056273.1,5327530,chromosome
GCA_013728735.1_ASM1372873v1,CP056274.1,139002,plasmid
GCA_013729295.1_ASM1372929v1,CP056278.1,4829688,chromosome
GCA_013729295.1_ASM1372929v1,CP056279.1,59864,plasmid
GCA_013729295.1_ASM1372929v1,CP056280.1,52530,plasmid
GCA_013729295.1_ASM1372929v1,CP056281.1,4074,plasmid
GCA_013729535.1_ASM1372953v1,CP056282.1,5267817,chromosome
GCA_013729535.1_ASM1372953v1,CP056283.1,97488,plasmid
GCA_013730915.1_ASM1373091v1,CP056299.1,4812696,chromosome
GCA_013730915.1_ASM1373091v1,CP056300.1,110291,plasmid
GCA_013731515.1_ASM1373151v1,CP056304.1,5208709,chromosome
GCA_013731515.1_ASM1373151v1,CP056305.1,131482,plasmid
GCA_013731515.1_ASM1373151v1,CP056306.1,4074,plasmid
GCA_013732175.1_ASM1373217v1,CP056315.1,5133535,chromosome
GCA_013732175.1_ASM1373217v1,CP056316.1,88905,plasmid
GCA_013732175.1_ASM1373217v1,CP056317.1,55918,plasmid
GCA_013732175.1_ASM1373217v1,CP056318.1,5716,plasmid
GCA_013732175.1_ASM1373217v1,CP056319.1,5444,plasmid
GCA_013732175.1_ASM1373217v1,CP056320.1,4084,plasmid
GCA_013735655.1_ASM1373565v1,CP056412.1,5121078,chromosome
GCA_013735655.1_ASM1373565v1,CP056413.1,187726,plasmid
GCA_013735655.1_ASM1373565v1,CP056414.1,13243,plasmid
GCA_013735655.1_ASM1373565v1,CP056415.1,4566,plasmid
GCA_013735655.1_ASM1373565v1,CP056416.1,4161,plasmid
GCA_013735655.1_ASM1373565v1,CP056417.1,2353,plasmid
GCA_013739975.1_ASM1373997v1,CP056404.1,4649154,chromosome
GCA_013739975.1_ASM1373997v1,CP056405.1,68855,plasmid
GCA_013739975.1_ASM1373997v1,CP056406.1,7461,plasmid
GCA_013739975.1_ASM1373997v1,CP056407.1,2524,plasmid
GCA_013739975.1_ASM1373997v1,CP056408.1,2089,plasmid
GCA_013740395.1_ASM1374039v1,CP056446.1,4895183,chromosome
GCA_013740395.1_ASM1374039v1,CP056447.1,93941,plasmid
GCA_013740395.1_ASM1374039v1,CP056448.1,57093,plasmid
GCA_013740395.1_ASM1374039v1,CP056449.1,6200,plasmid
GCA_013740395.1_ASM1374039v1,CP056450.1,4197,plasmid
GCA_013741635.1_ASM1374163v1,CP056598.1,5073815,chromosome
GCA_013741635.1_ASM1374163v1,CP056599.1,124230,plasmid
GCA_013741635.1_ASM1374163v1,CP056600.1,93526,plasmid
GCA_013741635.1_ASM1374163v1,CP056601.1,7939,plasmid
GCA_013741635.1_ASM1374163v1,CP056602.1,4072,plasmid
GCA_013741635.1_ASM1374163v1,CP056603.1,1552,plasmid
GCA_013741855.1_ASM1374185v1,CP056608.1,5235702,chromosome
GCA_013741855.1_ASM1374185v1,CP056609.1,146435,plasmid
GCA_013741855.1_ASM1374185v1,CP056610.1,97721,plasmid
GCA_013741855.1_ASM1374185v1,CP056611.1,4072,plasmid
GCA_013741855.1_ASM1374185v1,CP056612.1,1565,plasmid
GCA_013742135.1_ASM1374213v1,CP056613.1,5234152,chromosome
GCA_013742135.1_ASM1374213v1,CP056614.1,146436,plasmid
GCA_013742135.1_ASM1374213v1,CP056615.1,97721,plasmid
GCA_013742135.1_ASM1374213v1,CP056616.1,4072,plasmid
GCA_013742135.1_ASM1374213v1,CP056617.1,1565,plasmid
GCA_013742835.1_ASM1374283v1,CP056625.1,4945124,chromosome
GCA_013742835.1_ASM1374283v1,CP056626.1,153071,plasmid
GCA_013742835.1_ASM1374283v1,CP056627.1,128439,plasmid
GCA_013742835.1_ASM1374283v1,CP056628.1,4075,plasmid
GCA_013742835.1_ASM1374283v1,CP056629.1,4018,plasmid
GCA_013742835.1_ASM1374283v1,CP056630.1,1917,plasmid
GCA_013742835.1_ASM1374283v1,CP056631.1,1610,plasmid
GCA_013744185.1_ASM1374418v1,CP056655.1,4759142,chromosome
GCA_013744185.1_ASM1374418v1,CP056656.1,116506,plasmid
GCA_013744185.1_ASM1374418v1,CP056657.1,4401,plasmid
GCA_013744185.1_ASM1374418v1,CP056658.1,4315,plasmid
GCA_013744185.1_ASM1374418v1,CP056659.1,4161,plasmid
GCA_013744185.1_ASM1374418v1,CP056660.1,3675,plasmid
GCA_013744185.1_ASM1374418v1,CP056661.1,2865,plasmid
GCA_013745955.1_ASM1374595v1,CP056357.1,5000456,chromosome
GCA_013745955.1_ASM1374595v1,CP056358.1,119656,plasmid
GCA_013745955.1_ASM1374595v1,CP056359.1,4116,plasmid
GCA_013745955.1_ASM1374595v1,CP056360.1,4073,plasmid
GCA_013746875.1_ASM1374687v1,CP056396.1,5139794,chromosome
GCA_013746875.1_ASM1374687v1,CP056397.1,7536,plasmid
GCA_013746875.1_ASM1374687v1,CP056398.1,2292,plasmid
GCA_013748455.1_ASM1374845v1,CP056470.1,5242496,chromosome
GCA_013748455.1_ASM1374845v1,CP056471.1,109013,plasmid
GCA_013748455.1_ASM1374845v1,CP056472.1,72712,plasmid
GCA_013748665.1_ASM1374866v1,CP056492.1,5244754,chromosome
GCA_013748665.1_ASM1374866v1,CP056493.1,77183,plasmid
GCA_013748665.1_ASM1374866v1,CP056494.1,74158,plasmid
GCA_013749295.1_ASM1374929v1,CP056524.1,5211183,chromosome
GCA_013749295.1_ASM1374929v1,CP056525.1,132310,plasmid
GCA_013749295.1_ASM1374929v1,CP056526.1,4074,plasmid
GCA_013749975.1_ASM1374997v1,CP056556.1,5326610,chromosome
GCA_013749975.1_ASM1374997v1,CP056557.1,107875,plasmid
GCA_013749975.1_ASM1374997v1,CP056558.1,75959,plasmid
GCA_013750375.1_ASM1375037v1,CP056565.1,4818714,chromosome
GCA_013750375.1_ASM1375037v1,CP056566.1,13429,plasmid
GCA_013750815.1_ASM1375081v1,CP056569.1,5206754,chromosome
GCA_013750815.1_ASM1375081v1,CP056570.1,114257,plasmid
GCA_013750815.1_ASM1375081v1,CP056571.1,78143,plasmid
GCA_013750815.1_ASM1375081v1,CP056572.1,39529,plasmid
GCA_013751495.1_ASM1375149v1,CP056584.1,4825466,chromosome
GCA_013751495.1_ASM1375149v1,CP056585.1,149874,plasmid
GCA_013752075.1_ASM1375207v1,CP056604.1,5114578,chromosome
GCA_013752075.1_ASM1375207v1,CP056605.1,118906,plasmid
GCA_013752075.1_ASM1375207v1,CP056606.1,108784,plasmid
GCA_013752075.1_ASM1375207v1,CP056607.1,87886,plasmid
GCA_013752295.1_ASM1375229v1,CP056618.1,4769572,chromosome
GCA_013752295.1_ASM1375229v1,CP056619.1,110691,plasmid
GCA_013782445.1_ASM1378244v1,CP056190.1,5201279,chromosome
GCA_013783465.1_ASM1378346v1,CP056348.1,4788290,chromosome
GCA_013783465.1_ASM1378346v1,CP056349.1,83612,plasmid
GCA_013783685.1_ASM1378368v1,CP056355.1,4787975,chromosome
GCA_013783685.1_ASM1378368v1,CP056356.1,146879,plasmid
GCA_013783905.1_ASM1378390v1,CP056370.1,5133694,chromosome
GCA_013783905.1_ASM1378390v1,CP056371.1,118132,plasmid
GCA_013784085.1_ASM1378408v1,CP056392.1,4722101,chromosome
GCA_013785265.1_ASM1378526v1,CP056481.1,5363851,chromosome
GCA_013785265.1_ASM1378526v1,CP056482.1,1887,plasmid
GCA_013785665.1_ASM1378566v1,CP056564.1,4844929,chromosome
GCA_013786125.1_ASM1378612v1,CP056620.1,4946750,chromosome
GCA_013786125.1_ASM1378612v1,CP056621.1,96659,plasmid
GCA_013786165.1_ASM1378616v1,CP056632.1,4862932,chromosome
GCA_013786165.1_ASM1378616v1,CP056633.1,7462,plasmid
GCA_013786165.1_ASM1378616v1,CP056634.1,4072,plasmid
GCA_013789905.1_ASM1378990v1,CP056786.1,4790247,chromosome
GCA_013789905.1_ASM1378990v1,CP056787.1,167752,plasmid
GCA_013789905.1_ASM1378990v1,CP056788.1,111310,plasmid
GCA_013789905.1_ASM1378990v1,CP056789.1,12602,plasmid
GCA_013789905.1_ASM1378990v1,CP056790.1,3133,plasmid
GCA_013789905.1_ASM1378990v1,CP056791.1,2088,plasmid
GCA_013789905.1_ASM1378990v1,CP056792.1,1976,plasmid
GCA_013789905.1_ASM1378990v1,CP056793.1,1551,plasmid
GCA_013790145.1_ASM1379014v1,CP056794.1,5002359,chromosome
GCA_013790145.1_ASM1379014v1,CP056795.1,201308,plasmid
GCA_013790145.1_ASM1379014v1,CP056796.1,93185,plasmid
GCA_013790145.1_ASM1379014v1,CP056797.1,92191,plasmid
GCA_013790145.1_ASM1379014v1,CP056798.1,69063,plasmid
GCA_013790145.1_ASM1379014v1,CP056799.1,41391,plasmid
GCA_013790245.1_ASM1379024v1,CP056800.1,5237504,chromosome
GCA_013790245.1_ASM1379024v1,CP056801.1,114414,plasmid
GCA_013790245.1_ASM1379024v1,CP056802.1,79649,plasmid
GCA_013790245.1_ASM1379024v1,CP056803.1,76107,plasmid
GCA_013790245.1_ASM1379024v1,CP056804.1,5210,plasmid
GCA_013790245.1_ASM1379024v1,CP056805.1,5165,plasmid
GCA_013790245.1_ASM1379024v1,CP056806.1,1976,plasmid
GCA_013790245.1_ASM1379024v1,CP056807.1,1549,plasmid
GCA_013790245.1_ASM1379024v1,CP056808.1,1506,plasmid
GCA_013790285.1_ASM1379028v1,CP056810.1,4746281,chromosome
GCA_013790285.1_ASM1379028v1,CP056811.1,133729,plasmid
GCA_013790285.1_ASM1379028v1,CP056812.1,36596,plasmid
GCA_013790285.1_ASM1379028v1,CP056813.1,3792,plasmid
GCA_013790285.1_ASM1379028v1,CP056814.1,2150,plasmid
GCA_013790285.1_ASM1379028v1,CP056815.1,1474,plasmid
GCA_013790405.1_ASM1379040v1,CP056816.1,5279096,chromosome
GCA_013790405.1_ASM1379040v1,CP056817.1,85970,plasmid
GCA_013790405.1_ASM1379040v1,CP056818.1,84644,plasmid
GCA_013790405.1_ASM1379040v1,CP056819.1,77307,plasmid
GCA_013790405.1_ASM1379040v1,CP056820.1,36067,plasmid
GCA_013791815.1_ASM1379181v1,CP056846.1,4725467,chromosome
GCA_013791815.1_ASM1379181v1,CP056847.1,151959,plasmid
GCA_013791815.1_ASM1379181v1,CP056848.1,4263,plasmid
GCA_013791815.1_ASM1379181v1,CP056849.1,4195,plasmid
GCA_013791985.1_ASM1379198v1,CP056842.1,4558474,chromosome
GCA_013791985.1_ASM1379198v1,CP056843.1,111550,plasmid
GCA_013791985.1_ASM1379198v1,CP056844.1,87144,plasmid
GCA_013791985.1_ASM1379198v1,CP056845.1,46419,plasmid
GCA_013795065.1_ASM1379506v1,CP056865.1,5059241,chromosome
GCA_013795065.1_ASM1379506v1,CP056866.1,44310,plasmid
GCA_013795285.1_ASM1379528v1,CP056867.1,5074010,chromosome
GCA_013795285.1_ASM1379528v1,CP056868.1,151919,plasmid
GCA_013795285.1_ASM1379528v1,CP056869.1,2181,plasmid
GCA_013795545.1_ASM1379554v1,CP056870.1,5248010,chromosome
GCA_013795545.1_ASM1379554v1,CP056871.1,92934,plasmid
GCA_013795545.1_ASM1379554v1,CP056872.1,72712,plasmid
GCA_013795795.1_ASM1379579v1,CP056873.1,5242468,chromosome
GCA_013795795.1_ASM1379579v1,CP056874.1,92934,plasmid
GCA_013795795.1_ASM1379579v1,CP056875.1,75466,plasmid
GCA_013796065.1_ASM1379606v1,CP056876.1,5206684,chromosome
GCA_013796065.1_ASM1379606v1,CP056877.1,157437,plasmid
GCA_013797045.1_ASM1379704v1,CP056894.1,4823688,chromosome
GCA_013797045.1_ASM1379704v1,CP056895.1,98203,plasmid
GCA_013797825.1_ASM1379782v1,CP056902.1,5190770,chromosome
GCA_013797825.1_ASM1379782v1,CP056903.1,143282,plasmid
GCA_013797825.1_ASM1379782v1,CP056904.1,97730,plasmid
GCA_013797825.1_ASM1379782v1,CP056905.1,4072,plasmid
GCA_013797825.1_ASM1379782v1,CP056906.1,1565,plasmid
GCA_013798625.1_ASM1379862v1,CP056914.1,5025981,chromosome
GCA_013798625.1_ASM1379862v1,CP056915.1,143134,plasmid
GCA_013799025.1_ASM1379902v1,CP056920.1,4722117,chromosome
GCA_013801205.1_ASM1380120v1,CP056955.1,4787868,chromosome
GCA_013801205.1_ASM1380120v1,CP056956.1,150657,plasmid
GCA_013801205.1_ASM1380120v1,CP056957.1,7941,plasmid
GCA_013801205.1_ASM1380120v1,CP056958.1,6715,plasmid
GCA_013801205.1_ASM1380120v1,CP056959.1,4593,plasmid
GCA_013801205.1_ASM1380120v1,CP056960.1,4073,plasmid
GCA_013802065.1_ASM1380206v1,CP056974.1,4862435,chromosome
GCA_013802065.1_ASM1380206v1,CP056983.1,1565,plasmid
GCA_013802065.1_ASM1380206v1,CP056984.1,1552,plasmid
GCA_013802065.1_ASM1380206v1,CP056975.1,94957,plasmid
GCA_013802065.1_ASM1380206v1,CP056976.1,90751,plasmid
GCA_013802065.1_ASM1380206v1,CP056977.1,89222,plasmid
GCA_013802065.1_ASM1380206v1,CP056978.1,51984,plasmid
GCA_013802065.1_ASM1380206v1,CP056979.1,4072,plasmid
GCA_013802065.1_ASM1380206v1,CP056980.1,4018,plasmid
GCA_013802065.1_ASM1380206v1,CP056981.1,3751,plasmid
GCA_013802065.1_ASM1380206v1,CP056982.1,2601,plasmid
GCA_013802585.1_ASM1380258v1,CP056997.1,4482186,chromosome
GCA_013802585.1_ASM1380258v1,CP056998.1,50161,plasmid
GCA_013802585.1_ASM1380258v1,CP056999.1,44007,plasmid
GCA_013802585.1_ASM1380258v1,CP057000.1,8136,plasmid
GCA_013802585.1_ASM1380258v1,CP057001.1,2460,plasmid
GCA_013803745.1_ASM1380374v1,CP057012.1,4877231,chromosome
GCA_013803745.1_ASM1380374v1,CP057013.1,89908,plasmid
GCA_013803905.1_ASM1380390v1,CP057016.1,4877231,chromosome
GCA_013803905.1_ASM1380390v1,CP057017.1,89908,plasmid
GCA_013804065.1_ASM1380406v1,CP057014.1,4877231,chromosome
GCA_013804065.1_ASM1380406v1,CP057015.1,89908,plasmid
GCA_013804445.1_ASM1380444v1,CP057020.1,5065761,chromosome
GCA_013804445.1_ASM1380444v1,CP057021.1,54502,plasmid
GCA_013804645.1_ASM1380464v1,CP057022.1,4877229,chromosome
GCA_013804645.1_ASM1380464v1,CP057023.1,89908,plasmid
GCA_013805505.1_ASM1380550v1,CP057031.1,5053671,chromosome
GCA_013805505.1_ASM1380550v1,CP057032.1,62375,plasmid
GCA_013805505.1_ASM1380550v1,CP057033.1,55483,plasmid
GCA_013806085.1_ASM1380608v1,CP057045.1,4973716,chromosome
GCA_013806085.1_ASM1380608v1,CP057046.1,129449,plasmid
GCA_013806085.1_ASM1380608v1,CP057047.1,93415,plasmid
GCA_013806085.1_ASM1380608v1,CP057048.1,38481,plasmid
GCA_013806085.1_ASM1380608v1,CP057049.1,4671,plasmid
GCA_013806525.1_ASM1380652v1,CP057050.1,4973716,chromosome
GCA_013806525.1_ASM1380652v1,CP057051.1,129449,plasmid
GCA_013806525.1_ASM1380652v1,CP057052.1,93415,plasmid
GCA_013806525.1_ASM1380652v1,CP057053.1,38481,plasmid
GCA_013806525.1_ASM1380652v1,CP057054.1,4671,plasmid
GCA_013806725.1_ASM1380672v1,CP057055.1,4670886,chromosome
GCA_013806725.1_ASM1380672v1,CP057056.1,96046,plasmid
GCA_013812015.1_ASM1381201v1,CP057072.1,4678877,chromosome
GCA_013812015.1_ASM1381201v1,CP057073.1,137565,plasmid
GCA_013812015.1_ASM1381201v1,CP057074.1,4145,plasmid
GCA_013812225.1_ASM1381222v1,CP057075.1,5354666,chromosome
GCA_013812225.1_ASM1381222v1,CP057084.1,1948,plasmid
GCA_013812225.1_ASM1381222v1,CP057076.1,123830,plasmid
GCA_013812225.1_ASM1381222v1,CP057077.1,51116,plasmid
GCA_013812225.1_ASM1381222v1,CP057078.1,50516,plasmid
GCA_013812225.1_ASM1381222v1,CP057079.1,27257,plasmid
GCA_013812225.1_ASM1381222v1,CP057080.1,5973,plasmid
GCA_013812225.1_ASM1381222v1,CP057081.1,5552,plasmid
GCA_013812225.1_ASM1381222v1,CP057082.1,4678,plasmid
GCA_013812225.1_ASM1381222v1,CP057083.1,3702,plasmid
GCA_013812575.1_ASM1381257v1,CP057087.1,5075521,chromosome
GCA_013812575.1_ASM1381257v1,CP057088.1,140512,plasmid
GCA_013812575.1_ASM1381257v1,CP057089.1,45753,plasmid
GCA_013813585.1_ASM1381358v1,CP057109.1,5027884,chromosome
GCA_013813585.1_ASM1381358v1,CP057110.1,106811,plasmid
GCA_013813585.1_ASM1381358v1,CP057111.1,5686,plasmid
GCA_013815235.1_ASM1381523v1,CP057133.1,5012032,chromosome
GCA_013815235.1_ASM1381523v1,CP057134.1,136933,plasmid
GCA_013815235.1_ASM1381523v1,CP057135.1,100897,plasmid
GCA_013815445.1_ASM1381544v1,CP057137.1,4891275,chromosome
GCA_013815445.1_ASM1381544v1,CP057138.1,86321,plasmid
GCA_013815865.1_ASM1381586v1,CP057139.1,4878366,chromosome
GCA_013815865.1_ASM1381586v1,CP057140.1,105018,plasmid
GCA_013816045.1_ASM1381604v1,CP057141.1,4938104,chromosome
GCA_013816045.1_ASM1381604v1,CP057142.1,89539,plasmid
GCA_013816045.1_ASM1381604v1,CP057143.1,4821,plasmid
GCA_013818265.1_ASM1381826v1,CP057171.1,4644015,chromosome
GCA_013818265.1_ASM1381826v1,CP057172.1,94854,plasmid
GCA_013818685.1_ASM1381868v1,CP057175.1,4741744,chromosome
GCA_013819805.1_ASM1381980v1,CP057223.1,4892008,chromosome
GCA_013819805.1_ASM1381980v1,CP057224.1,102840,plasmid
GCA_013819985.1_ASM1381998v1,CP057225.1,4793967,chromosome
GCA_013819985.1_ASM1381998v1,CP057226.1,143708,plasmid
GCA_013819985.1_ASM1381998v1,CP057227.1,6760,plasmid
GCA_013819985.1_ASM1381998v1,CP057228.1,2590,plasmid
GCA_013821185.1_ASM1382118v1,CP057250.1,4935620,chromosome
GCA_013821185.1_ASM1382118v1,CP057251.1,110652,plasmid
GCA_013821185.1_ASM1382118v1,CP057252.1,109291,plasmid
GCA_013821185.1_ASM1382118v1,CP057253.1,4671,plasmid
GCA_013821835.1_ASM1382183v1,CP057259.1,4679472,chromosome
GCA_013821835.1_ASM1382183v1,CP057260.1,93611,plasmid
GCA_013821835.1_ASM1382183v1,CP057261.1,5101,plasmid
GCA_013822325.1_ASM1382232v1,CP057270.1,4760456,chromosome
GCA_013822325.1_ASM1382232v1,CP057271.1,221223,plasmid
GCA_013822325.1_ASM1382232v1,CP057272.1,5569,plasmid
GCA_013822575.1_ASM1382257v1,CP057276.1,4721910,chromosome
GCA_013822575.1_ASM1382257v1,CP057277.1,221169,plasmid
GCA_013822575.1_ASM1382257v1,CP057278.1,84509,plasmid
GCA_013822575.1_ASM1382257v1,CP057279.1,5101,plasmid
GCA_013822575.1_ASM1382257v1,CP057280.1,4044,plasmid
GCA_013823335.1_ASM1382333v1,CP057178.1,4848005,chromosome
GCA_013823335.1_ASM1382333v1,CP057179.1,73399,plasmid
GCA_013823335.1_ASM1382333v1,CP057180.1,54517,plasmid
GCA_013823335.1_ASM1382333v1,CP057181.1,2974,plasmid
GCA_013823335.1_ASM1382333v1,CP057182.1,2519,plasmid
GCA_013823335.1_ASM1382333v1,CP057183.1,1603,plasmid
GCA_013823335.1_ASM1382333v1,CP057184.1,1552,plasmid
GCA_013823865.1_ASM1382386v1,CP057188.1,5079129,chromosome
GCA_013823865.1_ASM1382386v1,CP057189.1,1551,plasmid
GCA_013823975.1_ASM1382397v1,CP057190.1,5030467,chromosome
GCA_013823975.1_ASM1382397v1,CP057191.1,102988,plasmid
GCA_013824345.1_ASM1382434v1,CP057194.1,5026852,chromosome
GCA_013824345.1_ASM1382434v1,CP057195.1,115217,plasmid
GCA_013824345.1_ASM1382434v1,CP057196.1,77708,plasmid
GCA_013824345.1_ASM1382434v1,CP057197.1,7329,plasmid
GCA_013824345.1_ASM1382434v1,CP057198.1,6275,plasmid
GCA_013824345.1_ASM1382434v1,CP057199.1,3782,plasmid
GCA_013824985.1_ASM1382498v1,CP057287.1,4935501,chromosome
GCA_013824985.1_ASM1382498v1,CP057288.1,196445,plasmid
GCA_013824985.1_ASM1382498v1,CP057289.1,85551,plasmid
GCA_013824985.1_ASM1382498v1,CP057290.1,44632,plasmid
GCA_013824985.1_ASM1382498v1,CP057291.1,5128,plasmid
GCA_013824985.1_ASM1382498v1,CP057292.1,3126,plasmid
GCA_013825245.1_ASM1382524v1,CP057293.1,5167871,chromosome
GCA_013825245.1_ASM1382524v1,CP057294.1,120503,plasmid
GCA_013825245.1_ASM1382524v1,CP057295.1,111016,plasmid
GCA_013825245.1_ASM1382524v1,CP057296.1,107564,plasmid
GCA_013825245.1_ASM1382524v1,CP057297.1,71653,plasmid
GCA_013825245.1_ASM1382524v1,CP057298.1,7592,plasmid
GCA_013825245.1_ASM1382524v1,CP057299.1,6507,plasmid
GCA_013825245.1_ASM1382524v1,CP057300.1,5962,plasmid
GCA_013825245.1_ASM1382524v1,CP057301.1,5775,plasmid
GCA_013827205.1_ASM1382720v1,CP057336.1,4959026,chromosome
GCA_013827205.1_ASM1382720v1,CP057337.1,9653,plasmid
GCA_013827205.1_ASM1382720v1,CP057338.1,6930,plasmid
GCA_013827205.1_ASM1382720v1,CP057339.1,1551,plasmid
GCA_013827445.1_ASM1382744v1,CP057342.1,5124691,chromosome
GCA_013827445.1_ASM1382744v1,CP057343.1,119787,plasmid
GCA_013827685.1_ASM1382768v1,CP057340.1,5124674,chromosome
GCA_013827685.1_ASM1382768v1,CP057341.1,119787,plasmid
GCA_013828065.1_ASM1382806v1,CP057347.1,5124687,chromosome
GCA_013828065.1_ASM1382806v1,CP057348.1,119787,plasmid
GCA_013828415.1_ASM1382841v1,CP057349.1,4959026,chromosome
GCA_013828415.1_ASM1382841v1,CP057350.1,9653,plasmid
GCA_013828415.1_ASM1382841v1,CP057351.1,6930,plasmid
GCA_013828415.1_ASM1382841v1,CP057352.1,1551,plasmid
GCA_013829445.1_ASM1382944v1,CP057368.1,4743602,chromosome
GCA_013829445.1_ASM1382944v1,CP057369.1,151320,plasmid
GCA_013829445.1_ASM1382944v1,CP057370.1,44527,plasmid
GCA_013829905.1_ASM1382990v1,CP057378.1,4747483,chromosome
GCA_013829905.1_ASM1382990v1,CP057379.1,43019,plasmid
GCA_013830785.1_ASM1383078v1,CP057396.1,5130725,chromosome
GCA_013830785.1_ASM1383078v1,CP057397.1,243494,plasmid
GCA_013830785.1_ASM1383078v1,CP057398.1,165151,plasmid
GCA_013830785.1_ASM1383078v1,CP057399.1,110894,plasmid
GCA_013830785.1_ASM1383078v1,CP057400.1,97590,plasmid
GCA_013830785.1_ASM1383078v1,CP057401.1,6888,plasmid
GCA_013832285.1_ASM1383228v1,CP057423.1,4945645,chromosome
GCA_013832285.1_ASM1383228v1,CP057424.1,112965,plasmid
GCA_013832285.1_ASM1383228v1,CP057425.1,6888,plasmid
GCA_013832285.1_ASM1383228v1,CP057426.1,6676,plasmid
GCA_013832285.1_ASM1383228v1,CP057427.1,4241,plasmid
GCA_013832285.1_ASM1383228v1,CP057428.1,1552,plasmid
GCA_013832525.1_ASM1383252v1,CP057432.1,4681216,chromosome
GCA_013832525.1_ASM1383252v1,CP057433.1,96190,plasmid
GCA_013832525.1_ASM1383252v1,CP057434.1,52356,plasmid
GCA_013832965.1_ASM1383296v1,CP057438.1,4722445,chromosome
GCA_013832965.1_ASM1383296v1,CP057439.1,96190,plasmid
GCA_013832965.1_ASM1383296v1,CP057440.1,52356,plasmid
GCA_013833985.1_ASM1383398v1,CP057453.1,4807288,chromosome
GCA_013833985.1_ASM1383398v1,CP057454.1,4315,plasmid
GCA_013834305.1_ASM1383430v1,CP057455.1,4955460,chromosome
GCA_013834305.1_ASM1383430v1,CP057456.1,95109,plasmid
GCA_013834305.1_ASM1383430v1,CP057457.1,6811,plasmid
GCA_013835585.1_ASM1383558v1,CP057473.1,5253821,chromosome
GCA_013835585.1_ASM1383558v1,CP057474.1,83477,plasmid
GCA_013835785.1_ASM1383578v1,CP057475.1,4822841,chromosome
GCA_013835785.1_ASM1383578v1,CP057476.1,98711,plasmid
GCA_013835785.1_ASM1383578v1,CP057477.1,84397,plasmid
GCA_013835785.1_ASM1383578v1,CP057478.1,58013,plasmid
GCA_013837755.1_ASM1383775v1,CP057493.1,4907584,chromosome
GCA_013837755.1_ASM1383775v1,CP057494.1,144318,plasmid
GCA_013837755.1_ASM1383775v1,CP057495.1,6826,plasmid
GCA_013837755.1_ASM1383775v1,CP057496.1,6229,plasmid
GCA_013837755.1_ASM1383775v1,CP057497.1,5147,plasmid
GCA_013837755.1_ASM1383775v1,CP057498.1,2590,plasmid
GCA_013837755.1_ASM1383775v1,CP057499.1,1551,plasmid
GCA_013884735.1_ASM1388473v1,CP057523.1,4926309,chromosome
GCA_013884735.1_ASM1388473v1,CP057524.1,86339,plasmid
GCA_013884935.1_ASM1388493v1,CP057535.1,4859674,chromosome
GCA_013884935.1_ASM1388493v1,CP057536.1,109433,plasmid
GCA_013884935.1_ASM1388493v1,CP057537.1,6930,plasmid
GCA_013884935.1_ASM1388493v1,CP057538.1,4721,plasmid
GCA_013885155.1_ASM1388515v1,CP057539.1,4792619,chromosome
GCA_013885155.1_ASM1388515v1,CP057540.1,98678,plasmid
GCA_013885155.1_ASM1388515v1,CP057541.1,60884,plasmid
GCA_013885155.1_ASM1388515v1,CP057542.1,7198,plasmid
GCA_013885155.1_ASM1388515v1,CP057543.1,6230,plasmid
GCA_013885155.1_ASM1388515v1,CP057544.1,3257,plasmid
GCA_013885915.1_ASM1388591v1,CP057559.1,4757236,chromosome
GCA_013885915.1_ASM1388591v1,CP057560.1,109880,plasmid
GCA_013886475.1_ASM1388647v1,CP057570.1,4952851,chromosome
GCA_013886475.1_ASM1388647v1,CP057571.1,121488,plasmid
GCA_013886475.1_ASM1388647v1,CP057572.1,92191,plasmid
GCA_013886475.1_ASM1388647v1,CP057573.1,4671,plasmid
GCA_013886595.1_ASM1388659v1,CP057577.1,4873904,chromosome
GCA_013886595.1_ASM1388659v1,CP057578.1,78258,plasmid
GCA_013886595.1_ASM1388659v1,CP057579.1,32449,plasmid
GCA_013886735.1_ASM1388673v1,CP057580.1,4890728,chromosome
GCA_013886735.1_ASM1388673v1,CP057581.1,54794,plasmid
GCA_013888235.1_ASM1388823v1,CP057600.1,4789603,chromosome
GCA_013888235.1_ASM1388823v1,CP057601.1,63983,plasmid
GCA_013888235.1_ASM1388823v1,CP057602.1,3524,plasmid
GCA_013888615.1_ASM1388861v1,CP057605.1,4939653,chromosome
GCA_013888615.1_ASM1388861v1,CP057606.1,89809,plasmid
GCA_013888615.1_ASM1388861v1,CP057607.1,2719,plasmid
GCA_013889395.1_ASM1388939v1,CP057612.1,4939653,chromosome
GCA_013889395.1_ASM1388939v1,CP057613.1,89809,plasmid
GCA_013889395.1_ASM1388939v1,CP057614.1,2719,plasmid
GCA_013890395.1_ASM1389039v1,CP057621.1,5078610,chromosome
GCA_013890395.1_ASM1389039v1,CP057622.1,116595,plasmid
GCA_013890395.1_ASM1389039v1,CP057623.1,97938,plasmid
GCA_013890395.1_ASM1389039v1,CP057624.1,6647,plasmid
GCA_013890395.1_ASM1389039v1,CP057625.1,4671,plasmid
GCA_013890795.1_ASM1389079v1,CP057634.1,4650385,chromosome
GCA_013890795.1_ASM1389079v1,CP057635.1,109773,plasmid
GCA_013891215.1_ASM1389121v1,CP057638.1,4650387,chromosome
GCA_013891215.1_ASM1389121v1,CP057639.1,109773,plasmid
GCA_013892855.1_ASM1389285v1,CP057665.1,4959464,chromosome
GCA_013892855.1_ASM1389285v1,CP057666.1,130766,plasmid
GCA_013892855.1_ASM1389285v1,CP057667.1,6930,plasmid
GCA_013892855.1_ASM1389285v1,CP057668.1,6230,plasmid
GCA_013893255.1_ASM1389325v1,CP057673.1,5165894,chromosome
GCA_013893255.1_ASM1389325v1,CP057674.1,116753,plasmid
GCA_013893255.1_ASM1389325v1,CP057675.1,5686,plasmid
GCA_013893255.1_ASM1389325v1,CP057676.1,4073,plasmid
GCA_013893495.1_ASM1389349v1,CP057677.1,4832031,chromosome
GCA_013893495.1_ASM1389349v1,CP057678.1,143708,plasmid
GCA_013893495.1_ASM1389349v1,CP057679.1,6760,plasmid
GCA_013893495.1_ASM1389349v1,CP057680.1,2590,plasmid
GCA_013893695.1_ASM1389369v1,CP057684.1,4713481,chromosome
GCA_013893695.1_ASM1389369v1,CP057685.1,112153,plasmid
GCA_013895455.1_ASM1389545v1,CP057713.1,4697686,chromosome
GCA_013895455.1_ASM1389545v1,CP057714.1,221175,plasmid
GCA_013895455.1_ASM1389545v1,CP057715.1,76639,plasmid
GCA_013895455.1_ASM1389545v1,CP057716.1,69882,plasmid
GCA_013898135.1_ASM1389813v1,CP057778.1,4953251,chromosome
GCA_013898135.1_ASM1389813v1,CP057779.1,73457,plasmid
GCA_013898135.1_ASM1389813v1,CP057780.1,41696,plasmid
GCA_013898135.1_ASM1389813v1,CP057781.1,6930,plasmid
GCA_013898915.1_ASM1389891v1,CP057802.1,4898273,chromosome
GCA_013898915.1_ASM1389891v1,CP057803.1,48915,plasmid
GCA_013899075.1_ASM1389907v1,CP057831.1,4602008,chromosome
GCA_013899075.1_ASM1389907v1,CP057832.1,92366,plasmid
GCA_013899145.1_ASM1389914v1,CP057843.1,4859596,chromosome
GCA_013899145.1_ASM1389914v1,CP057844.1,131379,plasmid
GCA_013899145.1_ASM1389914v1,CP057845.1,95217,plasmid
GCA_013899145.1_ASM1389914v1,CP057846.1,91303,plasmid
GCA_013899145.1_ASM1389914v1,CP057847.1,6668,plasmid
GCA_013899145.1_ASM1389914v1,CP057848.1,6230,plasmid
GCA_013899165.1_ASM1389916v1,CP057839.1,4817954,chromosome
GCA_013899165.1_ASM1389916v1,CP057840.1,104712,plasmid
GCA_013899185.1_ASM1389918v1,CP057841.1,4817954,chromosome
GCA_013899185.1_ASM1389918v1,CP057842.1,104712,plasmid
GCA_013899265.1_ASM1389926v1,CP057860.1,4616178,chromosome
GCA_013899525.1_ASM1389952v1,CP057878.1,4843889,chromosome
GCA_013899605.1_ASM1389960v1,CP057885.1,4987156,chromosome
GCA_013899605.1_ASM1389960v1,CP057886.1,104067,plasmid
GCA_013899605.1_ASM1389960v1,CP057887.1,4671,plasmid
GCA_013899705.1_ASM1389970v1,CP057900.1,5037985,chromosome
GCA_013899725.1_ASM1389972v1,CP057901.1,4986153,chromosome
GCA_013899725.1_ASM1389972v1,CP057902.1,195368,plasmid
GCA_013899725.1_ASM1389972v1,CP057903.1,63800,plasmid
GCA_013899725.1_ASM1389972v1,CP057904.1,32598,plasmid
GCA_013899745.1_ASM1389974v1,CP057905.1,5037981,chromosome
GCA_013899825.1_ASM1389982v1,CP057916.1,5138147,chromosome
GCA_013899825.1_ASM1389982v1,CP057917.1,99864,plasmid
GCA_013899985.1_ASM1389998v1,CP057946.1,4861249,chromosome
GCA_013899985.1_ASM1389998v1,CP057947.1,102634,plasmid
GCA_013899985.1_ASM1389998v1,CP057948.1,58530,plasmid
GCA_013899985.1_ASM1389998v1,CP057949.1,4924,plasmid
GCA_013899985.1_ASM1389998v1,CP057950.1,4612,plasmid
GCA_013900005.1_ASM1390000v1,CP057942.1,4961185,chromosome
GCA_013900005.1_ASM1390000v1,CP057943.1,145571,plasmid
GCA_013900005.1_ASM1390000v1,CP057944.1,92742,plasmid
GCA_013900005.1_ASM1390000v1,CP057945.1,4612,plasmid
GCA_013900025.1_ASM1390002v1,CP057951.1,5122426,chromosome
GCA_013900025.1_ASM1390002v1,CP057952.1,156576,plasmid
GCA_013900205.1_ASM1390020v1,CP057970.1,5000573,chromosome
GCA_013900205.1_ASM1390020v1,CP057971.1,140458,plasmid
GCA_013900205.1_ASM1390020v1,CP057972.1,110406,plasmid
GCA_013900245.1_ASM1390024v1,CP057975.1,5172297,chromosome
GCA_013900245.1_ASM1390024v1,CP057976.1,93585,plasmid
GCA_013900245.1_ASM1390024v1,CP057977.1,90123,plasmid
GCA_013922765.1_ASM1392276v1,CP058019.1,4840589,chromosome
GCA_013922765.1_ASM1392276v1,CP058020.1,143696,plasmid
GCA_013922765.1_ASM1392276v1,CP058021.1,95289,plasmid
GCA_013922765.1_ASM1392276v1,CP058022.1,8873,plasmid
GCA_013923405.1_ASM1392340v1,CP058070.1,4835121,chromosome
GCA_013923405.1_ASM1392340v1,CP058071.1,116772,plasmid
GCA_013996855.1_ASM1399685v1,CP058031.1,4662184,chromosome
GCA_013996855.1_ASM1399685v1,CP058032.1,120225,plasmid
GCA_013996855.1_ASM1399685v1,CP058033.1,6768,plasmid
GCA_013996855.1_ASM1399685v1,CP058034.1,4664,plasmid
GCA_013996855.1_ASM1399685v1,CP058035.1,2460,plasmid
GCA_014058445.1_ASM1405844v1,CP058682.1,5705580,chromosome
GCA_014058445.1_ASM1405844v1,CP058683.1,92578,plasmid
GCA_014058445.1_ASM1405844v1,CP058684.1,89589,plasmid
GCA_014058445.1_ASM1405844v1,CP058685.1,34196,plasmid
GCA_014058445.1_ASM1405844v1,CP058686.1,6715,plasmid
GCA_014058445.1_ASM1405844v1,CP058687.1,4742,plasmid
GCA_014058445.1_ASM1405844v1,CP058688.1,2784,plasmid
GCA_014108885.1_ASM1410888v1,CP057994.1,5303471,chromosome
GCA_014108945.1_ASM1410894v1,CP058014.1,4832699,chromosome
GCA_014108945.1_ASM1410894v1,CP058015.1,100878,plasmid
GCA_014108945.1_ASM1410894v1,CP058016.1,96304,plasmid
GCA_014108945.1_ASM1410894v1,CP058017.1,35166,plasmid
GCA_014108945.1_ASM1410894v1,CP058018.1,3081,plasmid
GCA_014109005.1_ASM1410900v1,CP058046.1,4480850,chromosome
GCA_014109005.1_ASM1410900v1,CP058047.1,50161,plasmid
GCA_014109005.1_ASM1410900v1,CP058048.1,44007,plasmid
GCA_014109005.1_ASM1410900v1,CP058049.1,8136,plasmid
GCA_014109005.1_ASM1410900v1,CP058050.1,2460,plasmid
GCA_014109005.1_ASM1410900v1,CP058051.1,1552,plasmid
GCA_014109025.1_ASM1410902v1,CP058052.1,4481625,chromosome
GCA_014109025.1_ASM1410902v1,CP058053.1,50161,plasmid
GCA_014109025.1_ASM1410902v1,CP058054.1,44007,plasmid
GCA_014109025.1_ASM1410902v1,CP058055.1,8136,plasmid
GCA_014109025.1_ASM1410902v1,CP058056.1,2460,plasmid
GCA_014109065.1_ASM1410906v1,CP058074.1,4836715,chromosome
GCA_014109065.1_ASM1410906v1,CP058075.1,113309,plasmid
GCA_014109085.1_ASM1410908v1,CP058072.1,4836991,chromosome
GCA_014109085.1_ASM1410908v1,CP058073.1,116772,plasmid
GCA_014109105.1_ASM1410910v1,CP058076.1,4837731,chromosome
GCA_014109105.1_ASM1410910v1,CP058077.1,116772,plasmid
GCA_014109125.1_ASM1410912v1,CP058078.1,4837018,chromosome
GCA_014109125.1_ASM1410912v1,CP058079.1,116772,plasmid
GCA_014109625.1_ASM1410962v1,CP058090.1,5127691,chromosome
GCA_014109625.1_ASM1410962v1,CP058091.1,90645,plasmid
GCA_014109625.1_ASM1410962v1,CP058092.1,74290,plasmid
GCA_014109665.1_ASM1410966v1,CP058104.1,4843636,chromosome
GCA_014109665.1_ASM1410966v1,CP058105.1,143511,plasmid
GCA_014109665.1_ASM1410966v1,CP058106.1,6230,plasmid
GCA_014109665.1_ASM1410966v1,CP058107.1,5682,plasmid
GCA_014109665.1_ASM1410966v1,CP058108.1,5569,plasmid
GCA_014109665.1_ASM1410966v1,CP058109.1,2590,plasmid
GCA_014109665.1_ASM1410966v1,CP058110.1,1551,plasmid
GCA_014109665.1_ASM1410966v1,CP058111.1,1306,plasmid
GCA_014117345.1_ASM1411734v1,CP059840.1,4943955,chromosome
GCA_014117345.1_ASM1411734v1,CP059842.1,5218,plasmid
GCA_014117345.1_ASM1411734v1,CP059841.1,96603,plasmid
GCA_014131475.1_ASM1413147v1,CP048606.1,5317156,chromosome
GCA_014131495.1_ASM1413149v1,CP048853.1,5076139,chromosome
GCA_014131495.1_ASM1413149v1,CP048854.1,123784,plasmid
GCA_014131515.1_ASM1413151v1,CP048855.1,4995716,chromosome
GCA_014131515.1_ASM1413151v1,CP048856.1,70473,plasmid
GCA_014131535.1_ASM1413153v1,CP048857.1,5201875,chromosome
GCA_014131535.1_ASM1413153v1,CP048858.1,113819,plasmid
GCA_014131535.1_ASM1413153v1,CP048859.1,5219,plasmid
GCA_014131555.1_ASM1413155v1,CP048860.1,5108743,chromosome
GCA_014131555.1_ASM1413155v1,CP048861.1,124387,plasmid
GCA_014131555.1_ASM1413155v1,CP048862.1,1546,plasmid
GCA_014131575.1_ASM1413157v1,CP048863.1,5418064,chromosome
GCA_014131575.1_ASM1413157v1,CP048864.1,4593,plasmid
GCA_014131595.1_ASM1413159v1,CP048865.1,5057484,chromosome
GCA_014131595.1_ASM1413159v1,CP048866.1,137220,plasmid
GCA_014131615.1_ASM1413161v1,CP048867.1,5192390,chromosome
GCA_014131615.1_ASM1413161v1,CP048868.1,179302,plasmid
GCA_014131615.1_ASM1413161v1,CP048869.1,65184,plasmid
GCA_014131635.1_ASM1413163v1,CP048870.1,5079260,chromosome
GCA_014131635.1_ASM1413163v1,CP048871.1,120607,plasmid
GCA_014131635.1_ASM1413163v1,CP048872.1,5153,plasmid
GCA_014131655.1_ASM1413165v1,CP048873.1,5120824,chromosome
GCA_014131655.1_ASM1413165v1,CP048874.1,5163,plasmid
GCA_014168595.1_ASM1416859v1,AP021914.1,4761939,chromosome
GCA_014168595.1_ASM1416859v1,AP021915.1,158754,plasmid
GCA_014168595.1_ASM1416859v1,AP021916.1,87852,plasmid
GCA_014168675.1_ASM1416867v1,AP021933.1,4928821,chromosome
GCA_014168675.1_ASM1416867v1,AP021934.1,105973,plasmid
GCA_014168735.1_ASM1416873v1,AP021944.1,4771018,chromosome
GCA_014168735.1_ASM1416873v1,AP021945.1,103781,plasmid
GCA_014168755.1_ASM1416875v1,AP021946.1,5130684,chromosome
GCA_014168755.1_ASM1416875v1,AP021947.1,210712,plasmid
GCA_014168755.1_ASM1416875v1,AP021948.1,91630,plasmid
GCA_014168755.1_ASM1416875v1,AP021949.1,4073,plasmid
GCA_014168835.1_ASM1416883v1,AP021998.1,5016643,chromosome
GCA_014168835.1_ASM1416883v1,AP021999.1,105864,plasmid
GCA_014168835.1_ASM1416883v1,AP022000.1,6669,plasmid
GCA_014168835.1_ASM1416883v1,AP022001.1,5167,plasmid
GCA_014168835.1_ASM1416883v1,AP022002.1,4087,plasmid
GCA_014168855.1_ASM1416885v1,AP022003.1,5235350,chromosome
GCA_014168855.1_ASM1416885v1,AP022004.1,131334,plasmid
GCA_014168935.1_ASM1416893v1,AP022030.1,4605707,chromosome
GCA_014168935.1_ASM1416893v1,AP022031.1,76037,plasmid
GCA_014168955.1_ASM1416895v1,AP022032.1,4949344,chromosome
GCA_014168955.1_ASM1416895v1,AP022033.1,105867,plasmid
GCA_014168955.1_ASM1416895v1,AP022034.1,5167,plasmid
GCA_014168955.1_ASM1416895v1,AP022035.1,4087,plasmid
GCA_014168975.1_ASM1416897v1,AP022036.1,4769110,chromosome
GCA_014168975.1_ASM1416897v1,AP022037.1,88528,plasmid
GCA_014169015.1_ASM1416901v1,AP022044.1,5040845,chromosome
GCA_014169015.1_ASM1416901v1,AP022045.1,148598,plasmid
GCA_014169015.1_ASM1416901v1,AP022046.1,5210,plasmid
GCA_014169015.1_ASM1416901v1,AP022047.1,5167,plasmid
GCA_014169015.1_ASM1416901v1,AP022048.1,3372,plasmid
GCA_014169095.1_ASM1416909v1,AP022064.1,4972339,chromosome
GCA_014169095.1_ASM1416909v1,AP022065.1,134864,plasmid
GCA_014169095.1_ASM1416909v1,AP022066.1,95805,plasmid
GCA_014169095.1_ASM1416909v1,AP022067.1,5167,plasmid
GCA_014169095.1_ASM1416909v1,AP022068.1,4087,plasmid
GCA_014169115.1_ASM1416911v1,AP022069.1,5289055,chromosome
GCA_014169115.1_ASM1416911v1,AP022070.1,117617,plasmid
GCA_014169115.1_ASM1416911v1,AP022071.1,84553,plasmid
GCA_014169115.1_ASM1416911v1,AP022072.1,77891,plasmid
GCA_014169115.1_ASM1416911v1,AP022073.1,5219,plasmid
GCA_014169115.1_ASM1416911v1,AP022074.1,5167,plasmid
GCA_014169115.1_ASM1416911v1,AP022075.1,3272,plasmid
GCA_014169115.1_ASM1416911v1,AP022076.1,2100,plasmid
GCA_014169155.1_ASM1416915v1,AP022095.1,4920533,chromosome
GCA_014169155.1_ASM1416915v1,AP022096.1,158292,plasmid
GCA_014169155.1_ASM1416915v1,AP022097.1,93398,plasmid
GCA_014169175.1_ASM1416917v1,AP022098.1,5142974,chromosome
GCA_014169175.1_ASM1416917v1,AP022099.1,5344,plasmid
GCA_014169175.1_ASM1416917v1,AP022100.1,5167,plasmid
GCA_014169175.1_ASM1416917v1,AP022101.1,4063,plasmid
GCA_014169175.1_ASM1416917v1,AP022102.1,3855,plasmid
GCA_014169175.1_ASM1416917v1,AP022103.1,2188,plasmid
GCA_014169175.1_ASM1416917v1,AP022104.1,2088,plasmid
GCA_014169195.1_ASM1416919v1,AP022105.1,4885790,chromosome
GCA_014169195.1_ASM1416919v1,AP022106.1,130869,plasmid
GCA_014169275.1_ASM1416927v1,AP022120.1,4793088,chromosome
GCA_014169275.1_ASM1416927v1,AP022121.1,158291,plasmid
GCA_014169275.1_ASM1416927v1,AP022122.1,89476,plasmid
GCA_014169275.1_ASM1416927v1,AP022123.1,7233,plasmid
GCA_014169275.1_ASM1416927v1,AP022124.1,4062,plasmid
GCA_014169275.1_ASM1416927v1,AP022125.1,2997,plasmid
GCA_014169395.1_ASM1416939v1,AP022159.1,5092774,chromosome
GCA_014169395.1_ASM1416939v1,AP022160.1,94990,plasmid
GCA_014169415.1_ASM1416941v1,AP022161.1,5189151,chromosome
GCA_014169415.1_ASM1416941v1,AP022162.1,147186,plasmid
GCA_014169415.1_ASM1416941v1,AP022163.1,97833,plasmid
GCA_014169415.1_ASM1416941v1,AP022164.1,47454,plasmid
GCA_014169415.1_ASM1416941v1,AP022165.1,6647,plasmid
GCA_014169415.1_ASM1416941v1,AP022166.1,5277,plasmid
GCA_014169415.1_ASM1416941v1,AP022167.1,5167,plasmid
GCA_014169415.1_ASM1416941v1,AP022168.1,4082,plasmid
GCA_014169415.1_ASM1416941v1,AP022169.1,4062,plasmid
GCA_014169415.1_ASM1416941v1,AP022170.1,2088,plasmid
GCA_014169435.1_ASM1416943v1,AP022171.1,5066983,chromosome
GCA_014169435.1_ASM1416943v1,AP022172.1,187669,plasmid
GCA_014169455.1_ASM1416945v1,AP022173.1,5171886,chromosome
GCA_014169455.1_ASM1416945v1,AP022174.1,94776,plasmid
GCA_014169455.1_ASM1416945v1,AP022175.1,63140,plasmid
GCA_014169455.1_ASM1416945v1,AP022176.1,4072,plasmid
GCA_014169475.1_ASM1416947v1,AP022177.1,4733200,chromosome
GCA_014169475.1_ASM1416947v1,AP022178.1,123262,plasmid
GCA_014169475.1_ASM1416947v1,AP022179.1,94173,plasmid
GCA_014169475.1_ASM1416947v1,AP022180.1,5166,plasmid
GCA_014169475.1_ASM1416947v1,AP022181.1,4491,plasmid
GCA_014169475.1_ASM1416947v1,AP022182.1,4074,plasmid
GCA_014169575.1_ASM1416957v1,AP022207.1,5205472,chromosome
GCA_014169575.1_ASM1416957v1,AP022208.1,214586,plasmid
GCA_014169575.1_ASM1416957v1,AP022209.1,5163,plasmid
GCA_014169575.1_ASM1416957v1,AP022210.1,4073,plasmid
GCA_014169575.1_ASM1416957v1,AP022211.1,4073,plasmid
GCA_014169575.1_ASM1416957v1,AP022212.1,2089,plasmid
GCA_014169595.1_ASM1416959v1,AP022215.1,4814091,chromosome
GCA_014169595.1_ASM1416959v1,AP022216.1,97682,plasmid
GCA_014169595.1_ASM1416959v1,AP022217.1,92332,plasmid
GCA_014169595.1_ASM1416959v1,AP022218.1,53216,plasmid
GCA_014169595.1_ASM1416959v1,AP022219.1,4086,plasmid
GCA_014169595.1_ASM1416959v1,AP022220.1,4027,plasmid
GCA_014169615.1_ASM1416961v1,AP022222.1,4978079,chromosome
GCA_014169615.1_ASM1416961v1,AP022223.1,139020,plasmid
GCA_014169615.1_ASM1416961v1,AP022224.1,87171,plasmid
GCA_014169615.1_ASM1416961v1,AP022225.1,70764,plasmid
GCA_014169615.1_ASM1416961v1,AP022226.1,5631,plasmid
GCA_014169695.1_ASM1416969v1,AP022245.1,4693292,chromosome
GCA_014169695.1_ASM1416969v1,AP022246.1,145389,plasmid
GCA_014169695.1_ASM1416969v1,AP022247.1,75556,plasmid
GCA_014169695.1_ASM1416969v1,AP022248.1,49365,plasmid
GCA_014169695.1_ASM1416969v1,AP022249.1,46158,plasmid
GCA_014169695.1_ASM1416969v1,AP022250.1,3274,plasmid
GCA_014169695.1_ASM1416969v1,AP022251.1,3067,plasmid
GCA_014169775.1_ASM1416977v1,AP022261.1,4907327,chromosome
GCA_014169775.1_ASM1416977v1,AP022262.1,126588,plasmid
GCA_014169775.1_ASM1416977v1,AP022263.1,91233,plasmid
GCA_014169855.1_ASM1416985v1,AP022287.1,5232187,chromosome
GCA_014169855.1_ASM1416985v1,AP022288.1,127169,plasmid
GCA_014169855.1_ASM1416985v1,AP022289.1,82448,plasmid
GCA_014169895.1_ASM1416989v1,AP022295.1,4665448,chromosome
GCA_014169895.1_ASM1416989v1,AP022296.1,105884,plasmid
GCA_014169895.1_ASM1416989v1,AP022297.1,3372,plasmid
GCA_014169915.1_ASM1416991v1,AP022298.1,5121071,chromosome
GCA_014169915.1_ASM1416991v1,AP022299.1,123266,plasmid
GCA_014169915.1_ASM1416991v1,AP022300.1,83140,plasmid
GCA_014169915.1_ASM1416991v1,AP022301.1,7936,plasmid
GCA_014169995.1_ASM1416999v1,CP054282.1,4702170,chromosome
GCA_014169995.1_ASM1416999v1,CP054284.1,34051,plasmid
GCA_014169995.1_ASM1416999v1,CP054283.1,43621,plasmid
GCA_014170595.1_ASM1417059v1,CP059904.1,5073668,chromosome
GCA_014170595.1_ASM1417059v1,CP059905.1,141692,plasmid
GCA_014170595.1_ASM1417059v1,CP059906.1,110468,plasmid
GCA_014170615.1_ASM1417061v1,CP059907.1,5109016,chromosome
GCA_014170615.1_ASM1417061v1,CP059908.1,193291,plasmid
GCA_014170615.1_ASM1417061v1,CP059909.1,111912,plasmid
GCA_014170615.1_ASM1417061v1,CP059910.1,99361,plasmid
GCA_014170615.1_ASM1417061v1,CP059911.1,3245,plasmid
GCA_014170615.1_ASM1417061v1,CP059912.1,1079,plasmid
GCA_014170675.1_ASM1417067v1,CP059917.1,5145105,chromosome
GCA_014170675.1_ASM1417067v1,CP059918.1,214538,plasmid
GCA_014170675.1_ASM1417067v1,CP059919.1,122123,plasmid
GCA_014170675.1_ASM1417067v1,CP059920.1,3140,plasmid
GCA_014170675.1_ASM1417067v1,CP059921.1,2096,plasmid
GCA_014170695.1_ASM1417069v1,CP059922.1,5067779,chromosome
GCA_014170695.1_ASM1417069v1,CP059923.1,133421,plasmid
GCA_014170695.1_ASM1417069v1,CP059924.1,107524,plasmid
GCA_014170975.1_ASM1417097v1,CP059947.1,4883081,chromosome
GCA_014170975.1_ASM1417097v1,CP059948.1,138915,plasmid
GCA_014170975.1_ASM1417097v1,CP059949.1,37662,plasmid
GCA_014170975.1_ASM1417097v1,CP059950.1,6652,plasmid
GCA_014170975.1_ASM1417097v1,CP059951.1,5631,plasmid
GCA_014170975.1_ASM1417097v1,CP059952.1,1506,plasmid
GCA_014171015.1_ASM1417101v1,AP022087.1,4996252,chromosome
GCA_014171015.1_ASM1417101v1,AP022088.1,183772,plasmid
GCA_014171015.1_ASM1417101v1,AP022089.1,110167,plasmid
GCA_014171015.1_ASM1417101v1,AP022090.1,80029,plasmid
GCA_014171015.1_ASM1417101v1,AP022091.1,74261,plasmid
GCA_014171015.1_ASM1417101v1,AP022092.1,6796,plasmid
GCA_014171015.1_ASM1417101v1,AP022093.1,5344,plasmid
GCA_014171015.1_ASM1417101v1,AP022094.1,3137,plasmid
